d_week_seq1|r1|r2|r3|r4|r5|r6|round((sat_sales1 / sat_sales2), 2)
5270|3.42|1.76|1.93|1.64|3.38|3.41|3.54
5270|3.42|1.76|1.93|1.64|3.38|3.41|3.54
5270|3.42|1.76|1.93|1.64|3.38|3.41|3.54
5270|3.42|1.76|1.93|1.64|3.38|3.41|3.54
5270|3.42|1.76|1.93|1.64|3.38|3.41|3.54
5270|3.42|1.76|1.93|1.64|3.38|3.41|3.54
5270|3.42|1.76|1.93|1.64|3.38|3.41|3.54
5271|1.03|0.96|0.99|1.03|1.06|0.99|0.96
5271|1.03|0.96|0.99|1.03|1.06|0.99|0.96
5271|1.03|0.96|0.99|1.03|1.06|0.99|0.96
5271|1.03|0.96|0.99|1.03|1.06|0.99|0.96
5271|1.03|0.96|0.99|1.03|1.06|0.99|0.96
5271|1.03|0.96|0.99|1.03|1.06|0.99|0.96
5271|1.03|0.96|0.99|1.03|1.06|0.99|0.96
5271|1.03|0.96|0.99|1.03|1.06|0.99|0.96
5271|1.03|0.96|0.99|1.03|1.06|0.99|0.96
5271|1.03|0.96|0.99|1.03|1.06|0.99|0.96
5271|1.03|0.96|0.99|1.03|1.06|0.99|0.96
5271|1.03|0.96|0.99|1.03|1.06|0.99|0.96
5271|1.03|0.96|0.99|1.03|1.06|0.99|0.96
5271|1.03|0.96|0.99|1.03|1.06|0.99|0.96
5271|1.03|0.96|0.99|1.03|1.06|0.99|0.96
5271|1.03|0.96|0.99|1.03|1.06|0.99|0.96
5271|1.03|0.96|0.99|1.03|1.06|0.99|0.96
5271|1.03|0.96|0.99|1.03|1.06|0.99|0.96
5271|1.03|0.96|0.99|1.03|1.06|0.99|0.96
5271|1.03|0.96|0.99|1.03|1.06|0.99|0.96
5271|1.03|0.96|0.99|1.03|1.06|0.99|0.96
5271|1.03|0.96|0.99|1.03|1.06|0.99|0.96
5271|1.03|0.96|0.99|1.03|1.06|0.99|0.96
5271|1.03|0.96|0.99|1.03|1.06|0.99|0.96
5271|1.03|0.96|0.99|1.03|1.06|0.99|0.96
5271|1.03|0.96|0.99|1.03|1.06|0.99|0.96
5271|1.03|0.96|0.99|1.03|1.06|0.99|0.96
5271|1.03|0.96|0.99|1.03|1.06|0.99|0.96
5271|1.03|0.96|0.99|1.03|1.06|0.99|0.96
5271|1.03|0.96|0.99|1.03|1.06|0.99|0.96
5271|1.03|0.96|0.99|1.03|1.06|0.99|0.96
5271|1.03|0.96|0.99|1.03|1.06|0.99|0.96
5271|1.03|0.96|0.99|1.03|1.06|0.99|0.96
5271|1.03|0.96|0.99|1.03|1.06|0.99|0.96
5271|1.03|0.96|0.99|1.03|1.06|0.99|0.96
5271|1.03|0.96|0.99|1.03|1.06|0.99|0.96
5271|1.03|0.96|0.99|1.03|1.06|0.99|0.96
5271|1.03|0.96|0.99|1.03|1.06|0.99|0.96
5271|1.03|0.96|0.99|1.03|1.06|0.99|0.96
5271|1.03|0.96|0.99|1.03|1.06|0.99|0.96
5271|1.03|0.96|0.99|1.03|1.06|0.99|0.96
5271|1.03|0.96|0.99|1.03|1.06|0.99|0.96
5271|1.03|0.96|0.99|1.03|1.06|0.99|0.96
5271|1.03|0.96|0.99|1.03|1.06|0.99|0.96
5271|1.03|0.96|0.99|1.03|1.06|0.99|0.96
5271|1.03|0.96|0.99|1.03|1.06|0.99|0.96
5271|1.03|0.96|0.99|1.03|1.06|0.99|0.96
5271|1.03|0.96|0.99|1.03|1.06|0.99|0.96
5271|1.03|0.96|0.99|1.03|1.06|0.99|0.96
5272|0.96|0.95|0.96|0.97|1.12|1.0|0.99
5272|0.96|0.95|0.96|0.97|1.12|1.0|0.99
5272|0.96|0.95|0.96|0.97|1.12|1.0|0.99
5272|0.96|0.95|0.96|0.97|1.12|1.0|0.99
5272|0.96|0.95|0.96|0.97|1.12|1.0|0.99
5272|0.96|0.95|0.96|0.97|1.12|1.0|0.99
5272|0.96|0.95|0.96|0.97|1.12|1.0|0.99
5272|0.96|0.95|0.96|0.97|1.12|1.0|0.99
5272|0.96|0.95|0.96|0.97|1.12|1.0|0.99
5272|0.96|0.95|0.96|0.97|1.12|1.0|0.99
5272|0.96|0.95|0.96|0.97|1.12|1.0|0.99
5272|0.96|0.95|0.96|0.97|1.12|1.0|0.99
5272|0.96|0.95|0.96|0.97|1.12|1.0|0.99
5272|0.96|0.95|0.96|0.97|1.12|1.0|0.99
5272|0.96|0.95|0.96|0.97|1.12|1.0|0.99
5272|0.96|0.95|0.96|0.97|1.12|1.0|0.99
5272|0.96|0.95|0.96|0.97|1.12|1.0|0.99
5272|0.96|0.95|0.96|0.97|1.12|1.0|0.99
5272|0.96|0.95|0.96|0.97|1.12|1.0|0.99
5272|0.96|0.95|0.96|0.97|1.12|1.0|0.99
5272|0.96|0.95|0.96|0.97|1.12|1.0|0.99
5272|0.96|0.95|0.96|0.97|1.12|1.0|0.99
5272|0.96|0.95|0.96|0.97|1.12|1.0|0.99
5272|0.96|0.95|0.96|0.97|1.12|1.0|0.99
5272|0.96|0.95|0.96|0.97|1.12|1.0|0.99
5272|0.96|0.95|0.96|0.97|1.12|1.0|0.99
5272|0.96|0.95|0.96|0.97|1.12|1.0|0.99
5272|0.96|0.95|0.96|0.97|1.12|1.0|0.99
5272|0.96|0.95|0.96|0.97|1.12|1.0|0.99
5272|0.96|0.95|0.96|0.97|1.12|1.0|0.99
5272|0.96|0.95|0.96|0.97|1.12|1.0|0.99
5272|0.96|0.95|0.96|0.97|1.12|1.0|0.99
5272|0.96|0.95|0.96|0.97|1.12|1.0|0.99
5272|0.96|0.95|0.96|0.97|1.12|1.0|0.99
5272|0.96|0.95|0.96|0.97|1.12|1.0|0.99
5272|0.96|0.95|0.96|0.97|1.12|1.0|0.99
5272|0.96|0.95|0.96|0.97|1.12|1.0|0.99
5272|0.96|0.95|0.96|0.97|1.12|1.0|0.99
5272|0.96|0.95|0.96|0.97|1.12|1.0|0.99
5272|0.96|0.95|0.96|0.97|1.12|1.0|0.99
5272|0.96|0.95|0.96|0.97|1.12|1.0|0.99
5272|0.96|0.95|0.96|0.97|1.12|1.0|0.99
5272|0.96|0.95|0.96|0.97|1.12|1.0|0.99
5272|0.96|0.95|0.96|0.97|1.12|1.0|0.99
5272|0.96|0.95|0.96|0.97|1.12|1.0|0.99
5272|0.96|0.95|0.96|0.97|1.12|1.0|0.99
5272|0.96|0.95|0.96|0.97|1.12|1.0|0.99
5272|0.96|0.95|0.96|0.97|1.12|1.0|0.99
5272|0.96|0.95|0.96|0.97|1.12|1.0|0.99
5273|0.99|1.02|1.0|1.06|0.92|0.92|1.06
5273|0.99|1.02|1.0|1.06|0.92|0.92|1.06
5273|0.99|1.02|1.0|1.06|0.92|0.92|1.06
5273|0.99|1.02|1.0|1.06|0.92|0.92|1.06
5273|0.99|1.02|1.0|1.06|0.92|0.92|1.06
5273|0.99|1.02|1.0|1.06|0.92|0.92|1.06
5273|0.99|1.02|1.0|1.06|0.92|0.92|1.06
5273|0.99|1.02|1.0|1.06|0.92|0.92|1.06
5273|0.99|1.02|1.0|1.06|0.92|0.92|1.06
5273|0.99|1.02|1.0|1.06|0.92|0.92|1.06
5273|0.99|1.02|1.0|1.06|0.92|0.92|1.06
5273|0.99|1.02|1.0|1.06|0.92|0.92|1.06
5273|0.99|1.02|1.0|1.06|0.92|0.92|1.06
5273|0.99|1.02|1.0|1.06|0.92|0.92|1.06
5273|0.99|1.02|1.0|1.06|0.92|0.92|1.06
5273|0.99|1.02|1.0|1.06|0.92|0.92|1.06
5273|0.99|1.02|1.0|1.06|0.92|0.92|1.06
5273|0.99|1.02|1.0|1.06|0.92|0.92|1.06
5273|0.99|1.02|1.0|1.06|0.92|0.92|1.06
5273|0.99|1.02|1.0|1.06|0.92|0.92|1.06
5273|0.99|1.02|1.0|1.06|0.92|0.92|1.06
5273|0.99|1.02|1.0|1.06|0.92|0.92|1.06
5273|0.99|1.02|1.0|1.06|0.92|0.92|1.06
5273|0.99|1.02|1.0|1.06|0.92|0.92|1.06
5273|0.99|1.02|1.0|1.06|0.92|0.92|1.06
5273|0.99|1.02|1.0|1.06|0.92|0.92|1.06
5273|0.99|1.02|1.0|1.06|0.92|0.92|1.06
5273|0.99|1.02|1.0|1.06|0.92|0.92|1.06
5273|0.99|1.02|1.0|1.06|0.92|0.92|1.06
5273|0.99|1.02|1.0|1.06|0.92|0.92|1.06
5273|0.99|1.02|1.0|1.06|0.92|0.92|1.06
5273|0.99|1.02|1.0|1.06|0.92|0.92|1.06
5273|0.99|1.02|1.0|1.06|0.92|0.92|1.06
5273|0.99|1.02|1.0|1.06|0.92|0.92|1.06
5273|0.99|1.02|1.0|1.06|0.92|0.92|1.06
5273|0.99|1.02|1.0|1.06|0.92|0.92|1.06
5273|0.99|1.02|1.0|1.06|0.92|0.92|1.06
5273|0.99|1.02|1.0|1.06|0.92|0.92|1.06
5273|0.99|1.02|1.0|1.06|0.92|0.92|1.06
5273|0.99|1.02|1.0|1.06|0.92|0.92|1.06
5273|0.99|1.02|1.0|1.06|0.92|0.92|1.06
5273|0.99|1.02|1.0|1.06|0.92|0.92|1.06
5273|0.99|1.02|1.0|1.06|0.92|0.92|1.06
5273|0.99|1.02|1.0|1.06|0.92|0.92|1.06
5273|0.99|1.02|1.0|1.06|0.92|0.92|1.06
5273|0.99|1.02|1.0|1.06|0.92|0.92|1.06
5273|0.99|1.02|1.0|1.06|0.92|0.92|1.06
5273|0.99|1.02|1.0|1.06|0.92|0.92|1.06
5273|0.99|1.02|1.0|1.06|0.92|0.92|1.06
5274|1.03|1.0|0.91|0.95|1.0|1.04|0.93
5274|1.03|1.0|0.91|0.95|1.0|1.04|0.93
5274|1.03|1.0|0.91|0.95|1.0|1.04|0.93
5274|1.03|1.0|0.91|0.95|1.0|1.04|0.93
5274|1.03|1.0|0.91|0.95|1.0|1.04|0.93
5274|1.03|1.0|0.91|0.95|1.0|1.04|0.93
5274|1.03|1.0|0.91|0.95|1.0|1.04|0.93
5274|1.03|1.0|0.91|0.95|1.0|1.04|0.93
5274|1.03|1.0|0.91|0.95|1.0|1.04|0.93
5274|1.03|1.0|0.91|0.95|1.0|1.04|0.93
5274|1.03|1.0|0.91|0.95|1.0|1.04|0.93
5274|1.03|1.0|0.91|0.95|1.0|1.04|0.93
5274|1.03|1.0|0.91|0.95|1.0|1.04|0.93
5274|1.03|1.0|0.91|0.95|1.0|1.04|0.93
5274|1.03|1.0|0.91|0.95|1.0|1.04|0.93
5274|1.03|1.0|0.91|0.95|1.0|1.04|0.93
5274|1.03|1.0|0.91|0.95|1.0|1.04|0.93
5274|1.03|1.0|0.91|0.95|1.0|1.04|0.93
5274|1.03|1.0|0.91|0.95|1.0|1.04|0.93
5274|1.03|1.0|0.91|0.95|1.0|1.04|0.93
5274|1.03|1.0|0.91|0.95|1.0|1.04|0.93
5274|1.03|1.0|0.91|0.95|1.0|1.04|0.93
5274|1.03|1.0|0.91|0.95|1.0|1.04|0.93
5274|1.03|1.0|0.91|0.95|1.0|1.04|0.93
5274|1.03|1.0|0.91|0.95|1.0|1.04|0.93
5274|1.03|1.0|0.91|0.95|1.0|1.04|0.93
5274|1.03|1.0|0.91|0.95|1.0|1.04|0.93
5274|1.03|1.0|0.91|0.95|1.0|1.04|0.93
5274|1.03|1.0|0.91|0.95|1.0|1.04|0.93
5274|1.03|1.0|0.91|0.95|1.0|1.04|0.93
5274|1.03|1.0|0.91|0.95|1.0|1.04|0.93
5274|1.03|1.0|0.91|0.95|1.0|1.04|0.93
5274|1.03|1.0|0.91|0.95|1.0|1.04|0.93
5274|1.03|1.0|0.91|0.95|1.0|1.04|0.93
5274|1.03|1.0|0.91|0.95|1.0|1.04|0.93
5274|1.03|1.0|0.91|0.95|1.0|1.04|0.93
5274|1.03|1.0|0.91|0.95|1.0|1.04|0.93
5274|1.03|1.0|0.91|0.95|1.0|1.04|0.93
5274|1.03|1.0|0.91|0.95|1.0|1.04|0.93
5274|1.03|1.0|0.91|0.95|1.0|1.04|0.93
5274|1.03|1.0|0.91|0.95|1.0|1.04|0.93
5274|1.03|1.0|0.91|0.95|1.0|1.04|0.93
5274|1.03|1.0|0.91|0.95|1.0|1.04|0.93
5274|1.03|1.0|0.91|0.95|1.0|1.04|0.93
5274|1.03|1.0|0.91|0.95|1.0|1.04|0.93
5274|1.03|1.0|0.91|0.95|1.0|1.04|0.93
5274|1.03|1.0|0.91|0.95|1.0|1.04|0.93
5274|1.03|1.0|0.91|0.95|1.0|1.04|0.93
5274|1.03|1.0|0.91|0.95|1.0|1.04|0.93
5275|1.01|0.96|1.0|0.97|0.96|1.05|0.92
5275|1.01|0.96|1.0|0.97|0.96|1.05|0.92
5275|1.01|0.96|1.0|0.97|0.96|1.05|0.92
5275|1.01|0.96|1.0|0.97|0.96|1.05|0.92
5275|1.01|0.96|1.0|0.97|0.96|1.05|0.92
5275|1.01|0.96|1.0|0.97|0.96|1.05|0.92
5275|1.01|0.96|1.0|0.97|0.96|1.05|0.92
5275|1.01|0.96|1.0|0.97|0.96|1.05|0.92
5275|1.01|0.96|1.0|0.97|0.96|1.05|0.92
5275|1.01|0.96|1.0|0.97|0.96|1.05|0.92
5275|1.01|0.96|1.0|0.97|0.96|1.05|0.92
5275|1.01|0.96|1.0|0.97|0.96|1.05|0.92
5275|1.01|0.96|1.0|0.97|0.96|1.05|0.92
5275|1.01|0.96|1.0|0.97|0.96|1.05|0.92
5275|1.01|0.96|1.0|0.97|0.96|1.05|0.92
5275|1.01|0.96|1.0|0.97|0.96|1.05|0.92
5275|1.01|0.96|1.0|0.97|0.96|1.05|0.92
5275|1.01|0.96|1.0|0.97|0.96|1.05|0.92
5275|1.01|0.96|1.0|0.97|0.96|1.05|0.92
5275|1.01|0.96|1.0|0.97|0.96|1.05|0.92
5275|1.01|0.96|1.0|0.97|0.96|1.05|0.92
5275|1.01|0.96|1.0|0.97|0.96|1.05|0.92
5275|1.01|0.96|1.0|0.97|0.96|1.05|0.92
5275|1.01|0.96|1.0|0.97|0.96|1.05|0.92
5275|1.01|0.96|1.0|0.97|0.96|1.05|0.92
5275|1.01|0.96|1.0|0.97|0.96|1.05|0.92
5275|1.01|0.96|1.0|0.97|0.96|1.05|0.92
5275|1.01|0.96|1.0|0.97|0.96|1.05|0.92
5275|1.01|0.96|1.0|0.97|0.96|1.05|0.92
5275|1.01|0.96|1.0|0.97|0.96|1.05|0.92
5275|1.01|0.96|1.0|0.97|0.96|1.05|0.92
5275|1.01|0.96|1.0|0.97|0.96|1.05|0.92
5275|1.01|0.96|1.0|0.97|0.96|1.05|0.92
5275|1.01|0.96|1.0|0.97|0.96|1.05|0.92
5275|1.01|0.96|1.0|0.97|0.96|1.05|0.92
5275|1.01|0.96|1.0|0.97|0.96|1.05|0.92
5275|1.01|0.96|1.0|0.97|0.96|1.05|0.92
5275|1.01|0.96|1.0|0.97|0.96|1.05|0.92
5275|1.01|0.96|1.0|0.97|0.96|1.05|0.92
5275|1.01|0.96|1.0|0.97|0.96|1.05|0.92
5275|1.01|0.96|1.0|0.97|0.96|1.05|0.92
5275|1.01|0.96|1.0|0.97|0.96|1.05|0.92
5275|1.01|0.96|1.0|0.97|0.96|1.05|0.92
5275|1.01|0.96|1.0|0.97|0.96|1.05|0.92
5275|1.01|0.96|1.0|0.97|0.96|1.05|0.92
5275|1.01|0.96|1.0|0.97|0.96|1.05|0.92
5275|1.01|0.96|1.0|0.97|0.96|1.05|0.92
5275|1.01|0.96|1.0|0.97|0.96|1.05|0.92
5275|1.01|0.96|1.0|0.97|0.96|1.05|0.92
5276|1.07|0.98|1.01|0.99|1.02|1.05|1.02
5276|1.07|0.98|1.01|0.99|1.02|1.05|1.02
5276|1.07|0.98|1.01|0.99|1.02|1.05|1.02
5276|1.07|0.98|1.01|0.99|1.02|1.05|1.02
5276|1.07|0.98|1.01|0.99|1.02|1.05|1.02
5276|1.07|0.98|1.01|0.99|1.02|1.05|1.02
5276|1.07|0.98|1.01|0.99|1.02|1.05|1.02
5276|1.07|0.98|1.01|0.99|1.02|1.05|1.02
5276|1.07|0.98|1.01|0.99|1.02|1.05|1.02
5276|1.07|0.98|1.01|0.99|1.02|1.05|1.02
5276|1.07|0.98|1.01|0.99|1.02|1.05|1.02
5276|1.07|0.98|1.01|0.99|1.02|1.05|1.02
5276|1.07|0.98|1.01|0.99|1.02|1.05|1.02
5276|1.07|0.98|1.01|0.99|1.02|1.05|1.02
5276|1.07|0.98|1.01|0.99|1.02|1.05|1.02
5276|1.07|0.98|1.01|0.99|1.02|1.05|1.02
5276|1.07|0.98|1.01|0.99|1.02|1.05|1.02
5276|1.07|0.98|1.01|0.99|1.02|1.05|1.02
5276|1.07|0.98|1.01|0.99|1.02|1.05|1.02
5276|1.07|0.98|1.01|0.99|1.02|1.05|1.02
5276|1.07|0.98|1.01|0.99|1.02|1.05|1.02
5276|1.07|0.98|1.01|0.99|1.02|1.05|1.02
5276|1.07|0.98|1.01|0.99|1.02|1.05|1.02
5276|1.07|0.98|1.01|0.99|1.02|1.05|1.02
5276|1.07|0.98|1.01|0.99|1.02|1.05|1.02
5276|1.07|0.98|1.01|0.99|1.02|1.05|1.02
5276|1.07|0.98|1.01|0.99|1.02|1.05|1.02
5276|1.07|0.98|1.01|0.99|1.02|1.05|1.02
5276|1.07|0.98|1.01|0.99|1.02|1.05|1.02
5276|1.07|0.98|1.01|0.99|1.02|1.05|1.02
5276|1.07|0.98|1.01|0.99|1.02|1.05|1.02
5276|1.07|0.98|1.01|0.99|1.02|1.05|1.02
5276|1.07|0.98|1.01|0.99|1.02|1.05|1.02
5276|1.07|0.98|1.01|0.99|1.02|1.05|1.02
5276|1.07|0.98|1.01|0.99|1.02|1.05|1.02
5276|1.07|0.98|1.01|0.99|1.02|1.05|1.02
5276|1.07|0.98|1.01|0.99|1.02|1.05|1.02
5276|1.07|0.98|1.01|0.99|1.02|1.05|1.02
5276|1.07|0.98|1.01|0.99|1.02|1.05|1.02
5276|1.07|0.98|1.01|0.99|1.02|1.05|1.02
5276|1.07|0.98|1.01|0.99|1.02|1.05|1.02
5276|1.07|0.98|1.01|0.99|1.02|1.05|1.02
5276|1.07|0.98|1.01|0.99|1.02|1.05|1.02
5276|1.07|0.98|1.01|0.99|1.02|1.05|1.02
5276|1.07|0.98|1.01|0.99|1.02|1.05|1.02
5276|1.07|0.98|1.01|0.99|1.02|1.05|1.02
5276|1.07|0.98|1.01|0.99|1.02|1.05|1.02
5276|1.07|0.98|1.01|0.99|1.02|1.05|1.02
5276|1.07|0.98|1.01|0.99|1.02|1.05|1.02
5277|0.96|1.03|1.05|0.99|1.01|1.03|1.02
5277|0.96|1.03|1.05|0.99|1.01|1.03|1.02
5277|0.96|1.03|1.05|0.99|1.01|1.03|1.02
5277|0.96|1.03|1.05|0.99|1.01|1.03|1.02
5277|0.96|1.03|1.05|0.99|1.01|1.03|1.02
5277|0.96|1.03|1.05|0.99|1.01|1.03|1.02
5277|0.96|1.03|1.05|0.99|1.01|1.03|1.02
5277|0.96|1.03|1.05|0.99|1.01|1.03|1.02
5277|0.96|1.03|1.05|0.99|1.01|1.03|1.02
5277|0.96|1.03|1.05|0.99|1.01|1.03|1.02
5277|0.96|1.03|1.05|0.99|1.01|1.03|1.02
5277|0.96|1.03|1.05|0.99|1.01|1.03|1.02
5277|0.96|1.03|1.05|0.99|1.01|1.03|1.02
5277|0.96|1.03|1.05|0.99|1.01|1.03|1.02
5277|0.96|1.03|1.05|0.99|1.01|1.03|1.02
5277|0.96|1.03|1.05|0.99|1.01|1.03|1.02
5277|0.96|1.03|1.05|0.99|1.01|1.03|1.02
5277|0.96|1.03|1.05|0.99|1.01|1.03|1.02
5277|0.96|1.03|1.05|0.99|1.01|1.03|1.02
5277|0.96|1.03|1.05|0.99|1.01|1.03|1.02
5277|0.96|1.03|1.05|0.99|1.01|1.03|1.02
5277|0.96|1.03|1.05|0.99|1.01|1.03|1.02
5277|0.96|1.03|1.05|0.99|1.01|1.03|1.02
5277|0.96|1.03|1.05|0.99|1.01|1.03|1.02
5277|0.96|1.03|1.05|0.99|1.01|1.03|1.02
5277|0.96|1.03|1.05|0.99|1.01|1.03|1.02
5277|0.96|1.03|1.05|0.99|1.01|1.03|1.02
5277|0.96|1.03|1.05|0.99|1.01|1.03|1.02
5277|0.96|1.03|1.05|0.99|1.01|1.03|1.02
5277|0.96|1.03|1.05|0.99|1.01|1.03|1.02
5277|0.96|1.03|1.05|0.99|1.01|1.03|1.02
5277|0.96|1.03|1.05|0.99|1.01|1.03|1.02
5277|0.96|1.03|1.05|0.99|1.01|1.03|1.02
5277|0.96|1.03|1.05|0.99|1.01|1.03|1.02
5277|0.96|1.03|1.05|0.99|1.01|1.03|1.02
5277|0.96|1.03|1.05|0.99|1.01|1.03|1.02
5277|0.96|1.03|1.05|0.99|1.01|1.03|1.02
5277|0.96|1.03|1.05|0.99|1.01|1.03|1.02
5277|0.96|1.03|1.05|0.99|1.01|1.03|1.02
5277|0.96|1.03|1.05|0.99|1.01|1.03|1.02
5277|0.96|1.03|1.05|0.99|1.01|1.03|1.02
5277|0.96|1.03|1.05|0.99|1.01|1.03|1.02
5277|0.96|1.03|1.05|0.99|1.01|1.03|1.02
5277|0.96|1.03|1.05|0.99|1.01|1.03|1.02
5277|0.96|1.03|1.05|0.99|1.01|1.03|1.02
5277|0.96|1.03|1.05|0.99|1.01|1.03|1.02
5277|0.96|1.03|1.05|0.99|1.01|1.03|1.02
5277|0.96|1.03|1.05|0.99|1.01|1.03|1.02
5277|0.96|1.03|1.05|0.99|1.01|1.03|1.02
5278|1.08|1.0|1.03|1.01|1.03|3.23|1.5
5278|1.08|1.0|1.03|1.01|1.03|3.23|1.5
5278|1.08|1.0|1.03|1.01|1.03|3.23|1.5
5278|1.08|1.0|1.03|1.01|1.03|3.23|1.5
5278|1.08|1.0|1.03|1.01|1.03|3.23|1.5
5278|1.08|1.0|1.03|1.01|1.03|3.23|1.5
5278|1.08|1.0|1.03|1.01|1.03|3.23|1.5
5278|1.08|1.0|1.03|1.01|1.03|3.23|1.5
5278|1.08|1.0|1.03|1.01|1.03|3.23|1.5
5278|1.08|1.0|1.03|1.01|1.03|3.23|1.5
5278|1.08|1.0|1.03|1.01|1.03|3.23|1.5
5278|1.08|1.0|1.03|1.01|1.03|3.23|1.5
5278|1.08|1.0|1.03|1.01|1.03|3.23|1.5
5278|1.08|1.0|1.03|1.01|1.03|3.23|1.5
5278|1.08|1.0|1.03|1.01|1.03|3.23|1.5
5278|1.08|1.0|1.03|1.01|1.03|3.23|1.5
5278|1.08|1.0|1.03|1.01|1.03|3.23|1.5
5278|1.08|1.0|1.03|1.01|1.03|3.23|1.5
5278|1.08|1.0|1.03|1.01|1.03|3.23|1.5
5278|1.08|1.0|1.03|1.01|1.03|3.23|1.5
5278|1.08|1.0|1.03|1.01|1.03|3.23|1.5
5278|1.08|1.0|1.03|1.01|1.03|3.23|1.5
5278|1.08|1.0|1.03|1.01|1.03|3.23|1.5
5278|1.08|1.0|1.03|1.01|1.03|3.23|1.5
5278|1.08|1.0|1.03|1.01|1.03|3.23|1.5
5278|1.08|1.0|1.03|1.01|1.03|3.23|1.5
5278|1.08|1.0|1.03|1.01|1.03|3.23|1.5
5278|1.08|1.0|1.03|1.01|1.03|3.23|1.5
5278|1.08|1.0|1.03|1.01|1.03|3.23|1.5
5278|1.08|1.0|1.03|1.01|1.03|3.23|1.5
5278|1.08|1.0|1.03|1.01|1.03|3.23|1.5
5278|1.08|1.0|1.03|1.01|1.03|3.23|1.5
5278|1.08|1.0|1.03|1.01|1.03|3.23|1.5
5278|1.08|1.0|1.03|1.01|1.03|3.23|1.5
5278|1.08|1.0|1.03|1.01|1.03|3.23|1.5
5278|1.08|1.0|1.03|1.01|1.03|3.23|1.5
5278|1.08|1.0|1.03|1.01|1.03|3.23|1.5
5278|1.08|1.0|1.03|1.01|1.03|3.23|1.5
5278|1.08|1.0|1.03|1.01|1.03|3.23|1.5
5278|1.08|1.0|1.03|1.01|1.03|3.23|1.5
5278|1.08|1.0|1.03|1.01|1.03|3.23|1.5
5278|1.08|1.0|1.03|1.01|1.03|3.23|1.5
5278|1.08|1.0|1.03|1.01|1.03|3.23|1.5
5278|1.08|1.0|1.03|1.01|1.03|3.23|1.5
5278|1.08|1.0|1.03|1.01|1.03|3.23|1.5
5278|1.08|1.0|1.03|1.01|1.03|3.23|1.5
5278|1.08|1.0|1.03|1.01|1.03|3.23|1.5
5278|1.08|1.0|1.03|1.01|1.03|3.23|1.5
5278|1.08|1.0|1.03|1.01|1.03|3.23|1.5
5279|0.98|0.96|1.0|1.0|0.37|0.71|1.01
5279|0.98|0.96|1.0|1.0|0.37|0.71|1.01
5279|0.98|0.96|1.0|1.0|0.37|0.71|1.01
5279|0.98|0.96|1.0|1.0|0.37|0.71|1.01
5279|0.98|0.96|1.0|1.0|0.37|0.71|1.01
5279|0.98|0.96|1.0|1.0|0.37|0.71|1.01
5279|0.98|0.96|1.0|1.0|0.37|0.71|1.01
5279|0.98|0.96|1.0|1.0|0.37|0.71|1.01
5279|0.98|0.96|1.0|1.0|0.37|0.71|1.01
5279|0.98|0.96|1.0|1.0|0.37|0.71|1.01
5279|0.98|0.96|1.0|1.0|0.37|0.71|1.01
5279|0.98|0.96|1.0|1.0|0.37|0.71|1.01
5279|0.98|0.96|1.0|1.0|0.37|0.71|1.01
5279|0.98|0.96|1.0|1.0|0.37|0.71|1.01
5279|0.98|0.96|1.0|1.0|0.37|0.71|1.01
5279|0.98|0.96|1.0|1.0|0.37|0.71|1.01
5279|0.98|0.96|1.0|1.0|0.37|0.71|1.01
5279|0.98|0.96|1.0|1.0|0.37|0.71|1.01
5279|0.98|0.96|1.0|1.0|0.37|0.71|1.01
5279|0.98|0.96|1.0|1.0|0.37|0.71|1.01
5279|0.98|0.96|1.0|1.0|0.37|0.71|1.01
5279|0.98|0.96|1.0|1.0|0.37|0.71|1.01
5279|0.98|0.96|1.0|1.0|0.37|0.71|1.01
5279|0.98|0.96|1.0|1.0|0.37|0.71|1.01
5279|0.98|0.96|1.0|1.0|0.37|0.71|1.01
5279|0.98|0.96|1.0|1.0|0.37|0.71|1.01
5279|0.98|0.96|1.0|1.0|0.37|0.71|1.01
5279|0.98|0.96|1.0|1.0|0.37|0.71|1.01
5279|0.98|0.96|1.0|1.0|0.37|0.71|1.01
5279|0.98|0.96|1.0|1.0|0.37|0.71|1.01
5279|0.98|0.96|1.0|1.0|0.37|0.71|1.01
5279|0.98|0.96|1.0|1.0|0.37|0.71|1.01
5279|0.98|0.96|1.0|1.0|0.37|0.71|1.01
5279|0.98|0.96|1.0|1.0|0.37|0.71|1.01
5279|0.98|0.96|1.0|1.0|0.37|0.71|1.01
5279|0.98|0.96|1.0|1.0|0.37|0.71|1.01
5279|0.98|0.96|1.0|1.0|0.37|0.71|1.01
5279|0.98|0.96|1.0|1.0|0.37|0.71|1.01
5279|0.98|0.96|1.0|1.0|0.37|0.71|1.01
5279|0.98|0.96|1.0|1.0|0.37|0.71|1.01
5279|0.98|0.96|1.0|1.0|0.37|0.71|1.01
5279|0.98|0.96|1.0|1.0|0.37|0.71|1.01
5279|0.98|0.96|1.0|1.0|0.37|0.71|1.01
5279|0.98|0.96|1.0|1.0|0.37|0.71|1.01
5279|0.98|0.96|1.0|1.0|0.37|0.71|1.01
5279|0.98|0.96|1.0|1.0|0.37|0.71|1.01
5279|0.98|0.96|1.0|1.0|0.37|0.71|1.01
5279|0.98|0.96|1.0|1.0|0.37|0.71|1.01
5279|0.98|0.96|1.0|1.0|0.37|0.71|1.01
5280|1.02|1.01|0.95|1.08|1.1|0.97|1.1
5280|1.02|1.01|0.95|1.08|1.1|0.97|1.1
5280|1.02|1.01|0.95|1.08|1.1|0.97|1.1
5280|1.02|1.01|0.95|1.08|1.1|0.97|1.1
5280|1.02|1.01|0.95|1.08|1.1|0.97|1.1
5280|1.02|1.01|0.95|1.08|1.1|0.97|1.1
5280|1.02|1.01|0.95|1.08|1.1|0.97|1.1
5280|1.02|1.01|0.95|1.08|1.1|0.97|1.1
5280|1.02|1.01|0.95|1.08|1.1|0.97|1.1
5280|1.02|1.01|0.95|1.08|1.1|0.97|1.1
5280|1.02|1.01|0.95|1.08|1.1|0.97|1.1
5280|1.02|1.01|0.95|1.08|1.1|0.97|1.1
5280|1.02|1.01|0.95|1.08|1.1|0.97|1.1
5280|1.02|1.01|0.95|1.08|1.1|0.97|1.1
5280|1.02|1.01|0.95|1.08|1.1|0.97|1.1
5280|1.02|1.01|0.95|1.08|1.1|0.97|1.1
5280|1.02|1.01|0.95|1.08|1.1|0.97|1.1
5280|1.02|1.01|0.95|1.08|1.1|0.97|1.1
5280|1.02|1.01|0.95|1.08|1.1|0.97|1.1
5280|1.02|1.01|0.95|1.08|1.1|0.97|1.1
5280|1.02|1.01|0.95|1.08|1.1|0.97|1.1
5280|1.02|1.01|0.95|1.08|1.1|0.97|1.1
5280|1.02|1.01|0.95|1.08|1.1|0.97|1.1
5280|1.02|1.01|0.95|1.08|1.1|0.97|1.1
5280|1.02|1.01|0.95|1.08|1.1|0.97|1.1
5280|1.02|1.01|0.95|1.08|1.1|0.97|1.1
5280|1.02|1.01|0.95|1.08|1.1|0.97|1.1
5280|1.02|1.01|0.95|1.08|1.1|0.97|1.1
5280|1.02|1.01|0.95|1.08|1.1|0.97|1.1
5280|1.02|1.01|0.95|1.08|1.1|0.97|1.1
5280|1.02|1.01|0.95|1.08|1.1|0.97|1.1
5280|1.02|1.01|0.95|1.08|1.1|0.97|1.1
5280|1.02|1.01|0.95|1.08|1.1|0.97|1.1
5280|1.02|1.01|0.95|1.08|1.1|0.97|1.1
5280|1.02|1.01|0.95|1.08|1.1|0.97|1.1
5280|1.02|1.01|0.95|1.08|1.1|0.97|1.1
5280|1.02|1.01|0.95|1.08|1.1|0.97|1.1
5280|1.02|1.01|0.95|1.08|1.1|0.97|1.1
5280|1.02|1.01|0.95|1.08|1.1|0.97|1.1
5280|1.02|1.01|0.95|1.08|1.1|0.97|1.1
5280|1.02|1.01|0.95|1.08|1.1|0.97|1.1
5280|1.02|1.01|0.95|1.08|1.1|0.97|1.1
5280|1.02|1.01|0.95|1.08|1.1|0.97|1.1
5280|1.02|1.01|0.95|1.08|1.1|0.97|1.1
5280|1.02|1.01|0.95|1.08|1.1|0.97|1.1
5280|1.02|1.01|0.95|1.08|1.1|0.97|1.1
5280|1.02|1.01|0.95|1.08|1.1|0.97|1.1
5280|1.02|1.01|0.95|1.08|1.1|0.97|1.1
5280|1.02|1.01|0.95|1.08|1.1|0.97|1.1
5281|0.99|1.03|1.08|1.0|0.98|1.02|1.02
5281|0.99|1.03|1.08|1.0|0.98|1.02|1.02
5281|0.99|1.03|1.08|1.0|0.98|1.02|1.02
5281|0.99|1.03|1.08|1.0|0.98|1.02|1.02
5281|0.99|1.03|1.08|1.0|0.98|1.02|1.02
5281|0.99|1.03|1.08|1.0|0.98|1.02|1.02
5281|0.99|1.03|1.08|1.0|0.98|1.02|1.02
5281|0.99|1.03|1.08|1.0|0.98|1.02|1.02
5281|0.99|1.03|1.08|1.0|0.98|1.02|1.02
5281|0.99|1.03|1.08|1.0|0.98|1.02|1.02
5281|0.99|1.03|1.08|1.0|0.98|1.02|1.02
5281|0.99|1.03|1.08|1.0|0.98|1.02|1.02
5281|0.99|1.03|1.08|1.0|0.98|1.02|1.02
5281|0.99|1.03|1.08|1.0|0.98|1.02|1.02
5281|0.99|1.03|1.08|1.0|0.98|1.02|1.02
5281|0.99|1.03|1.08|1.0|0.98|1.02|1.02
5281|0.99|1.03|1.08|1.0|0.98|1.02|1.02
5281|0.99|1.03|1.08|1.0|0.98|1.02|1.02
5281|0.99|1.03|1.08|1.0|0.98|1.02|1.02
5281|0.99|1.03|1.08|1.0|0.98|1.02|1.02
5281|0.99|1.03|1.08|1.0|0.98|1.02|1.02
5281|0.99|1.03|1.08|1.0|0.98|1.02|1.02
5281|0.99|1.03|1.08|1.0|0.98|1.02|1.02
5281|0.99|1.03|1.08|1.0|0.98|1.02|1.02
5281|0.99|1.03|1.08|1.0|0.98|1.02|1.02
5281|0.99|1.03|1.08|1.0|0.98|1.02|1.02
5281|0.99|1.03|1.08|1.0|0.98|1.02|1.02
5281|0.99|1.03|1.08|1.0|0.98|1.02|1.02
5281|0.99|1.03|1.08|1.0|0.98|1.02|1.02
5281|0.99|1.03|1.08|1.0|0.98|1.02|1.02
5281|0.99|1.03|1.08|1.0|0.98|1.02|1.02
5281|0.99|1.03|1.08|1.0|0.98|1.02|1.02
5281|0.99|1.03|1.08|1.0|0.98|1.02|1.02
5281|0.99|1.03|1.08|1.0|0.98|1.02|1.02
5281|0.99|1.03|1.08|1.0|0.98|1.02|1.02
5281|0.99|1.03|1.08|1.0|0.98|1.02|1.02
5281|0.99|1.03|1.08|1.0|0.98|1.02|1.02
5281|0.99|1.03|1.08|1.0|0.98|1.02|1.02
5281|0.99|1.03|1.08|1.0|0.98|1.02|1.02
5281|0.99|1.03|1.08|1.0|0.98|1.02|1.02
5281|0.99|1.03|1.08|1.0|0.98|1.02|1.02
5281|0.99|1.03|1.08|1.0|0.98|1.02|1.02
5281|0.99|1.03|1.08|1.0|0.98|1.02|1.02
5281|0.99|1.03|1.08|1.0|0.98|1.02|1.02
5281|0.99|1.03|1.08|1.0|0.98|1.02|1.02
5281|0.99|1.03|1.08|1.0|0.98|1.02|1.02
5281|0.99|1.03|1.08|1.0|0.98|1.02|1.02
5281|0.99|1.03|1.08|1.0|0.98|1.02|1.02
5281|0.99|1.03|1.08|1.0|0.98|1.02|1.02
5282|1.07|0.98|0.92|1.0|1.05|1.02|1.03
5282|1.07|0.98|0.92|1.0|1.05|1.02|1.03
5282|1.07|0.98|0.92|1.0|1.05|1.02|1.03
5282|1.07|0.98|0.92|1.0|1.05|1.02|1.03
5282|1.07|0.98|0.92|1.0|1.05|1.02|1.03
5282|1.07|0.98|0.92|1.0|1.05|1.02|1.03
5282|1.07|0.98|0.92|1.0|1.05|1.02|1.03
5282|1.07|0.98|0.92|1.0|1.05|1.02|1.03
5282|1.07|0.98|0.92|1.0|1.05|1.02|1.03
5282|1.07|0.98|0.92|1.0|1.05|1.02|1.03
5282|1.07|0.98|0.92|1.0|1.05|1.02|1.03
5282|1.07|0.98|0.92|1.0|1.05|1.02|1.03
5282|1.07|0.98|0.92|1.0|1.05|1.02|1.03
5282|1.07|0.98|0.92|1.0|1.05|1.02|1.03
5282|1.07|0.98|0.92|1.0|1.05|1.02|1.03
5282|1.07|0.98|0.92|1.0|1.05|1.02|1.03
5282|1.07|0.98|0.92|1.0|1.05|1.02|1.03
5282|1.07|0.98|0.92|1.0|1.05|1.02|1.03
5282|1.07|0.98|0.92|1.0|1.05|1.02|1.03
5282|1.07|0.98|0.92|1.0|1.05|1.02|1.03
5282|1.07|0.98|0.92|1.0|1.05|1.02|1.03
5282|1.07|0.98|0.92|1.0|1.05|1.02|1.03
5282|1.07|0.98|0.92|1.0|1.05|1.02|1.03
5282|1.07|0.98|0.92|1.0|1.05|1.02|1.03
5282|1.07|0.98|0.92|1.0|1.05|1.02|1.03
5282|1.07|0.98|0.92|1.0|1.05|1.02|1.03
5282|1.07|0.98|0.92|1.0|1.05|1.02|1.03
5282|1.07|0.98|0.92|1.0|1.05|1.02|1.03
5282|1.07|0.98|0.92|1.0|1.05|1.02|1.03
5282|1.07|0.98|0.92|1.0|1.05|1.02|1.03
5282|1.07|0.98|0.92|1.0|1.05|1.02|1.03
5282|1.07|0.98|0.92|1.0|1.05|1.02|1.03
5282|1.07|0.98|0.92|1.0|1.05|1.02|1.03
5282|1.07|0.98|0.92|1.0|1.05|1.02|1.03
5282|1.07|0.98|0.92|1.0|1.05|1.02|1.03
5282|1.07|0.98|0.92|1.0|1.05|1.02|1.03
5282|1.07|0.98|0.92|1.0|1.05|1.02|1.03
5282|1.07|0.98|0.92|1.0|1.05|1.02|1.03
5282|1.07|0.98|0.92|1.0|1.05|1.02|1.03
5282|1.07|0.98|0.92|1.0|1.05|1.02|1.03
5282|1.07|0.98|0.92|1.0|1.05|1.02|1.03
5282|1.07|0.98|0.92|1.0|1.05|1.02|1.03
5282|1.07|0.98|0.92|1.0|1.05|1.02|1.03
5282|1.07|0.98|0.92|1.0|1.05|1.02|1.03
5282|1.07|0.98|0.92|1.0|1.05|1.02|1.03
5282|1.07|0.98|0.92|1.0|1.05|1.02|1.03
5282|1.07|0.98|0.92|1.0|1.05|1.02|1.03
5282|1.07|0.98|0.92|1.0|1.05|1.02|1.03
5282|1.07|0.98|0.92|1.0|1.05|1.02|1.03
5283|0.98|1.01|0.98|1.02|1.03|1.11|0.95
5283|0.98|1.01|0.98|1.02|1.03|1.11|0.95
5283|0.98|1.01|0.98|1.02|1.03|1.11|0.95
5283|0.98|1.01|0.98|1.02|1.03|1.11|0.95
5283|0.98|1.01|0.98|1.02|1.03|1.11|0.95
5283|0.98|1.01|0.98|1.02|1.03|1.11|0.95
5283|0.98|1.01|0.98|1.02|1.03|1.11|0.95
5283|0.98|1.01|0.98|1.02|1.03|1.11|0.95
5283|0.98|1.01|0.98|1.02|1.03|1.11|0.95
5283|0.98|1.01|0.98|1.02|1.03|1.11|0.95
5283|0.98|1.01|0.98|1.02|1.03|1.11|0.95
5283|0.98|1.01|0.98|1.02|1.03|1.11|0.95
5283|0.98|1.01|0.98|1.02|1.03|1.11|0.95
5283|0.98|1.01|0.98|1.02|1.03|1.11|0.95
5283|0.98|1.01|0.98|1.02|1.03|1.11|0.95
5283|0.98|1.01|0.98|1.02|1.03|1.11|0.95
5283|0.98|1.01|0.98|1.02|1.03|1.11|0.95
5283|0.98|1.01|0.98|1.02|1.03|1.11|0.95
5283|0.98|1.01|0.98|1.02|1.03|1.11|0.95
5283|0.98|1.01|0.98|1.02|1.03|1.11|0.95
5283|0.98|1.01|0.98|1.02|1.03|1.11|0.95
5283|0.98|1.01|0.98|1.02|1.03|1.11|0.95
5283|0.98|1.01|0.98|1.02|1.03|1.11|0.95
5283|0.98|1.01|0.98|1.02|1.03|1.11|0.95
5283|0.98|1.01|0.98|1.02|1.03|1.11|0.95
5283|0.98|1.01|0.98|1.02|1.03|1.11|0.95
5283|0.98|1.01|0.98|1.02|1.03|1.11|0.95
5283|0.98|1.01|0.98|1.02|1.03|1.11|0.95
5283|0.98|1.01|0.98|1.02|1.03|1.11|0.95
5283|0.98|1.01|0.98|1.02|1.03|1.11|0.95
5283|0.98|1.01|0.98|1.02|1.03|1.11|0.95
5283|0.98|1.01|0.98|1.02|1.03|1.11|0.95
5283|0.98|1.01|0.98|1.02|1.03|1.11|0.95
5283|0.98|1.01|0.98|1.02|1.03|1.11|0.95
5283|0.98|1.01|0.98|1.02|1.03|1.11|0.95
5283|0.98|1.01|0.98|1.02|1.03|1.11|0.95
5283|0.98|1.01|0.98|1.02|1.03|1.11|0.95
5283|0.98|1.01|0.98|1.02|1.03|1.11|0.95
5283|0.98|1.01|0.98|1.02|1.03|1.11|0.95
5283|0.98|1.01|0.98|1.02|1.03|1.11|0.95
5283|0.98|1.01|0.98|1.02|1.03|1.11|0.95
5283|0.98|1.01|0.98|1.02|1.03|1.11|0.95
5283|0.98|1.01|0.98|1.02|1.03|1.11|0.95
5283|0.98|1.01|0.98|1.02|1.03|1.11|0.95
5283|0.98|1.01|0.98|1.02|1.03|1.11|0.95
5283|0.98|1.01|0.98|1.02|1.03|1.11|0.95
5283|0.98|1.01|0.98|1.02|1.03|1.11|0.95
5283|0.98|1.01|0.98|1.02|1.03|1.11|0.95
5283|0.98|1.01|0.98|1.02|1.03|1.11|0.95
5284|0.95|1.04|1.0|0.99|1.06|0.93|0.98
5284|0.95|1.04|1.0|0.99|1.06|0.93|0.98
5284|0.95|1.04|1.0|0.99|1.06|0.93|0.98
5284|0.95|1.04|1.0|0.99|1.06|0.93|0.98
5284|0.95|1.04|1.0|0.99|1.06|0.93|0.98
5284|0.95|1.04|1.0|0.99|1.06|0.93|0.98
5284|0.95|1.04|1.0|0.99|1.06|0.93|0.98
5284|0.95|1.04|1.0|0.99|1.06|0.93|0.98
5284|0.95|1.04|1.0|0.99|1.06|0.93|0.98
5284|0.95|1.04|1.0|0.99|1.06|0.93|0.98
5284|0.95|1.04|1.0|0.99|1.06|0.93|0.98
5284|0.95|1.04|1.0|0.99|1.06|0.93|0.98
5284|0.95|1.04|1.0|0.99|1.06|0.93|0.98
5284|0.95|1.04|1.0|0.99|1.06|0.93|0.98
5284|0.95|1.04|1.0|0.99|1.06|0.93|0.98
5284|0.95|1.04|1.0|0.99|1.06|0.93|0.98
5284|0.95|1.04|1.0|0.99|1.06|0.93|0.98
5284|0.95|1.04|1.0|0.99|1.06|0.93|0.98
5284|0.95|1.04|1.0|0.99|1.06|0.93|0.98
5284|0.95|1.04|1.0|0.99|1.06|0.93|0.98
5284|0.95|1.04|1.0|0.99|1.06|0.93|0.98
5284|0.95|1.04|1.0|0.99|1.06|0.93|0.98
5284|0.95|1.04|1.0|0.99|1.06|0.93|0.98
5284|0.95|1.04|1.0|0.99|1.06|0.93|0.98
5284|0.95|1.04|1.0|0.99|1.06|0.93|0.98
5284|0.95|1.04|1.0|0.99|1.06|0.93|0.98
5284|0.95|1.04|1.0|0.99|1.06|0.93|0.98
5284|0.95|1.04|1.0|0.99|1.06|0.93|0.98
5284|0.95|1.04|1.0|0.99|1.06|0.93|0.98
5284|0.95|1.04|1.0|0.99|1.06|0.93|0.98
5284|0.95|1.04|1.0|0.99|1.06|0.93|0.98
5284|0.95|1.04|1.0|0.99|1.06|0.93|0.98
5284|0.95|1.04|1.0|0.99|1.06|0.93|0.98
5284|0.95|1.04|1.0|0.99|1.06|0.93|0.98
5284|0.95|1.04|1.0|0.99|1.06|0.93|0.98
5284|0.95|1.04|1.0|0.99|1.06|0.93|0.98
5284|0.95|1.04|1.0|0.99|1.06|0.93|0.98
5284|0.95|1.04|1.0|0.99|1.06|0.93|0.98
5284|0.95|1.04|1.0|0.99|1.06|0.93|0.98
5284|0.95|1.04|1.0|0.99|1.06|0.93|0.98
5284|0.95|1.04|1.0|0.99|1.06|0.93|0.98
5284|0.95|1.04|1.0|0.99|1.06|0.93|0.98
5284|0.95|1.04|1.0|0.99|1.06|0.93|0.98
5284|0.95|1.04|1.0|0.99|1.06|0.93|0.98
5284|0.95|1.04|1.0|0.99|1.06|0.93|0.98
5284|0.95|1.04|1.0|0.99|1.06|0.93|0.98
5284|0.95|1.04|1.0|0.99|1.06|0.93|0.98
5284|0.95|1.04|1.0|0.99|1.06|0.93|0.98
5284|0.95|1.04|1.0|0.99|1.06|0.93|0.98
5285|1.02|0.95|1.02|1.07|1.05|1.04|1.09
5285|1.02|0.95|1.02|1.07|1.05|1.04|1.09
5285|1.02|0.95|1.02|1.07|1.05|1.04|1.09
5285|1.02|0.95|1.02|1.07|1.05|1.04|1.09
5285|1.02|0.95|1.02|1.07|1.05|1.04|1.09
5285|1.02|0.95|1.02|1.07|1.05|1.04|1.09
5285|1.02|0.95|1.02|1.07|1.05|1.04|1.09
5285|1.02|0.95|1.02|1.07|1.05|1.04|1.09
5285|1.02|0.95|1.02|1.07|1.05|1.04|1.09
5285|1.02|0.95|1.02|1.07|1.05|1.04|1.09
5285|1.02|0.95|1.02|1.07|1.05|1.04|1.09
5285|1.02|0.95|1.02|1.07|1.05|1.04|1.09
5285|1.02|0.95|1.02|1.07|1.05|1.04|1.09
5285|1.02|0.95|1.02|1.07|1.05|1.04|1.09
5285|1.02|0.95|1.02|1.07|1.05|1.04|1.09
5285|1.02|0.95|1.02|1.07|1.05|1.04|1.09
5285|1.02|0.95|1.02|1.07|1.05|1.04|1.09
5285|1.02|0.95|1.02|1.07|1.05|1.04|1.09
5285|1.02|0.95|1.02|1.07|1.05|1.04|1.09
5285|1.02|0.95|1.02|1.07|1.05|1.04|1.09
5285|1.02|0.95|1.02|1.07|1.05|1.04|1.09
5285|1.02|0.95|1.02|1.07|1.05|1.04|1.09
5285|1.02|0.95|1.02|1.07|1.05|1.04|1.09
5285|1.02|0.95|1.02|1.07|1.05|1.04|1.09
5285|1.02|0.95|1.02|1.07|1.05|1.04|1.09
5285|1.02|0.95|1.02|1.07|1.05|1.04|1.09
5285|1.02|0.95|1.02|1.07|1.05|1.04|1.09
5285|1.02|0.95|1.02|1.07|1.05|1.04|1.09
5285|1.02|0.95|1.02|1.07|1.05|1.04|1.09
5285|1.02|0.95|1.02|1.07|1.05|1.04|1.09
5285|1.02|0.95|1.02|1.07|1.05|1.04|1.09
5285|1.02|0.95|1.02|1.07|1.05|1.04|1.09
5285|1.02|0.95|1.02|1.07|1.05|1.04|1.09
5285|1.02|0.95|1.02|1.07|1.05|1.04|1.09
5285|1.02|0.95|1.02|1.07|1.05|1.04|1.09
5285|1.02|0.95|1.02|1.07|1.05|1.04|1.09
5285|1.02|0.95|1.02|1.07|1.05|1.04|1.09
5285|1.02|0.95|1.02|1.07|1.05|1.04|1.09
5285|1.02|0.95|1.02|1.07|1.05|1.04|1.09
5285|1.02|0.95|1.02|1.07|1.05|1.04|1.09
5285|1.02|0.95|1.02|1.07|1.05|1.04|1.09
5285|1.02|0.95|1.02|1.07|1.05|1.04|1.09
5285|1.02|0.95|1.02|1.07|1.05|1.04|1.09
5285|1.02|0.95|1.02|1.07|1.05|1.04|1.09
5285|1.02|0.95|1.02|1.07|1.05|1.04|1.09
5285|1.02|0.95|1.02|1.07|1.05|1.04|1.09
5285|1.02|0.95|1.02|1.07|1.05|1.04|1.09
5285|1.02|0.95|1.02|1.07|1.05|1.04|1.09
5285|1.02|0.95|1.02|1.07|1.05|1.04|1.09
5286|0.99|0.94|1.11|1.0|1.0|1.03|1.04
5286|0.99|0.94|1.11|1.0|1.0|1.03|1.04
5286|0.99|0.94|1.11|1.0|1.0|1.03|1.04
5286|0.99|0.94|1.11|1.0|1.0|1.03|1.04
5286|0.99|0.94|1.11|1.0|1.0|1.03|1.04
5286|0.99|0.94|1.11|1.0|1.0|1.03|1.04
5286|0.99|0.94|1.11|1.0|1.0|1.03|1.04
5286|0.99|0.94|1.11|1.0|1.0|1.03|1.04
5286|0.99|0.94|1.11|1.0|1.0|1.03|1.04
5286|0.99|0.94|1.11|1.0|1.0|1.03|1.04
5286|0.99|0.94|1.11|1.0|1.0|1.03|1.04
5286|0.99|0.94|1.11|1.0|1.0|1.03|1.04
5286|0.99|0.94|1.11|1.0|1.0|1.03|1.04
5286|0.99|0.94|1.11|1.0|1.0|1.03|1.04
5286|0.99|0.94|1.11|1.0|1.0|1.03|1.04
5286|0.99|0.94|1.11|1.0|1.0|1.03|1.04
5286|0.99|0.94|1.11|1.0|1.0|1.03|1.04
5286|0.99|0.94|1.11|1.0|1.0|1.03|1.04
5286|0.99|0.94|1.11|1.0|1.0|1.03|1.04
5286|0.99|0.94|1.11|1.0|1.0|1.03|1.04
5286|0.99|0.94|1.11|1.0|1.0|1.03|1.04
5286|0.99|0.94|1.11|1.0|1.0|1.03|1.04
5286|0.99|0.94|1.11|1.0|1.0|1.03|1.04
5286|0.99|0.94|1.11|1.0|1.0|1.03|1.04
5286|0.99|0.94|1.11|1.0|1.0|1.03|1.04
5286|0.99|0.94|1.11|1.0|1.0|1.03|1.04
5286|0.99|0.94|1.11|1.0|1.0|1.03|1.04
5286|0.99|0.94|1.11|1.0|1.0|1.03|1.04
5286|0.99|0.94|1.11|1.0|1.0|1.03|1.04
5286|0.99|0.94|1.11|1.0|1.0|1.03|1.04
5286|0.99|0.94|1.11|1.0|1.0|1.03|1.04
5286|0.99|0.94|1.11|1.0|1.0|1.03|1.04
5286|0.99|0.94|1.11|1.0|1.0|1.03|1.04
5286|0.99|0.94|1.11|1.0|1.0|1.03|1.04
5286|0.99|0.94|1.11|1.0|1.0|1.03|1.04
5286|0.99|0.94|1.11|1.0|1.0|1.03|1.04
5286|0.99|0.94|1.11|1.0|1.0|1.03|1.04
5286|0.99|0.94|1.11|1.0|1.0|1.03|1.04
5286|0.99|0.94|1.11|1.0|1.0|1.03|1.04
5286|0.99|0.94|1.11|1.0|1.0|1.03|1.04
5286|0.99|0.94|1.11|1.0|1.0|1.03|1.04
5286|0.99|0.94|1.11|1.0|1.0|1.03|1.04
5286|0.99|0.94|1.11|1.0|1.0|1.03|1.04
5286|0.99|0.94|1.11|1.0|1.0|1.03|1.04
5286|0.99|0.94|1.11|1.0|1.0|1.03|1.04
5286|0.99|0.94|1.11|1.0|1.0|1.03|1.04
5286|0.99|0.94|1.11|1.0|1.0|1.03|1.04
5286|0.99|0.94|1.11|1.0|1.0|1.03|1.04
5286|0.99|0.94|1.11|1.0|1.0|1.03|1.04
5287|1.05|1.02|0.97|0.94|1.06|1.04|1.05
5287|1.05|1.02|0.97|0.94|1.06|1.04|1.05
5287|1.05|1.02|0.97|0.94|1.06|1.04|1.05
5287|1.05|1.02|0.97|0.94|1.06|1.04|1.05
5287|1.05|1.02|0.97|0.94|1.06|1.04|1.05
5287|1.05|1.02|0.97|0.94|1.06|1.04|1.05
5287|1.05|1.02|0.97|0.94|1.06|1.04|1.05
5287|1.05|1.02|0.97|0.94|1.06|1.04|1.05
5287|1.05|1.02|0.97|0.94|1.06|1.04|1.05
5287|1.05|1.02|0.97|0.94|1.06|1.04|1.05
5287|1.05|1.02|0.97|0.94|1.06|1.04|1.05
5287|1.05|1.02|0.97|0.94|1.06|1.04|1.05
5287|1.05|1.02|0.97|0.94|1.06|1.04|1.05
5287|1.05|1.02|0.97|0.94|1.06|1.04|1.05
5287|1.05|1.02|0.97|0.94|1.06|1.04|1.05
5287|1.05|1.02|0.97|0.94|1.06|1.04|1.05
5287|1.05|1.02|0.97|0.94|1.06|1.04|1.05
5287|1.05|1.02|0.97|0.94|1.06|1.04|1.05
5287|1.05|1.02|0.97|0.94|1.06|1.04|1.05
5287|1.05|1.02|0.97|0.94|1.06|1.04|1.05
5287|1.05|1.02|0.97|0.94|1.06|1.04|1.05
5287|1.05|1.02|0.97|0.94|1.06|1.04|1.05
5287|1.05|1.02|0.97|0.94|1.06|1.04|1.05
5287|1.05|1.02|0.97|0.94|1.06|1.04|1.05
5287|1.05|1.02|0.97|0.94|1.06|1.04|1.05
5287|1.05|1.02|0.97|0.94|1.06|1.04|1.05
5287|1.05|1.02|0.97|0.94|1.06|1.04|1.05
5287|1.05|1.02|0.97|0.94|1.06|1.04|1.05
5287|1.05|1.02|0.97|0.94|1.06|1.04|1.05
5287|1.05|1.02|0.97|0.94|1.06|1.04|1.05
5287|1.05|1.02|0.97|0.94|1.06|1.04|1.05
5287|1.05|1.02|0.97|0.94|1.06|1.04|1.05
5287|1.05|1.02|0.97|0.94|1.06|1.04|1.05
5287|1.05|1.02|0.97|0.94|1.06|1.04|1.05
5287|1.05|1.02|0.97|0.94|1.06|1.04|1.05
5287|1.05|1.02|0.97|0.94|1.06|1.04|1.05
5287|1.05|1.02|0.97|0.94|1.06|1.04|1.05
5287|1.05|1.02|0.97|0.94|1.06|1.04|1.05
5287|1.05|1.02|0.97|0.94|1.06|1.04|1.05
5287|1.05|1.02|0.97|0.94|1.06|1.04|1.05
5287|1.05|1.02|0.97|0.94|1.06|1.04|1.05
5287|1.05|1.02|0.97|0.94|1.06|1.04|1.05
5287|1.05|1.02|0.97|0.94|1.06|1.04|1.05
5287|1.05|1.02|0.97|0.94|1.06|1.04|1.05
5287|1.05|1.02|0.97|0.94|1.06|1.04|1.05
5287|1.05|1.02|0.97|0.94|1.06|1.04|1.05
5287|1.05|1.02|0.97|0.94|1.06|1.04|1.05
5287|1.05|1.02|0.97|0.94|1.06|1.04|1.05
5287|1.05|1.02|0.97|0.94|1.06|1.04|1.05
5288|1.07|1.03|1.02|1.0|1.02|1.02|0.95
5288|1.07|1.03|1.02|1.0|1.02|1.02|0.95
5288|1.07|1.03|1.02|1.0|1.02|1.02|0.95
5288|1.07|1.03|1.02|1.0|1.02|1.02|0.95
5288|1.07|1.03|1.02|1.0|1.02|1.02|0.95
5288|1.07|1.03|1.02|1.0|1.02|1.02|0.95
5288|1.07|1.03|1.02|1.0|1.02|1.02|0.95
5288|1.07|1.03|1.02|1.0|1.02|1.02|0.95
5288|1.07|1.03|1.02|1.0|1.02|1.02|0.95
5288|1.07|1.03|1.02|1.0|1.02|1.02|0.95
5288|1.07|1.03|1.02|1.0|1.02|1.02|0.95
5288|1.07|1.03|1.02|1.0|1.02|1.02|0.95
5288|1.07|1.03|1.02|1.0|1.02|1.02|0.95
5288|1.07|1.03|1.02|1.0|1.02|1.02|0.95
5288|1.07|1.03|1.02|1.0|1.02|1.02|0.95
5288|1.07|1.03|1.02|1.0|1.02|1.02|0.95
5288|1.07|1.03|1.02|1.0|1.02|1.02|0.95
5288|1.07|1.03|1.02|1.0|1.02|1.02|0.95
5288|1.07|1.03|1.02|1.0|1.02|1.02|0.95
5288|1.07|1.03|1.02|1.0|1.02|1.02|0.95
5288|1.07|1.03|1.02|1.0|1.02|1.02|0.95
5288|1.07|1.03|1.02|1.0|1.02|1.02|0.95
5288|1.07|1.03|1.02|1.0|1.02|1.02|0.95
5288|1.07|1.03|1.02|1.0|1.02|1.02|0.95
5288|1.07|1.03|1.02|1.0|1.02|1.02|0.95
5288|1.07|1.03|1.02|1.0|1.02|1.02|0.95
5288|1.07|1.03|1.02|1.0|1.02|1.02|0.95
5288|1.07|1.03|1.02|1.0|1.02|1.02|0.95
5288|1.07|1.03|1.02|1.0|1.02|1.02|0.95
5288|1.07|1.03|1.02|1.0|1.02|1.02|0.95
5288|1.07|1.03|1.02|1.0|1.02|1.02|0.95
5288|1.07|1.03|1.02|1.0|1.02|1.02|0.95
5288|1.07|1.03|1.02|1.0|1.02|1.02|0.95
5288|1.07|1.03|1.02|1.0|1.02|1.02|0.95
5288|1.07|1.03|1.02|1.0|1.02|1.02|0.95
5288|1.07|1.03|1.02|1.0|1.02|1.02|0.95
5288|1.07|1.03|1.02|1.0|1.02|1.02|0.95
5288|1.07|1.03|1.02|1.0|1.02|1.02|0.95
5288|1.07|1.03|1.02|1.0|1.02|1.02|0.95
5288|1.07|1.03|1.02|1.0|1.02|1.02|0.95
5288|1.07|1.03|1.02|1.0|1.02|1.02|0.95
5288|1.07|1.03|1.02|1.0|1.02|1.02|0.95
5288|1.07|1.03|1.02|1.0|1.02|1.02|0.95
5288|1.07|1.03|1.02|1.0|1.02|1.02|0.95
5288|1.07|1.03|1.02|1.0|1.02|1.02|0.95
5288|1.07|1.03|1.02|1.0|1.02|1.02|0.95
5288|1.07|1.03|1.02|1.0|1.02|1.02|0.95
5288|1.07|1.03|1.02|1.0|1.02|1.02|0.95
5288|1.07|1.03|1.02|1.0|1.02|1.02|0.95
5289|1.04|0.98|1.05|1.01|0.94|1.0|1.09
5289|1.04|0.98|1.05|1.01|0.94|1.0|1.09
5289|1.04|0.98|1.05|1.01|0.94|1.0|1.09
5289|1.04|0.98|1.05|1.01|0.94|1.0|1.09
5289|1.04|0.98|1.05|1.01|0.94|1.0|1.09
5289|1.04|0.98|1.05|1.01|0.94|1.0|1.09
5289|1.04|0.98|1.05|1.01|0.94|1.0|1.09
5289|1.04|0.98|1.05|1.01|0.94|1.0|1.09
5289|1.04|0.98|1.05|1.01|0.94|1.0|1.09
5289|1.04|0.98|1.05|1.01|0.94|1.0|1.09
5289|1.04|0.98|1.05|1.01|0.94|1.0|1.09
5289|1.04|0.98|1.05|1.01|0.94|1.0|1.09
5289|1.04|0.98|1.05|1.01|0.94|1.0|1.09
5289|1.04|0.98|1.05|1.01|0.94|1.0|1.09
5289|1.04|0.98|1.05|1.01|0.94|1.0|1.09
5289|1.04|0.98|1.05|1.01|0.94|1.0|1.09
5289|1.04|0.98|1.05|1.01|0.94|1.0|1.09
5289|1.04|0.98|1.05|1.01|0.94|1.0|1.09
5289|1.04|0.98|1.05|1.01|0.94|1.0|1.09
5289|1.04|0.98|1.05|1.01|0.94|1.0|1.09
5289|1.04|0.98|1.05|1.01|0.94|1.0|1.09
5289|1.04|0.98|1.05|1.01|0.94|1.0|1.09
5289|1.04|0.98|1.05|1.01|0.94|1.0|1.09
5289|1.04|0.98|1.05|1.01|0.94|1.0|1.09
5289|1.04|0.98|1.05|1.01|0.94|1.0|1.09
5289|1.04|0.98|1.05|1.01|0.94|1.0|1.09
5289|1.04|0.98|1.05|1.01|0.94|1.0|1.09
5289|1.04|0.98|1.05|1.01|0.94|1.0|1.09
5289|1.04|0.98|1.05|1.01|0.94|1.0|1.09
5289|1.04|0.98|1.05|1.01|0.94|1.0|1.09
5289|1.04|0.98|1.05|1.01|0.94|1.0|1.09
5289|1.04|0.98|1.05|1.01|0.94|1.0|1.09
5289|1.04|0.98|1.05|1.01|0.94|1.0|1.09
5289|1.04|0.98|1.05|1.01|0.94|1.0|1.09
5289|1.04|0.98|1.05|1.01|0.94|1.0|1.09
5289|1.04|0.98|1.05|1.01|0.94|1.0|1.09
5289|1.04|0.98|1.05|1.01|0.94|1.0|1.09
5289|1.04|0.98|1.05|1.01|0.94|1.0|1.09
5289|1.04|0.98|1.05|1.01|0.94|1.0|1.09
5289|1.04|0.98|1.05|1.01|0.94|1.0|1.09
5289|1.04|0.98|1.05|1.01|0.94|1.0|1.09
5289|1.04|0.98|1.05|1.01|0.94|1.0|1.09
5289|1.04|0.98|1.05|1.01|0.94|1.0|1.09
5289|1.04|0.98|1.05|1.01|0.94|1.0|1.09
5289|1.04|0.98|1.05|1.01|0.94|1.0|1.09
5289|1.04|0.98|1.05|1.01|0.94|1.0|1.09
5289|1.04|0.98|1.05|1.01|0.94|1.0|1.09
5289|1.04|0.98|1.05|1.01|0.94|1.0|1.09
5289|1.04|0.98|1.05|1.01|0.94|1.0|1.09
5290|1.03|0.97|0.93|1.04|0.97|1.01|0.98
5290|1.03|0.97|0.93|1.04|0.97|1.01|0.98
5290|1.03|0.97|0.93|1.04|0.97|1.01|0.98
5290|1.03|0.97|0.93|1.04|0.97|1.01|0.98
5290|1.03|0.97|0.93|1.04|0.97|1.01|0.98
5290|1.03|0.97|0.93|1.04|0.97|1.01|0.98
5290|1.03|0.97|0.93|1.04|0.97|1.01|0.98
5290|1.03|0.97|0.93|1.04|0.97|1.01|0.98
5290|1.03|0.97|0.93|1.04|0.97|1.01|0.98
5290|1.03|0.97|0.93|1.04|0.97|1.01|0.98
5290|1.03|0.97|0.93|1.04|0.97|1.01|0.98
5290|1.03|0.97|0.93|1.04|0.97|1.01|0.98
5290|1.03|0.97|0.93|1.04|0.97|1.01|0.98
5290|1.03|0.97|0.93|1.04|0.97|1.01|0.98
5290|1.03|0.97|0.93|1.04|0.97|1.01|0.98
5290|1.03|0.97|0.93|1.04|0.97|1.01|0.98
5290|1.03|0.97|0.93|1.04|0.97|1.01|0.98
5290|1.03|0.97|0.93|1.04|0.97|1.01|0.98
5290|1.03|0.97|0.93|1.04|0.97|1.01|0.98
5290|1.03|0.97|0.93|1.04|0.97|1.01|0.98
5290|1.03|0.97|0.93|1.04|0.97|1.01|0.98
5290|1.03|0.97|0.93|1.04|0.97|1.01|0.98
5290|1.03|0.97|0.93|1.04|0.97|1.01|0.98
5290|1.03|0.97|0.93|1.04|0.97|1.01|0.98
5290|1.03|0.97|0.93|1.04|0.97|1.01|0.98
5290|1.03|0.97|0.93|1.04|0.97|1.01|0.98
5290|1.03|0.97|0.93|1.04|0.97|1.01|0.98
5290|1.03|0.97|0.93|1.04|0.97|1.01|0.98
5290|1.03|0.97|0.93|1.04|0.97|1.01|0.98
5290|1.03|0.97|0.93|1.04|0.97|1.01|0.98
5290|1.03|0.97|0.93|1.04|0.97|1.01|0.98
5290|1.03|0.97|0.93|1.04|0.97|1.01|0.98
5290|1.03|0.97|0.93|1.04|0.97|1.01|0.98
5290|1.03|0.97|0.93|1.04|0.97|1.01|0.98
5290|1.03|0.97|0.93|1.04|0.97|1.01|0.98
5290|1.03|0.97|0.93|1.04|0.97|1.01|0.98
5290|1.03|0.97|0.93|1.04|0.97|1.01|0.98
5290|1.03|0.97|0.93|1.04|0.97|1.01|0.98
5290|1.03|0.97|0.93|1.04|0.97|1.01|0.98
5290|1.03|0.97|0.93|1.04|0.97|1.01|0.98
5290|1.03|0.97|0.93|1.04|0.97|1.01|0.98
5290|1.03|0.97|0.93|1.04|0.97|1.01|0.98
5290|1.03|0.97|0.93|1.04|0.97|1.01|0.98
5290|1.03|0.97|0.93|1.04|0.97|1.01|0.98
5290|1.03|0.97|0.93|1.04|0.97|1.01|0.98
5290|1.03|0.97|0.93|1.04|0.97|1.01|0.98
5290|1.03|0.97|0.93|1.04|0.97|1.01|0.98
5290|1.03|0.97|0.93|1.04|0.97|1.01|0.98
5290|1.03|0.97|0.93|1.04|0.97|1.01|0.98
5291|1.07|1.01|1.09|0.93|0.95|1.01|0.97
5291|1.07|1.01|1.09|0.93|0.95|1.01|0.97
5291|1.07|1.01|1.09|0.93|0.95|1.01|0.97
5291|1.07|1.01|1.09|0.93|0.95|1.01|0.97
5291|1.07|1.01|1.09|0.93|0.95|1.01|0.97
5291|1.07|1.01|1.09|0.93|0.95|1.01|0.97
5291|1.07|1.01|1.09|0.93|0.95|1.01|0.97
5291|1.07|1.01|1.09|0.93|0.95|1.01|0.97
5291|1.07|1.01|1.09|0.93|0.95|1.01|0.97
5291|1.07|1.01|1.09|0.93|0.95|1.01|0.97
5291|1.07|1.01|1.09|0.93|0.95|1.01|0.97
5291|1.07|1.01|1.09|0.93|0.95|1.01|0.97
5291|1.07|1.01|1.09|0.93|0.95|1.01|0.97
5291|1.07|1.01|1.09|0.93|0.95|1.01|0.97
5291|1.07|1.01|1.09|0.93|0.95|1.01|0.97
5291|1.07|1.01|1.09|0.93|0.95|1.01|0.97
5291|1.07|1.01|1.09|0.93|0.95|1.01|0.97
5291|1.07|1.01|1.09|0.93|0.95|1.01|0.97
5291|1.07|1.01|1.09|0.93|0.95|1.01|0.97
5291|1.07|1.01|1.09|0.93|0.95|1.01|0.97
5291|1.07|1.01|1.09|0.93|0.95|1.01|0.97
5291|1.07|1.01|1.09|0.93|0.95|1.01|0.97
5291|1.07|1.01|1.09|0.93|0.95|1.01|0.97
5291|1.07|1.01|1.09|0.93|0.95|1.01|0.97
5291|1.07|1.01|1.09|0.93|0.95|1.01|0.97
5291|1.07|1.01|1.09|0.93|0.95|1.01|0.97
5291|1.07|1.01|1.09|0.93|0.95|1.01|0.97
5291|1.07|1.01|1.09|0.93|0.95|1.01|0.97
5291|1.07|1.01|1.09|0.93|0.95|1.01|0.97
5291|1.07|1.01|1.09|0.93|0.95|1.01|0.97
5291|1.07|1.01|1.09|0.93|0.95|1.01|0.97
5291|1.07|1.01|1.09|0.93|0.95|1.01|0.97
5291|1.07|1.01|1.09|0.93|0.95|1.01|0.97
5291|1.07|1.01|1.09|0.93|0.95|1.01|0.97
5291|1.07|1.01|1.09|0.93|0.95|1.01|0.97
5291|1.07|1.01|1.09|0.93|0.95|1.01|0.97
5291|1.07|1.01|1.09|0.93|0.95|1.01|0.97
5291|1.07|1.01|1.09|0.93|0.95|1.01|0.97
5291|1.07|1.01|1.09|0.93|0.95|1.01|0.97
5291|1.07|1.01|1.09|0.93|0.95|1.01|0.97
5291|1.07|1.01|1.09|0.93|0.95|1.01|0.97
5291|1.07|1.01|1.09|0.93|0.95|1.01|0.97
5291|1.07|1.01|1.09|0.93|0.95|1.01|0.97
5291|1.07|1.01|1.09|0.93|0.95|1.01|0.97
5291|1.07|1.01|1.09|0.93|0.95|1.01|0.97
5291|1.07|1.01|1.09|0.93|0.95|1.01|0.97
5291|1.07|1.01|1.09|0.93|0.95|1.01|0.97
5291|1.07|1.01|1.09|0.93|0.95|1.01|0.97
5291|1.07|1.01|1.09|0.93|0.95|1.01|0.97
5292|0.99|1.01|0.97|0.92|1.01|1.03|0.94
5292|0.99|1.01|0.97|0.92|1.01|1.03|0.94
5292|0.99|1.01|0.97|0.92|1.01|1.03|0.94
5292|0.99|1.01|0.97|0.92|1.01|1.03|0.94
5292|0.99|1.01|0.97|0.92|1.01|1.03|0.94
5292|0.99|1.01|0.97|0.92|1.01|1.03|0.94
5292|0.99|1.01|0.97|0.92|1.01|1.03|0.94
5292|0.99|1.01|0.97|0.92|1.01|1.03|0.94
5292|0.99|1.01|0.97|0.92|1.01|1.03|0.94
5292|0.99|1.01|0.97|0.92|1.01|1.03|0.94
5292|0.99|1.01|0.97|0.92|1.01|1.03|0.94
5292|0.99|1.01|0.97|0.92|1.01|1.03|0.94
5292|0.99|1.01|0.97|0.92|1.01|1.03|0.94
5292|0.99|1.01|0.97|0.92|1.01|1.03|0.94
5292|0.99|1.01|0.97|0.92|1.01|1.03|0.94
5292|0.99|1.01|0.97|0.92|1.01|1.03|0.94
5292|0.99|1.01|0.97|0.92|1.01|1.03|0.94
5292|0.99|1.01|0.97|0.92|1.01|1.03|0.94
5292|0.99|1.01|0.97|0.92|1.01|1.03|0.94
5292|0.99|1.01|0.97|0.92|1.01|1.03|0.94
5292|0.99|1.01|0.97|0.92|1.01|1.03|0.94
5292|0.99|1.01|0.97|0.92|1.01|1.03|0.94
5292|0.99|1.01|0.97|0.92|1.01|1.03|0.94
5292|0.99|1.01|0.97|0.92|1.01|1.03|0.94
5292|0.99|1.01|0.97|0.92|1.01|1.03|0.94
5292|0.99|1.01|0.97|0.92|1.01|1.03|0.94
5292|0.99|1.01|0.97|0.92|1.01|1.03|0.94
5292|0.99|1.01|0.97|0.92|1.01|1.03|0.94
5292|0.99|1.01|0.97|0.92|1.01|1.03|0.94
5292|0.99|1.01|0.97|0.92|1.01|1.03|0.94
5292|0.99|1.01|0.97|0.92|1.01|1.03|0.94
5292|0.99|1.01|0.97|0.92|1.01|1.03|0.94
5292|0.99|1.01|0.97|0.92|1.01|1.03|0.94
5292|0.99|1.01|0.97|0.92|1.01|1.03|0.94
5292|0.99|1.01|0.97|0.92|1.01|1.03|0.94
5292|0.99|1.01|0.97|0.92|1.01|1.03|0.94
5292|0.99|1.01|0.97|0.92|1.01|1.03|0.94
5292|0.99|1.01|0.97|0.92|1.01|1.03|0.94
5292|0.99|1.01|0.97|0.92|1.01|1.03|0.94
5292|0.99|1.01|0.97|0.92|1.01|1.03|0.94
5292|0.99|1.01|0.97|0.92|1.01|1.03|0.94
5292|0.99|1.01|0.97|0.92|1.01|1.03|0.94
5292|0.99|1.01|0.97|0.92|1.01|1.03|0.94
5292|0.99|1.01|0.97|0.92|1.01|1.03|0.94
5292|0.99|1.01|0.97|0.92|1.01|1.03|0.94
5292|0.99|1.01|0.97|0.92|1.01|1.03|0.94
5292|0.99|1.01|0.97|0.92|1.01|1.03|0.94
5292|0.99|1.01|0.97|0.92|1.01|1.03|0.94
5292|0.99|1.01|0.97|0.92|1.01|1.03|0.94
5293|0.99|0.91|1.01|0.99|1.02|1.08|1.03
5293|0.99|0.91|1.01|0.99|1.02|1.08|1.03
5293|0.99|0.91|1.01|0.99|1.02|1.08|1.03
5293|0.99|0.91|1.01|0.99|1.02|1.08|1.03
5293|0.99|0.91|1.01|0.99|1.02|1.08|1.03
5293|0.99|0.91|1.01|0.99|1.02|1.08|1.03
5293|0.99|0.91|1.01|0.99|1.02|1.08|1.03
5293|0.99|0.91|1.01|0.99|1.02|1.08|1.03
5293|0.99|0.91|1.01|0.99|1.02|1.08|1.03
5293|0.99|0.91|1.01|0.99|1.02|1.08|1.03
5293|0.99|0.91|1.01|0.99|1.02|1.08|1.03
5293|0.99|0.91|1.01|0.99|1.02|1.08|1.03
5293|0.99|0.91|1.01|0.99|1.02|1.08|1.03
5293|0.99|0.91|1.01|0.99|1.02|1.08|1.03
5293|0.99|0.91|1.01|0.99|1.02|1.08|1.03
5293|0.99|0.91|1.01|0.99|1.02|1.08|1.03
5293|0.99|0.91|1.01|0.99|1.02|1.08|1.03
5293|0.99|0.91|1.01|0.99|1.02|1.08|1.03
5293|0.99|0.91|1.01|0.99|1.02|1.08|1.03
5293|0.99|0.91|1.01|0.99|1.02|1.08|1.03
5293|0.99|0.91|1.01|0.99|1.02|1.08|1.03
5293|0.99|0.91|1.01|0.99|1.02|1.08|1.03
5293|0.99|0.91|1.01|0.99|1.02|1.08|1.03
5293|0.99|0.91|1.01|0.99|1.02|1.08|1.03
5293|0.99|0.91|1.01|0.99|1.02|1.08|1.03
5293|0.99|0.91|1.01|0.99|1.02|1.08|1.03
5293|0.99|0.91|1.01|0.99|1.02|1.08|1.03
5293|0.99|0.91|1.01|0.99|1.02|1.08|1.03
5293|0.99|0.91|1.01|0.99|1.02|1.08|1.03
5293|0.99|0.91|1.01|0.99|1.02|1.08|1.03
5293|0.99|0.91|1.01|0.99|1.02|1.08|1.03
5293|0.99|0.91|1.01|0.99|1.02|1.08|1.03
5293|0.99|0.91|1.01|0.99|1.02|1.08|1.03
5293|0.99|0.91|1.01|0.99|1.02|1.08|1.03
5293|0.99|0.91|1.01|0.99|1.02|1.08|1.03
5293|0.99|0.91|1.01|0.99|1.02|1.08|1.03
5293|0.99|0.91|1.01|0.99|1.02|1.08|1.03
5293|0.99|0.91|1.01|0.99|1.02|1.08|1.03
5293|0.99|0.91|1.01|0.99|1.02|1.08|1.03
5293|0.99|0.91|1.01|0.99|1.02|1.08|1.03
5293|0.99|0.91|1.01|0.99|1.02|1.08|1.03
5293|0.99|0.91|1.01|0.99|1.02|1.08|1.03
5293|0.99|0.91|1.01|0.99|1.02|1.08|1.03
5293|0.99|0.91|1.01|0.99|1.02|1.08|1.03
5293|0.99|0.91|1.01|0.99|1.02|1.08|1.03
5293|0.99|0.91|1.01|0.99|1.02|1.08|1.03
5293|0.99|0.91|1.01|0.99|1.02|1.08|1.03
5293|0.99|0.91|1.01|0.99|1.02|1.08|1.03
5293|0.99|0.91|1.01|0.99|1.02|1.08|1.03
5294|1.11|1.01|0.95|0.96|0.9|0.99|1.02
5294|1.11|1.01|0.95|0.96|0.9|0.99|1.02
5294|1.11|1.01|0.95|0.96|0.9|0.99|1.02
5294|1.11|1.01|0.95|0.96|0.9|0.99|1.02
5294|1.11|1.01|0.95|0.96|0.9|0.99|1.02
5294|1.11|1.01|0.95|0.96|0.9|0.99|1.02
5294|1.11|1.01|0.95|0.96|0.9|0.99|1.02
5294|1.11|1.01|0.95|0.96|0.9|0.99|1.02
5294|1.11|1.01|0.95|0.96|0.9|0.99|1.02
5294|1.11|1.01|0.95|0.96|0.9|0.99|1.02
5294|1.11|1.01|0.95|0.96|0.9|0.99|1.02
5294|1.11|1.01|0.95|0.96|0.9|0.99|1.02
5294|1.11|1.01|0.95|0.96|0.9|0.99|1.02
5294|1.11|1.01|0.95|0.96|0.9|0.99|1.02
5294|1.11|1.01|0.95|0.96|0.9|0.99|1.02
5294|1.11|1.01|0.95|0.96|0.9|0.99|1.02
5294|1.11|1.01|0.95|0.96|0.9|0.99|1.02
5294|1.11|1.01|0.95|0.96|0.9|0.99|1.02
5294|1.11|1.01|0.95|0.96|0.9|0.99|1.02
5294|1.11|1.01|0.95|0.96|0.9|0.99|1.02
5294|1.11|1.01|0.95|0.96|0.9|0.99|1.02
5294|1.11|1.01|0.95|0.96|0.9|0.99|1.02
5294|1.11|1.01|0.95|0.96|0.9|0.99|1.02
5294|1.11|1.01|0.95|0.96|0.9|0.99|1.02
5294|1.11|1.01|0.95|0.96|0.9|0.99|1.02
5294|1.11|1.01|0.95|0.96|0.9|0.99|1.02
5294|1.11|1.01|0.95|0.96|0.9|0.99|1.02
5294|1.11|1.01|0.95|0.96|0.9|0.99|1.02
5294|1.11|1.01|0.95|0.96|0.9|0.99|1.02
5294|1.11|1.01|0.95|0.96|0.9|0.99|1.02
5294|1.11|1.01|0.95|0.96|0.9|0.99|1.02
5294|1.11|1.01|0.95|0.96|0.9|0.99|1.02
5294|1.11|1.01|0.95|0.96|0.9|0.99|1.02
5294|1.11|1.01|0.95|0.96|0.9|0.99|1.02
5294|1.11|1.01|0.95|0.96|0.9|0.99|1.02
5294|1.11|1.01|0.95|0.96|0.9|0.99|1.02
5294|1.11|1.01|0.95|0.96|0.9|0.99|1.02
5294|1.11|1.01|0.95|0.96|0.9|0.99|1.02
5294|1.11|1.01|0.95|0.96|0.9|0.99|1.02
5294|1.11|1.01|0.95|0.96|0.9|0.99|1.02
5294|1.11|1.01|0.95|0.96|0.9|0.99|1.02
5294|1.11|1.01|0.95|0.96|0.9|0.99|1.02
5294|1.11|1.01|0.95|0.96|0.9|0.99|1.02
5294|1.11|1.01|0.95|0.96|0.9|0.99|1.02
5294|1.11|1.01|0.95|0.96|0.9|0.99|1.02
5294|1.11|1.01|0.95|0.96|0.9|0.99|1.02
5294|1.11|1.01|0.95|0.96|0.9|0.99|1.02
5294|1.11|1.01|0.95|0.96|0.9|0.99|1.02
5294|1.11|1.01|0.95|0.96|0.9|0.99|1.02
5295|1.03|0.99|1.03|1.0|1.04|0.94|0.97
5295|1.03|0.99|1.03|1.0|1.04|0.94|0.97
5295|1.03|0.99|1.03|1.0|1.04|0.94|0.97
5295|1.03|0.99|1.03|1.0|1.04|0.94|0.97
5295|1.03|0.99|1.03|1.0|1.04|0.94|0.97
5295|1.03|0.99|1.03|1.0|1.04|0.94|0.97
5295|1.03|0.99|1.03|1.0|1.04|0.94|0.97
5295|1.03|0.99|1.03|1.0|1.04|0.94|0.97
5295|1.03|0.99|1.03|1.0|1.04|0.94|0.97
5295|1.03|0.99|1.03|1.0|1.04|0.94|0.97
5295|1.03|0.99|1.03|1.0|1.04|0.94|0.97
5295|1.03|0.99|1.03|1.0|1.04|0.94|0.97
5295|1.03|0.99|1.03|1.0|1.04|0.94|0.97
5295|1.03|0.99|1.03|1.0|1.04|0.94|0.97
5295|1.03|0.99|1.03|1.0|1.04|0.94|0.97
5295|1.03|0.99|1.03|1.0|1.04|0.94|0.97
5295|1.03|0.99|1.03|1.0|1.04|0.94|0.97
5295|1.03|0.99|1.03|1.0|1.04|0.94|0.97
5295|1.03|0.99|1.03|1.0|1.04|0.94|0.97
5295|1.03|0.99|1.03|1.0|1.04|0.94|0.97
5295|1.03|0.99|1.03|1.0|1.04|0.94|0.97
5295|1.03|0.99|1.03|1.0|1.04|0.94|0.97
5295|1.03|0.99|1.03|1.0|1.04|0.94|0.97
5295|1.03|0.99|1.03|1.0|1.04|0.94|0.97
5295|1.03|0.99|1.03|1.0|1.04|0.94|0.97
5295|1.03|0.99|1.03|1.0|1.04|0.94|0.97
5295|1.03|0.99|1.03|1.0|1.04|0.94|0.97
5295|1.03|0.99|1.03|1.0|1.04|0.94|0.97
5295|1.03|0.99|1.03|1.0|1.04|0.94|0.97
5295|1.03|0.99|1.03|1.0|1.04|0.94|0.97
5295|1.03|0.99|1.03|1.0|1.04|0.94|0.97
5295|1.03|0.99|1.03|1.0|1.04|0.94|0.97
5295|1.03|0.99|1.03|1.0|1.04|0.94|0.97
5295|1.03|0.99|1.03|1.0|1.04|0.94|0.97
5295|1.03|0.99|1.03|1.0|1.04|0.94|0.97
5295|1.03|0.99|1.03|1.0|1.04|0.94|0.97
5295|1.03|0.99|1.03|1.0|1.04|0.94|0.97
5295|1.03|0.99|1.03|1.0|1.04|0.94|0.97
5295|1.03|0.99|1.03|1.0|1.04|0.94|0.97
5295|1.03|0.99|1.03|1.0|1.04|0.94|0.97
5295|1.03|0.99|1.03|1.0|1.04|0.94|0.97
5295|1.03|0.99|1.03|1.0|1.04|0.94|0.97
5295|1.03|0.99|1.03|1.0|1.04|0.94|0.97
5295|1.03|0.99|1.03|1.0|1.04|0.94|0.97
5295|1.03|0.99|1.03|1.0|1.04|0.94|0.97
5295|1.03|0.99|1.03|1.0|1.04|0.94|0.97
5295|1.03|0.99|1.03|1.0|1.04|0.94|0.97
5295|1.03|0.99|1.03|1.0|1.04|0.94|0.97
5295|1.03|0.99|1.03|1.0|1.04|0.94|0.97
5296|1.02|0.99|1.01|0.99|0.99|1.05|1.03
5296|1.02|0.99|1.01|0.99|0.99|1.05|1.03
5296|1.02|0.99|1.01|0.99|0.99|1.05|1.03
5296|1.02|0.99|1.01|0.99|0.99|1.05|1.03
5296|1.02|0.99|1.01|0.99|0.99|1.05|1.03
5296|1.02|0.99|1.01|0.99|0.99|1.05|1.03
5296|1.02|0.99|1.01|0.99|0.99|1.05|1.03
5296|1.02|0.99|1.01|0.99|0.99|1.05|1.03
5296|1.02|0.99|1.01|0.99|0.99|1.05|1.03
5296|1.02|0.99|1.01|0.99|0.99|1.05|1.03
5296|1.02|0.99|1.01|0.99|0.99|1.05|1.03
5296|1.02|0.99|1.01|0.99|0.99|1.05|1.03
5296|1.02|0.99|1.01|0.99|0.99|1.05|1.03
5296|1.02|0.99|1.01|0.99|0.99|1.05|1.03
5296|1.02|0.99|1.01|0.99|0.99|1.05|1.03
5296|1.02|0.99|1.01|0.99|0.99|1.05|1.03
5296|1.02|0.99|1.01|0.99|0.99|1.05|1.03
5296|1.02|0.99|1.01|0.99|0.99|1.05|1.03
5296|1.02|0.99|1.01|0.99|0.99|1.05|1.03
5296|1.02|0.99|1.01|0.99|0.99|1.05|1.03
5296|1.02|0.99|1.01|0.99|0.99|1.05|1.03
5296|1.02|0.99|1.01|0.99|0.99|1.05|1.03
5296|1.02|0.99|1.01|0.99|0.99|1.05|1.03
5296|1.02|0.99|1.01|0.99|0.99|1.05|1.03
5296|1.02|0.99|1.01|0.99|0.99|1.05|1.03
5296|1.02|0.99|1.01|0.99|0.99|1.05|1.03
5296|1.02|0.99|1.01|0.99|0.99|1.05|1.03
5296|1.02|0.99|1.01|0.99|0.99|1.05|1.03
5296|1.02|0.99|1.01|0.99|0.99|1.05|1.03
5296|1.02|0.99|1.01|0.99|0.99|1.05|1.03
5296|1.02|0.99|1.01|0.99|0.99|1.05|1.03
5296|1.02|0.99|1.01|0.99|0.99|1.05|1.03
5296|1.02|0.99|1.01|0.99|0.99|1.05|1.03
5296|1.02|0.99|1.01|0.99|0.99|1.05|1.03
5296|1.02|0.99|1.01|0.99|0.99|1.05|1.03
5296|1.02|0.99|1.01|0.99|0.99|1.05|1.03
5296|1.02|0.99|1.01|0.99|0.99|1.05|1.03
5296|1.02|0.99|1.01|0.99|0.99|1.05|1.03
5296|1.02|0.99|1.01|0.99|0.99|1.05|1.03
5296|1.02|0.99|1.01|0.99|0.99|1.05|1.03
5296|1.02|0.99|1.01|0.99|0.99|1.05|1.03
5296|1.02|0.99|1.01|0.99|0.99|1.05|1.03
5296|1.02|0.99|1.01|0.99|0.99|1.05|1.03
5296|1.02|0.99|1.01|0.99|0.99|1.05|1.03
5296|1.02|0.99|1.01|0.99|0.99|1.05|1.03
5296|1.02|0.99|1.01|0.99|0.99|1.05|1.03
5296|1.02|0.99|1.01|0.99|0.99|1.05|1.03
5296|1.02|0.99|1.01|0.99|0.99|1.05|1.03
5296|1.02|0.99|1.01|0.99|0.99|1.05|1.03
5297|0.99|1.04|1.1|1.02|0.97|0.98|0.99
5297|0.99|1.04|1.1|1.02|0.97|0.98|0.99
5297|0.99|1.04|1.1|1.02|0.97|0.98|0.99
5297|0.99|1.04|1.1|1.02|0.97|0.98|0.99
5297|0.99|1.04|1.1|1.02|0.97|0.98|0.99
5297|0.99|1.04|1.1|1.02|0.97|0.98|0.99
5297|0.99|1.04|1.1|1.02|0.97|0.98|0.99
5297|0.99|1.04|1.1|1.02|0.97|0.98|0.99
5297|0.99|1.04|1.1|1.02|0.97|0.98|0.99
5297|0.99|1.04|1.1|1.02|0.97|0.98|0.99
5297|0.99|1.04|1.1|1.02|0.97|0.98|0.99
5297|0.99|1.04|1.1|1.02|0.97|0.98|0.99
5297|0.99|1.04|1.1|1.02|0.97|0.98|0.99
5297|0.99|1.04|1.1|1.02|0.97|0.98|0.99
5297|0.99|1.04|1.1|1.02|0.97|0.98|0.99
5297|0.99|1.04|1.1|1.02|0.97|0.98|0.99
5297|0.99|1.04|1.1|1.02|0.97|0.98|0.99
5297|0.99|1.04|1.1|1.02|0.97|0.98|0.99
5297|0.99|1.04|1.1|1.02|0.97|0.98|0.99
5297|0.99|1.04|1.1|1.02|0.97|0.98|0.99
5297|0.99|1.04|1.1|1.02|0.97|0.98|0.99
5297|0.99|1.04|1.1|1.02|0.97|0.98|0.99
5297|0.99|1.04|1.1|1.02|0.97|0.98|0.99
5297|0.99|1.04|1.1|1.02|0.97|0.98|0.99
5297|0.99|1.04|1.1|1.02|0.97|0.98|0.99
5297|0.99|1.04|1.1|1.02|0.97|0.98|0.99
5297|0.99|1.04|1.1|1.02|0.97|0.98|0.99
5297|0.99|1.04|1.1|1.02|0.97|0.98|0.99
5297|0.99|1.04|1.1|1.02|0.97|0.98|0.99
5297|0.99|1.04|1.1|1.02|0.97|0.98|0.99
5297|0.99|1.04|1.1|1.02|0.97|0.98|0.99
5297|0.99|1.04|1.1|1.02|0.97|0.98|0.99
5297|0.99|1.04|1.1|1.02|0.97|0.98|0.99
5297|0.99|1.04|1.1|1.02|0.97|0.98|0.99
5297|0.99|1.04|1.1|1.02|0.97|0.98|0.99
5297|0.99|1.04|1.1|1.02|0.97|0.98|0.99
5297|0.99|1.04|1.1|1.02|0.97|0.98|0.99
5297|0.99|1.04|1.1|1.02|0.97|0.98|0.99
5297|0.99|1.04|1.1|1.02|0.97|0.98|0.99
5297|0.99|1.04|1.1|1.02|0.97|0.98|0.99
5297|0.99|1.04|1.1|1.02|0.97|0.98|0.99
5297|0.99|1.04|1.1|1.02|0.97|0.98|0.99
5297|0.99|1.04|1.1|1.02|0.97|0.98|0.99
5297|0.99|1.04|1.1|1.02|0.97|0.98|0.99
5297|0.99|1.04|1.1|1.02|0.97|0.98|0.99
5297|0.99|1.04|1.1|1.02|0.97|0.98|0.99
5297|0.99|1.04|1.1|1.02|0.97|0.98|0.99
5297|0.99|1.04|1.1|1.02|0.97|0.98|0.99
5297|0.99|1.04|1.1|1.02|0.97|0.98|0.99
5298|0.99|1.02|1.08|1.0|1.02|1.02|1.11
5298|0.99|1.02|1.08|1.0|1.02|1.02|1.11
5298|0.99|1.02|1.08|1.0|1.02|1.02|1.11
5298|0.99|1.02|1.08|1.0|1.02|1.02|1.11
5298|0.99|1.02|1.08|1.0|1.02|1.02|1.11
5298|0.99|1.02|1.08|1.0|1.02|1.02|1.11
5298|0.99|1.02|1.08|1.0|1.02|1.02|1.11
5298|0.99|1.02|1.08|1.0|1.02|1.02|1.11
5298|0.99|1.02|1.08|1.0|1.02|1.02|1.11
5298|0.99|1.02|1.08|1.0|1.02|1.02|1.11
5298|0.99|1.02|1.08|1.0|1.02|1.02|1.11
5298|0.99|1.02|1.08|1.0|1.02|1.02|1.11
5298|0.99|1.02|1.08|1.0|1.02|1.02|1.11
5298|0.99|1.02|1.08|1.0|1.02|1.02|1.11
5298|0.99|1.02|1.08|1.0|1.02|1.02|1.11
5298|0.99|1.02|1.08|1.0|1.02|1.02|1.11
5298|0.99|1.02|1.08|1.0|1.02|1.02|1.11
5298|0.99|1.02|1.08|1.0|1.02|1.02|1.11
5298|0.99|1.02|1.08|1.0|1.02|1.02|1.11
5298|0.99|1.02|1.08|1.0|1.02|1.02|1.11
5298|0.99|1.02|1.08|1.0|1.02|1.02|1.11
5298|0.99|1.02|1.08|1.0|1.02|1.02|1.11
5298|0.99|1.02|1.08|1.0|1.02|1.02|1.11
5298|0.99|1.02|1.08|1.0|1.02|1.02|1.11
5298|0.99|1.02|1.08|1.0|1.02|1.02|1.11
5298|0.99|1.02|1.08|1.0|1.02|1.02|1.11
5298|0.99|1.02|1.08|1.0|1.02|1.02|1.11
5298|0.99|1.02|1.08|1.0|1.02|1.02|1.11
5298|0.99|1.02|1.08|1.0|1.02|1.02|1.11
5298|0.99|1.02|1.08|1.0|1.02|1.02|1.11
5298|0.99|1.02|1.08|1.0|1.02|1.02|1.11
5298|0.99|1.02|1.08|1.0|1.02|1.02|1.11
5298|0.99|1.02|1.08|1.0|1.02|1.02|1.11
5298|0.99|1.02|1.08|1.0|1.02|1.02|1.11
5298|0.99|1.02|1.08|1.0|1.02|1.02|1.11
5298|0.99|1.02|1.08|1.0|1.02|1.02|1.11
5298|0.99|1.02|1.08|1.0|1.02|1.02|1.11
5298|0.99|1.02|1.08|1.0|1.02|1.02|1.11
5298|0.99|1.02|1.08|1.0|1.02|1.02|1.11
5298|0.99|1.02|1.08|1.0|1.02|1.02|1.11
5298|0.99|1.02|1.08|1.0|1.02|1.02|1.11
5298|0.99|1.02|1.08|1.0|1.02|1.02|1.11
5298|0.99|1.02|1.08|1.0|1.02|1.02|1.11
5298|0.99|1.02|1.08|1.0|1.02|1.02|1.11
5298|0.99|1.02|1.08|1.0|1.02|1.02|1.11
5298|0.99|1.02|1.08|1.0|1.02|1.02|1.11
5298|0.99|1.02|1.08|1.0|1.02|1.02|1.11
5298|0.99|1.02|1.08|1.0|1.02|1.02|1.11
5298|0.99|1.02|1.08|1.0|1.02|1.02|1.11
5299|1.06|0.96|0.99|1.07|0.97|1.09|1.04
5299|1.06|0.96|0.99|1.07|0.97|1.09|1.04
5299|1.06|0.96|0.99|1.07|0.97|1.09|1.04
5299|1.06|0.96|0.99|1.07|0.97|1.09|1.04
5299|1.06|0.96|0.99|1.07|0.97|1.09|1.04
5299|1.06|0.96|0.99|1.07|0.97|1.09|1.04
5299|1.06|0.96|0.99|1.07|0.97|1.09|1.04
5299|1.06|0.96|0.99|1.07|0.97|1.09|1.04
5299|1.06|0.96|0.99|1.07|0.97|1.09|1.04
5299|1.06|0.96|0.99|1.07|0.97|1.09|1.04
5299|1.06|0.96|0.99|1.07|0.97|1.09|1.04
5299|1.06|0.96|0.99|1.07|0.97|1.09|1.04
5299|1.06|0.96|0.99|1.07|0.97|1.09|1.04
5299|1.06|0.96|0.99|1.07|0.97|1.09|1.04
5299|1.06|0.96|0.99|1.07|0.97|1.09|1.04
5299|1.06|0.96|0.99|1.07|0.97|1.09|1.04
5299|1.06|0.96|0.99|1.07|0.97|1.09|1.04
5299|1.06|0.96|0.99|1.07|0.97|1.09|1.04
5299|1.06|0.96|0.99|1.07|0.97|1.09|1.04
5299|1.06|0.96|0.99|1.07|0.97|1.09|1.04
5299|1.06|0.96|0.99|1.07|0.97|1.09|1.04
5299|1.06|0.96|0.99|1.07|0.97|1.09|1.04
5299|1.06|0.96|0.99|1.07|0.97|1.09|1.04
5299|1.06|0.96|0.99|1.07|0.97|1.09|1.04
5299|1.06|0.96|0.99|1.07|0.97|1.09|1.04
5299|1.06|0.96|0.99|1.07|0.97|1.09|1.04
5299|1.06|0.96|0.99|1.07|0.97|1.09|1.04
5299|1.06|0.96|0.99|1.07|0.97|1.09|1.04
5299|1.06|0.96|0.99|1.07|0.97|1.09|1.04
5299|1.06|0.96|0.99|1.07|0.97|1.09|1.04
5299|1.06|0.96|0.99|1.07|0.97|1.09|1.04
5299|1.06|0.96|0.99|1.07|0.97|1.09|1.04
5299|1.06|0.96|0.99|1.07|0.97|1.09|1.04
5299|1.06|0.96|0.99|1.07|0.97|1.09|1.04
5299|1.06|0.96|0.99|1.07|0.97|1.09|1.04
5299|1.06|0.96|0.99|1.07|0.97|1.09|1.04
5299|1.06|0.96|0.99|1.07|0.97|1.09|1.04
5299|1.06|0.96|0.99|1.07|0.97|1.09|1.04
5299|1.06|0.96|0.99|1.07|0.97|1.09|1.04
5299|1.06|0.96|0.99|1.07|0.97|1.09|1.04
5299|1.06|0.96|0.99|1.07|0.97|1.09|1.04
5299|1.06|0.96|0.99|1.07|0.97|1.09|1.04
5299|1.06|0.96|0.99|1.07|0.97|1.09|1.04
5299|1.06|0.96|0.99|1.07|0.97|1.09|1.04
5299|1.06|0.96|0.99|1.07|0.97|1.09|1.04
5299|1.06|0.96|0.99|1.07|0.97|1.09|1.04
5299|1.06|0.96|0.99|1.07|0.97|1.09|1.04
5299|1.06|0.96|0.99|1.07|0.97|1.09|1.04
5299|1.06|0.96|0.99|1.07|0.97|1.09|1.04
5300|0.45|0.45|1.05|0.97|1.0|0.57|0.42
5300|0.45|0.45|1.05|0.97|1.0|0.57|0.42
5300|0.45|0.45|1.05|0.97|1.0|0.57|0.42
5300|0.45|0.45|1.05|0.97|1.0|0.57|0.42
5300|0.45|0.45|1.05|0.97|1.0|0.57|0.42
5300|0.45|0.45|1.05|0.97|1.0|0.57|0.42
5300|0.45|0.45|1.05|0.97|1.0|0.57|0.42
5300|0.45|0.45|1.05|0.97|1.0|0.57|0.42
5300|0.45|0.45|1.05|0.97|1.0|0.57|0.42
5300|0.45|0.45|1.05|0.97|1.0|0.57|0.42
5300|0.45|0.45|1.05|0.97|1.0|0.57|0.42
5300|0.45|0.45|1.05|0.97|1.0|0.57|0.42
5300|0.45|0.45|1.05|0.97|1.0|0.57|0.42
5300|0.45|0.45|1.05|0.97|1.0|0.57|0.42
5300|0.45|0.45|1.05|0.97|1.0|0.57|0.42
5300|0.45|0.45|1.05|0.97|1.0|0.57|0.42
5300|0.45|0.45|1.05|0.97|1.0|0.57|0.42
5300|0.45|0.45|1.05|0.97|1.0|0.57|0.42
5300|0.45|0.45|1.05|0.97|1.0|0.57|0.42
5300|0.45|0.45|1.05|0.97|1.0|0.57|0.42
5300|0.45|0.45|1.05|0.97|1.0|0.57|0.42
5300|0.45|0.45|1.05|0.97|1.0|0.57|0.42
5300|0.45|0.45|1.05|0.97|1.0|0.57|0.42
5300|0.45|0.45|1.05|0.97|1.0|0.57|0.42
5300|0.45|0.45|1.05|0.97|1.0|0.57|0.42
5300|0.45|0.45|1.05|0.97|1.0|0.57|0.42
5300|0.45|0.45|1.05|0.97|1.0|0.57|0.42
5300|0.45|0.45|1.05|0.97|1.0|0.57|0.42
5300|0.45|0.45|1.05|0.97|1.0|0.57|0.42
5300|0.45|0.45|1.05|0.97|1.0|0.57|0.42
5300|0.45|0.45|1.05|0.97|1.0|0.57|0.42
5300|0.45|0.45|1.05|0.97|1.0|0.57|0.42
5300|0.45|0.45|1.05|0.97|1.0|0.57|0.42
5300|0.45|0.45|1.05|0.97|1.0|0.57|0.42
5300|0.45|0.45|1.05|0.97|1.0|0.57|0.42
5300|0.45|0.45|1.05|0.97|1.0|0.57|0.42
5300|0.45|0.45|1.05|0.97|1.0|0.57|0.42
5300|0.45|0.45|1.05|0.97|1.0|0.57|0.42
5300|0.45|0.45|1.05|0.97|1.0|0.57|0.42
5300|0.45|0.45|1.05|0.97|1.0|0.57|0.42
5300|0.45|0.45|1.05|0.97|1.0|0.57|0.42
5300|0.45|0.45|1.05|0.97|1.0|0.57|0.42
5300|0.45|0.45|1.05|0.97|1.0|0.57|0.42
5300|0.45|0.45|1.05|0.97|1.0|0.57|0.42
5300|0.45|0.45|1.05|0.97|1.0|0.57|0.42
5300|0.45|0.45|1.05|0.97|1.0|0.57|0.42
5300|0.45|0.45|1.05|0.97|1.0|0.57|0.42
5300|0.45|0.45|1.05|0.97|1.0|0.57|0.42
5300|0.45|0.45|1.05|0.97|1.0|0.57|0.42
5301|1.03|1.0|0.43|0.45|0.8|1.0|1.09
5301|1.03|1.0|0.43|0.45|0.8|1.0|1.09
5301|1.03|1.0|0.43|0.45|0.8|1.0|1.09
5301|1.03|1.0|0.43|0.45|0.8|1.0|1.09
5301|1.03|1.0|0.43|0.45|0.8|1.0|1.09
5301|1.03|1.0|0.43|0.45|0.8|1.0|1.09
5301|1.03|1.0|0.43|0.45|0.8|1.0|1.09
5301|1.03|1.0|0.43|0.45|0.8|1.0|1.09
5301|1.03|1.0|0.43|0.45|0.8|1.0|1.09
5301|1.03|1.0|0.43|0.45|0.8|1.0|1.09
5301|1.03|1.0|0.43|0.45|0.8|1.0|1.09
5301|1.03|1.0|0.43|0.45|0.8|1.0|1.09
5301|1.03|1.0|0.43|0.45|0.8|1.0|1.09
5301|1.03|1.0|0.43|0.45|0.8|1.0|1.09
5301|1.03|1.0|0.43|0.45|0.8|1.0|1.09
5301|1.03|1.0|0.43|0.45|0.8|1.0|1.09
5301|1.03|1.0|0.43|0.45|0.8|1.0|1.09
5301|1.03|1.0|0.43|0.45|0.8|1.0|1.09
5301|1.03|1.0|0.43|0.45|0.8|1.0|1.09
5301|1.03|1.0|0.43|0.45|0.8|1.0|1.09
5301|1.03|1.0|0.43|0.45|0.8|1.0|1.09
5301|1.03|1.0|0.43|0.45|0.8|1.0|1.09
5301|1.03|1.0|0.43|0.45|0.8|1.0|1.09
5301|1.03|1.0|0.43|0.45|0.8|1.0|1.09
5301|1.03|1.0|0.43|0.45|0.8|1.0|1.09
5301|1.03|1.0|0.43|0.45|0.8|1.0|1.09
5301|1.03|1.0|0.43|0.45|0.8|1.0|1.09
5301|1.03|1.0|0.43|0.45|0.8|1.0|1.09
5301|1.03|1.0|0.43|0.45|0.8|1.0|1.09
5301|1.03|1.0|0.43|0.45|0.8|1.0|1.09
5301|1.03|1.0|0.43|0.45|0.8|1.0|1.09
5301|1.03|1.0|0.43|0.45|0.8|1.0|1.09
5301|1.03|1.0|0.43|0.45|0.8|1.0|1.09
5301|1.03|1.0|0.43|0.45|0.8|1.0|1.09
5301|1.03|1.0|0.43|0.45|0.8|1.0|1.09
5301|1.03|1.0|0.43|0.45|0.8|1.0|1.09
5301|1.03|1.0|0.43|0.45|0.8|1.0|1.09
5301|1.03|1.0|0.43|0.45|0.8|1.0|1.09
5301|1.03|1.0|0.43|0.45|0.8|1.0|1.09
5301|1.03|1.0|0.43|0.45|0.8|1.0|1.09
5301|1.03|1.0|0.43|0.45|0.8|1.0|1.09
5301|1.03|1.0|0.43|0.45|0.8|1.0|1.09
5301|1.03|1.0|0.43|0.45|0.8|1.0|1.09
5301|1.03|1.0|0.43|0.45|0.8|1.0|1.09
5301|1.03|1.0|0.43|0.45|0.8|1.0|1.09
5301|1.03|1.0|0.43|0.45|0.8|1.0|1.09
5301|1.03|1.0|0.43|0.45|0.8|1.0|1.09
5301|1.03|1.0|0.43|0.45|0.8|1.0|1.09
5301|1.03|1.0|0.43|0.45|0.8|1.0|1.09
5302|1.0|0.99|0.98|1.03|1.0|1.04|1.04
5302|1.0|0.99|0.98|1.03|1.0|1.04|1.04
5302|1.0|0.99|0.98|1.03|1.0|1.04|1.04
5302|1.0|0.99|0.98|1.03|1.0|1.04|1.04
5302|1.0|0.99|0.98|1.03|1.0|1.04|1.04
5302|1.0|0.99|0.98|1.03|1.0|1.04|1.04
5302|1.0|0.99|0.98|1.03|1.0|1.04|1.04
5302|1.0|0.99|0.98|1.03|1.0|1.04|1.04
5302|1.0|0.99|0.98|1.03|1.0|1.04|1.04
5302|1.0|0.99|0.98|1.03|1.0|1.04|1.04
5302|1.0|0.99|0.98|1.03|1.0|1.04|1.04
5302|1.0|0.99|0.98|1.03|1.0|1.04|1.04
5302|1.0|0.99|0.98|1.03|1.0|1.04|1.04
5302|1.0|0.99|0.98|1.03|1.0|1.04|1.04
5302|1.0|0.99|0.98|1.03|1.0|1.04|1.04
5302|1.0|0.99|0.98|1.03|1.0|1.04|1.04
5302|1.0|0.99|0.98|1.03|1.0|1.04|1.04
5302|1.0|0.99|0.98|1.03|1.0|1.04|1.04
5302|1.0|0.99|0.98|1.03|1.0|1.04|1.04
5302|1.0|0.99|0.98|1.03|1.0|1.04|1.04
5302|1.0|0.99|0.98|1.03|1.0|1.04|1.04
5302|1.0|0.99|0.98|1.03|1.0|1.04|1.04
5302|1.0|0.99|0.98|1.03|1.0|1.04|1.04
5302|1.0|0.99|0.98|1.03|1.0|1.04|1.04
5302|1.0|0.99|0.98|1.03|1.0|1.04|1.04
5302|1.0|0.99|0.98|1.03|1.0|1.04|1.04
5302|1.0|0.99|0.98|1.03|1.0|1.04|1.04
5302|1.0|0.99|0.98|1.03|1.0|1.04|1.04
5302|1.0|0.99|0.98|1.03|1.0|1.04|1.04
5302|1.0|0.99|0.98|1.03|1.0|1.04|1.04
5302|1.0|0.99|0.98|1.03|1.0|1.04|1.04
5302|1.0|0.99|0.98|1.03|1.0|1.04|1.04
5302|1.0|0.99|0.98|1.03|1.0|1.04|1.04
5302|1.0|0.99|0.98|1.03|1.0|1.04|1.04
5302|1.0|0.99|0.98|1.03|1.0|1.04|1.04
5302|1.0|0.99|0.98|1.03|1.0|1.04|1.04
5302|1.0|0.99|0.98|1.03|1.0|1.04|1.04
5302|1.0|0.99|0.98|1.03|1.0|1.04|1.04
5302|1.0|0.99|0.98|1.03|1.0|1.04|1.04
5302|1.0|0.99|0.98|1.03|1.0|1.04|1.04
5302|1.0|0.99|0.98|1.03|1.0|1.04|1.04
5302|1.0|0.99|0.98|1.03|1.0|1.04|1.04
5302|1.0|0.99|0.98|1.03|1.0|1.04|1.04
5302|1.0|0.99|0.98|1.03|1.0|1.04|1.04
5302|1.0|0.99|0.98|1.03|1.0|1.04|1.04
5302|1.0|0.99|0.98|1.03|1.0|1.04|1.04
5302|1.0|0.99|0.98|1.03|1.0|1.04|1.04
5302|1.0|0.99|0.98|1.03|1.0|1.04|1.04
5302|1.0|0.99|0.98|1.03|1.0|1.04|1.04
5303|1.02|1.03|0.98|0.98|1.02|0.97|1.01
5303|1.02|1.03|0.98|0.98|1.02|0.97|1.01
5303|1.02|1.03|0.98|0.98|1.02|0.97|1.01
5303|1.02|1.03|0.98|0.98|1.02|0.97|1.01
5303|1.02|1.03|0.98|0.98|1.02|0.97|1.01
5303|1.02|1.03|0.98|0.98|1.02|0.97|1.01
5303|1.02|1.03|0.98|0.98|1.02|0.97|1.01
5303|1.02|1.03|0.98|0.98|1.02|0.97|1.01
5303|1.02|1.03|0.98|0.98|1.02|0.97|1.01
5303|1.02|1.03|0.98|0.98|1.02|0.97|1.01
5303|1.02|1.03|0.98|0.98|1.02|0.97|1.01
5303|1.02|1.03|0.98|0.98|1.02|0.97|1.01
5303|1.02|1.03|0.98|0.98|1.02|0.97|1.01
5303|1.02|1.03|0.98|0.98|1.02|0.97|1.01
5303|1.02|1.03|0.98|0.98|1.02|0.97|1.01
5303|1.02|1.03|0.98|0.98|1.02|0.97|1.01
5303|1.02|1.03|0.98|0.98|1.02|0.97|1.01
5303|1.02|1.03|0.98|0.98|1.02|0.97|1.01
5303|1.02|1.03|0.98|0.98|1.02|0.97|1.01
5303|1.02|1.03|0.98|0.98|1.02|0.97|1.01
5303|1.02|1.03|0.98|0.98|1.02|0.97|1.01
5303|1.02|1.03|0.98|0.98|1.02|0.97|1.01
5303|1.02|1.03|0.98|0.98|1.02|0.97|1.01
5303|1.02|1.03|0.98|0.98|1.02|0.97|1.01
5303|1.02|1.03|0.98|0.98|1.02|0.97|1.01
5303|1.02|1.03|0.98|0.98|1.02|0.97|1.01
5303|1.02|1.03|0.98|0.98|1.02|0.97|1.01
5303|1.02|1.03|0.98|0.98|1.02|0.97|1.01
5303|1.02|1.03|0.98|0.98|1.02|0.97|1.01
5303|1.02|1.03|0.98|0.98|1.02|0.97|1.01
5303|1.02|1.03|0.98|0.98|1.02|0.97|1.01
5303|1.02|1.03|0.98|0.98|1.02|0.97|1.01
5303|1.02|1.03|0.98|0.98|1.02|0.97|1.01
5303|1.02|1.03|0.98|0.98|1.02|0.97|1.01
5303|1.02|1.03|0.98|0.98|1.02|0.97|1.01
5303|1.02|1.03|0.98|0.98|1.02|0.97|1.01
5303|1.02|1.03|0.98|0.98|1.02|0.97|1.01
5303|1.02|1.03|0.98|0.98|1.02|0.97|1.01
5303|1.02|1.03|0.98|0.98|1.02|0.97|1.01
5303|1.02|1.03|0.98|0.98|1.02|0.97|1.01
5303|1.02|1.03|0.98|0.98|1.02|0.97|1.01
5303|1.02|1.03|0.98|0.98|1.02|0.97|1.01
5303|1.02|1.03|0.98|0.98|1.02|0.97|1.01
5303|1.02|1.03|0.98|0.98|1.02|0.97|1.01
5303|1.02|1.03|0.98|0.98|1.02|0.97|1.01
5303|1.02|1.03|0.98|0.98|1.02|0.97|1.01
5303|1.02|1.03|0.98|0.98|1.02|0.97|1.01
5303|1.02|1.03|0.98|0.98|1.02|0.97|1.01
5303|1.02|1.03|0.98|0.98|1.02|0.97|1.01
5304|1.0|1.02|1.01|1.02|0.99|0.97|1.01
5304|1.0|1.02|1.01|1.02|0.99|0.97|1.01
5304|1.0|1.02|1.01|1.02|0.99|0.97|1.01
5304|1.0|1.02|1.01|1.02|0.99|0.97|1.01
5304|1.0|1.02|1.01|1.02|0.99|0.97|1.01
5304|1.0|1.02|1.01|1.02|0.99|0.97|1.01
5304|1.0|1.02|1.01|1.02|0.99|0.97|1.01
5304|1.0|1.02|1.01|1.02|0.99|0.97|1.01
5304|1.0|1.02|1.01|1.02|0.99|0.97|1.01
5304|1.0|1.02|1.01|1.02|0.99|0.97|1.01
5304|1.0|1.02|1.01|1.02|0.99|0.97|1.01
5304|1.0|1.02|1.01|1.02|0.99|0.97|1.01
5304|1.0|1.02|1.01|1.02|0.99|0.97|1.01
5304|1.0|1.02|1.01|1.02|0.99|0.97|1.01
5304|1.0|1.02|1.01|1.02|0.99|0.97|1.01
5304|1.0|1.02|1.01|1.02|0.99|0.97|1.01
5304|1.0|1.02|1.01|1.02|0.99|0.97|1.01
5304|1.0|1.02|1.01|1.02|0.99|0.97|1.01
5304|1.0|1.02|1.01|1.02|0.99|0.97|1.01
5304|1.0|1.02|1.01|1.02|0.99|0.97|1.01
5304|1.0|1.02|1.01|1.02|0.99|0.97|1.01
5304|1.0|1.02|1.01|1.02|0.99|0.97|1.01
5304|1.0|1.02|1.01|1.02|0.99|0.97|1.01
5304|1.0|1.02|1.01|1.02|0.99|0.97|1.01
5304|1.0|1.02|1.01|1.02|0.99|0.97|1.01
5304|1.0|1.02|1.01|1.02|0.99|0.97|1.01
5304|1.0|1.02|1.01|1.02|0.99|0.97|1.01
5304|1.0|1.02|1.01|1.02|0.99|0.97|1.01
5304|1.0|1.02|1.01|1.02|0.99|0.97|1.01
5304|1.0|1.02|1.01|1.02|0.99|0.97|1.01
5304|1.0|1.02|1.01|1.02|0.99|0.97|1.01
5304|1.0|1.02|1.01|1.02|0.99|0.97|1.01
5304|1.0|1.02|1.01|1.02|0.99|0.97|1.01
5304|1.0|1.02|1.01|1.02|0.99|0.97|1.01
5304|1.0|1.02|1.01|1.02|0.99|0.97|1.01
5304|1.0|1.02|1.01|1.02|0.99|0.97|1.01
5304|1.0|1.02|1.01|1.02|0.99|0.97|1.01
5304|1.0|1.02|1.01|1.02|0.99|0.97|1.01
5304|1.0|1.02|1.01|1.02|0.99|0.97|1.01
5304|1.0|1.02|1.01|1.02|0.99|0.97|1.01
5304|1.0|1.02|1.01|1.02|0.99|0.97|1.01
5304|1.0|1.02|1.01|1.02|0.99|0.97|1.01
5304|1.0|1.02|1.01|1.02|0.99|0.97|1.01
5304|1.0|1.02|1.01|1.02|0.99|0.97|1.01
5304|1.0|1.02|1.01|1.02|0.99|0.97|1.01
5304|1.0|1.02|1.01|1.02|0.99|0.97|1.01
5304|1.0|1.02|1.01|1.02|0.99|0.97|1.01
5304|1.0|1.02|1.01|1.02|0.99|0.97|1.01
5304|1.0|1.02|1.01|1.02|0.99|0.97|1.01
5305|1.03|0.98|1.04|0.97|1.01|0.99|1.0
5305|1.03|0.98|1.04|0.97|1.01|0.99|1.0
5305|1.03|0.98|1.04|0.97|1.01|0.99|1.0
5305|1.03|0.98|1.04|0.97|1.01|0.99|1.0
5305|1.03|0.98|1.04|0.97|1.01|0.99|1.0
5305|1.03|0.98|1.04|0.97|1.01|0.99|1.0
5305|1.03|0.98|1.04|0.97|1.01|0.99|1.0
5305|1.03|0.98|1.04|0.97|1.01|0.99|1.0
5305|1.03|0.98|1.04|0.97|1.01|0.99|1.0
5305|1.03|0.98|1.04|0.97|1.01|0.99|1.0
5305|1.03|0.98|1.04|0.97|1.01|0.99|1.0
5305|1.03|0.98|1.04|0.97|1.01|0.99|1.0
5305|1.03|0.98|1.04|0.97|1.01|0.99|1.0
5305|1.03|0.98|1.04|0.97|1.01|0.99|1.0
5305|1.03|0.98|1.04|0.97|1.01|0.99|1.0
5305|1.03|0.98|1.04|0.97|1.01|0.99|1.0
5305|1.03|0.98|1.04|0.97|1.01|0.99|1.0
5305|1.03|0.98|1.04|0.97|1.01|0.99|1.0
5305|1.03|0.98|1.04|0.97|1.01|0.99|1.0
5305|1.03|0.98|1.04|0.97|1.01|0.99|1.0
5305|1.03|0.98|1.04|0.97|1.01|0.99|1.0
5305|1.03|0.98|1.04|0.97|1.01|0.99|1.0
5305|1.03|0.98|1.04|0.97|1.01|0.99|1.0
5305|1.03|0.98|1.04|0.97|1.01|0.99|1.0
5305|1.03|0.98|1.04|0.97|1.01|0.99|1.0
5305|1.03|0.98|1.04|0.97|1.01|0.99|1.0
5305|1.03|0.98|1.04|0.97|1.01|0.99|1.0
5305|1.03|0.98|1.04|0.97|1.01|0.99|1.0
5305|1.03|0.98|1.04|0.97|1.01|0.99|1.0
5305|1.03|0.98|1.04|0.97|1.01|0.99|1.0
5305|1.03|0.98|1.04|0.97|1.01|0.99|1.0
5305|1.03|0.98|1.04|0.97|1.01|0.99|1.0
5305|1.03|0.98|1.04|0.97|1.01|0.99|1.0
5305|1.03|0.98|1.04|0.97|1.01|0.99|1.0
5305|1.03|0.98|1.04|0.97|1.01|0.99|1.0
5305|1.03|0.98|1.04|0.97|1.01|0.99|1.0
5305|1.03|0.98|1.04|0.97|1.01|0.99|1.0
5305|1.03|0.98|1.04|0.97|1.01|0.99|1.0
5305|1.03|0.98|1.04|0.97|1.01|0.99|1.0
5305|1.03|0.98|1.04|0.97|1.01|0.99|1.0
5305|1.03|0.98|1.04|0.97|1.01|0.99|1.0
5305|1.03|0.98|1.04|0.97|1.01|0.99|1.0
5305|1.03|0.98|1.04|0.97|1.01|0.99|1.0
5305|1.03|0.98|1.04|0.97|1.01|0.99|1.0
5305|1.03|0.98|1.04|0.97|1.01|0.99|1.0
5305|1.03|0.98|1.04|0.97|1.01|0.99|1.0
5305|1.03|0.98|1.04|0.97|1.01|0.99|1.0
5305|1.03|0.98|1.04|0.97|1.01|0.99|1.0
5305|1.03|0.98|1.04|0.97|1.01|0.99|1.0
5306|1.01|1.02|0.99|0.99|1.01|0.97|0.99
5306|1.01|1.02|0.99|0.99|1.01|0.97|0.99
5306|1.01|1.02|0.99|0.99|1.01|0.97|0.99
5306|1.01|1.02|0.99|0.99|1.01|0.97|0.99
5306|1.01|1.02|0.99|0.99|1.01|0.97|0.99
5306|1.01|1.02|0.99|0.99|1.01|0.97|0.99
5306|1.01|1.02|0.99|0.99|1.01|0.97|0.99
5306|1.01|1.02|0.99|0.99|1.01|0.97|0.99
5306|1.01|1.02|0.99|0.99|1.01|0.97|0.99
5306|1.01|1.02|0.99|0.99|1.01|0.97|0.99
5306|1.01|1.02|0.99|0.99|1.01|0.97|0.99
5306|1.01|1.02|0.99|0.99|1.01|0.97|0.99
5306|1.01|1.02|0.99|0.99|1.01|0.97|0.99
5306|1.01|1.02|0.99|0.99|1.01|0.97|0.99
5306|1.01|1.02|0.99|0.99|1.01|0.97|0.99
5306|1.01|1.02|0.99|0.99|1.01|0.97|0.99
5306|1.01|1.02|0.99|0.99|1.01|0.97|0.99
5306|1.01|1.02|0.99|0.99|1.01|0.97|0.99
5306|1.01|1.02|0.99|0.99|1.01|0.97|0.99
5306|1.01|1.02|0.99|0.99|1.01|0.97|0.99
5306|1.01|1.02|0.99|0.99|1.01|0.97|0.99
5306|1.01|1.02|0.99|0.99|1.01|0.97|0.99
5306|1.01|1.02|0.99|0.99|1.01|0.97|0.99
5306|1.01|1.02|0.99|0.99|1.01|0.97|0.99
5306|1.01|1.02|0.99|0.99|1.01|0.97|0.99
5306|1.01|1.02|0.99|0.99|1.01|0.97|0.99
5306|1.01|1.02|0.99|0.99|1.01|0.97|0.99
5306|1.01|1.02|0.99|0.99|1.01|0.97|0.99
5306|1.01|1.02|0.99|0.99|1.01|0.97|0.99
5306|1.01|1.02|0.99|0.99|1.01|0.97|0.99
5306|1.01|1.02|0.99|0.99|1.01|0.97|0.99
5306|1.01|1.02|0.99|0.99|1.01|0.97|0.99
5306|1.01|1.02|0.99|0.99|1.01|0.97|0.99
5306|1.01|1.02|0.99|0.99|1.01|0.97|0.99
5306|1.01|1.02|0.99|0.99|1.01|0.97|0.99
5306|1.01|1.02|0.99|0.99|1.01|0.97|0.99
5306|1.01|1.02|0.99|0.99|1.01|0.97|0.99
5306|1.01|1.02|0.99|0.99|1.01|0.97|0.99
5306|1.01|1.02|0.99|0.99|1.01|0.97|0.99
5306|1.01|1.02|0.99|0.99|1.01|0.97|0.99
5306|1.01|1.02|0.99|0.99|1.01|0.97|0.99
5306|1.01|1.02|0.99|0.99|1.01|0.97|0.99
5306|1.01|1.02|0.99|0.99|1.01|0.97|0.99
5306|1.01|1.02|0.99|0.99|1.01|0.97|0.99
5306|1.01|1.02|0.99|0.99|1.01|0.97|0.99
5306|1.01|1.02|0.99|0.99|1.01|0.97|0.99
5306|1.01|1.02|0.99|0.99|1.01|0.97|0.99
5306|1.01|1.02|0.99|0.99|1.01|0.97|0.99
5306|1.01|1.02|0.99|0.99|1.01|0.97|0.99
5307|0.95|0.98|0.97|1.04|1.03|0.97|1.02
5307|0.95|0.98|0.97|1.04|1.03|0.97|1.02
5307|0.95|0.98|0.97|1.04|1.03|0.97|1.02
5307|0.95|0.98|0.97|1.04|1.03|0.97|1.02
5307|0.95|0.98|0.97|1.04|1.03|0.97|1.02
5307|0.95|0.98|0.97|1.04|1.03|0.97|1.02
5307|0.95|0.98|0.97|1.04|1.03|0.97|1.02
5307|0.95|0.98|0.97|1.04|1.03|0.97|1.02
5307|0.95|0.98|0.97|1.04|1.03|0.97|1.02
5307|0.95|0.98|0.97|1.04|1.03|0.97|1.02
5307|0.95|0.98|0.97|1.04|1.03|0.97|1.02
5307|0.95|0.98|0.97|1.04|1.03|0.97|1.02
5307|0.95|0.98|0.97|1.04|1.03|0.97|1.02
5307|0.95|0.98|0.97|1.04|1.03|0.97|1.02
5307|0.95|0.98|0.97|1.04|1.03|0.97|1.02
5307|0.95|0.98|0.97|1.04|1.03|0.97|1.02
5307|0.95|0.98|0.97|1.04|1.03|0.97|1.02
5307|0.95|0.98|0.97|1.04|1.03|0.97|1.02
5307|0.95|0.98|0.97|1.04|1.03|0.97|1.02
5307|0.95|0.98|0.97|1.04|1.03|0.97|1.02
5307|0.95|0.98|0.97|1.04|1.03|0.97|1.02
5307|0.95|0.98|0.97|1.04|1.03|0.97|1.02
5307|0.95|0.98|0.97|1.04|1.03|0.97|1.02
5307|0.95|0.98|0.97|1.04|1.03|0.97|1.02
5307|0.95|0.98|0.97|1.04|1.03|0.97|1.02
5307|0.95|0.98|0.97|1.04|1.03|0.97|1.02
5307|0.95|0.98|0.97|1.04|1.03|0.97|1.02
5307|0.95|0.98|0.97|1.04|1.03|0.97|1.02
5307|0.95|0.98|0.97|1.04|1.03|0.97|1.02
5307|0.95|0.98|0.97|1.04|1.03|0.97|1.02
5307|0.95|0.98|0.97|1.04|1.03|0.97|1.02
5307|0.95|0.98|0.97|1.04|1.03|0.97|1.02
5307|0.95|0.98|0.97|1.04|1.03|0.97|1.02
5307|0.95|0.98|0.97|1.04|1.03|0.97|1.02
5307|0.95|0.98|0.97|1.04|1.03|0.97|1.02
5307|0.95|0.98|0.97|1.04|1.03|0.97|1.02
5307|0.95|0.98|0.97|1.04|1.03|0.97|1.02
5307|0.95|0.98|0.97|1.04|1.03|0.97|1.02
5307|0.95|0.98|0.97|1.04|1.03|0.97|1.02
5307|0.95|0.98|0.97|1.04|1.03|0.97|1.02
5307|0.95|0.98|0.97|1.04|1.03|0.97|1.02
5307|0.95|0.98|0.97|1.04|1.03|0.97|1.02
5307|0.95|0.98|0.97|1.04|1.03|0.97|1.02
5307|0.95|0.98|0.97|1.04|1.03|0.97|1.02
5307|0.95|0.98|0.97|1.04|1.03|0.97|1.02
5307|0.95|0.98|0.97|1.04|1.03|0.97|1.02
5307|0.95|0.98|0.97|1.04|1.03|0.97|1.02
5307|0.95|0.98|0.97|1.04|1.03|0.97|1.02
5307|0.95|0.98|0.97|1.04|1.03|0.97|1.02
5308|0.97|1.0|0.97|1.01|1.0|1.03|1.0
5308|0.97|1.0|0.97|1.01|1.0|1.03|1.0
5308|0.97|1.0|0.97|1.01|1.0|1.03|1.0
5308|0.97|1.0|0.97|1.01|1.0|1.03|1.0
5308|0.97|1.0|0.97|1.01|1.0|1.03|1.0
5308|0.97|1.0|0.97|1.01|1.0|1.03|1.0
5308|0.97|1.0|0.97|1.01|1.0|1.03|1.0
5308|0.97|1.0|0.97|1.01|1.0|1.03|1.0
5308|0.97|1.0|0.97|1.01|1.0|1.03|1.0
5308|0.97|1.0|0.97|1.01|1.0|1.03|1.0
5308|0.97|1.0|0.97|1.01|1.0|1.03|1.0
5308|0.97|1.0|0.97|1.01|1.0|1.03|1.0
5308|0.97|1.0|0.97|1.01|1.0|1.03|1.0
5308|0.97|1.0|0.97|1.01|1.0|1.03|1.0
5308|0.97|1.0|0.97|1.01|1.0|1.03|1.0
5308|0.97|1.0|0.97|1.01|1.0|1.03|1.0
5308|0.97|1.0|0.97|1.01|1.0|1.03|1.0
5308|0.97|1.0|0.97|1.01|1.0|1.03|1.0
5308|0.97|1.0|0.97|1.01|1.0|1.03|1.0
5308|0.97|1.0|0.97|1.01|1.0|1.03|1.0
5308|0.97|1.0|0.97|1.01|1.0|1.03|1.0
5308|0.97|1.0|0.97|1.01|1.0|1.03|1.0
5308|0.97|1.0|0.97|1.01|1.0|1.03|1.0
5308|0.97|1.0|0.97|1.01|1.0|1.03|1.0
5308|0.97|1.0|0.97|1.01|1.0|1.03|1.0
5308|0.97|1.0|0.97|1.01|1.0|1.03|1.0
5308|0.97|1.0|0.97|1.01|1.0|1.03|1.0
5308|0.97|1.0|0.97|1.01|1.0|1.03|1.0
5308|0.97|1.0|0.97|1.01|1.0|1.03|1.0
5308|0.97|1.0|0.97|1.01|1.0|1.03|1.0
5308|0.97|1.0|0.97|1.01|1.0|1.03|1.0
5308|0.97|1.0|0.97|1.01|1.0|1.03|1.0
5308|0.97|1.0|0.97|1.01|1.0|1.03|1.0
5308|0.97|1.0|0.97|1.01|1.0|1.03|1.0
5308|0.97|1.0|0.97|1.01|1.0|1.03|1.0
5308|0.97|1.0|0.97|1.01|1.0|1.03|1.0
5308|0.97|1.0|0.97|1.01|1.0|1.03|1.0
5308|0.97|1.0|0.97|1.01|1.0|1.03|1.0
5308|0.97|1.0|0.97|1.01|1.0|1.03|1.0
5308|0.97|1.0|0.97|1.01|1.0|1.03|1.0
5308|0.97|1.0|0.97|1.01|1.0|1.03|1.0
5308|0.97|1.0|0.97|1.01|1.0|1.03|1.0
5308|0.97|1.0|0.97|1.01|1.0|1.03|1.0
5308|0.97|1.0|0.97|1.01|1.0|1.03|1.0
5308|0.97|1.0|0.97|1.01|1.0|1.03|1.0
5308|0.97|1.0|0.97|1.01|1.0|1.03|1.0
5308|0.97|1.0|0.97|1.01|1.0|1.03|1.0
5308|0.97|1.0|0.97|1.01|1.0|1.03|1.0
5308|0.97|1.0|0.97|1.01|1.0|1.03|1.0
5309|0.96|1.01|0.96|1.03|0.98|1.01|0.99
5309|0.96|1.01|0.96|1.03|0.98|1.01|0.99
5309|0.96|1.01|0.96|1.03|0.98|1.01|0.99
5309|0.96|1.01|0.96|1.03|0.98|1.01|0.99
5309|0.96|1.01|0.96|1.03|0.98|1.01|0.99
5309|0.96|1.01|0.96|1.03|0.98|1.01|0.99
5309|0.96|1.01|0.96|1.03|0.98|1.01|0.99
5309|0.96|1.01|0.96|1.03|0.98|1.01|0.99
5309|0.96|1.01|0.96|1.03|0.98|1.01|0.99
5309|0.96|1.01|0.96|1.03|0.98|1.01|0.99
5309|0.96|1.01|0.96|1.03|0.98|1.01|0.99
5309|0.96|1.01|0.96|1.03|0.98|1.01|0.99
5309|0.96|1.01|0.96|1.03|0.98|1.01|0.99
5309|0.96|1.01|0.96|1.03|0.98|1.01|0.99
5309|0.96|1.01|0.96|1.03|0.98|1.01|0.99
5309|0.96|1.01|0.96|1.03|0.98|1.01|0.99
5309|0.96|1.01|0.96|1.03|0.98|1.01|0.99
5309|0.96|1.01|0.96|1.03|0.98|1.01|0.99
5309|0.96|1.01|0.96|1.03|0.98|1.01|0.99
5309|0.96|1.01|0.96|1.03|0.98|1.01|0.99
5309|0.96|1.01|0.96|1.03|0.98|1.01|0.99
5309|0.96|1.01|0.96|1.03|0.98|1.01|0.99
5309|0.96|1.01|0.96|1.03|0.98|1.01|0.99
5309|0.96|1.01|0.96|1.03|0.98|1.01|0.99
5309|0.96|1.01|0.96|1.03|0.98|1.01|0.99
5309|0.96|1.01|0.96|1.03|0.98|1.01|0.99
5309|0.96|1.01|0.96|1.03|0.98|1.01|0.99
5309|0.96|1.01|0.96|1.03|0.98|1.01|0.99
5309|0.96|1.01|0.96|1.03|0.98|1.01|0.99
5309|0.96|1.01|0.96|1.03|0.98|1.01|0.99
5309|0.96|1.01|0.96|1.03|0.98|1.01|0.99
5309|0.96|1.01|0.96|1.03|0.98|1.01|0.99
5309|0.96|1.01|0.96|1.03|0.98|1.01|0.99
5309|0.96|1.01|0.96|1.03|0.98|1.01|0.99
5309|0.96|1.01|0.96|1.03|0.98|1.01|0.99
5309|0.96|1.01|0.96|1.03|0.98|1.01|0.99
5309|0.96|1.01|0.96|1.03|0.98|1.01|0.99
5309|0.96|1.01|0.96|1.03|0.98|1.01|0.99
5309|0.96|1.01|0.96|1.03|0.98|1.01|0.99
5309|0.96|1.01|0.96|1.03|0.98|1.01|0.99
5309|0.96|1.01|0.96|1.03|0.98|1.01|0.99
5309|0.96|1.01|0.96|1.03|0.98|1.01|0.99
5309|0.96|1.01|0.96|1.03|0.98|1.01|0.99
5309|0.96|1.01|0.96|1.03|0.98|1.01|0.99
5309|0.96|1.01|0.96|1.03|0.98|1.01|0.99
5309|0.96|1.01|0.96|1.03|0.98|1.01|0.99
5309|0.96|1.01|0.96|1.03|0.98|1.01|0.99
5309|0.96|1.01|0.96|1.03|0.98|1.01|0.99
5309|0.96|1.01|0.96|1.03|0.98|1.01|0.99
5310|0.98|1.02|0.98|0.96|1.03|1.03|0.94
5310|0.98|1.02|0.98|0.96|1.03|1.03|0.94
5310|0.98|1.02|0.98|0.96|1.03|1.03|0.94
5310|0.98|1.02|0.98|0.96|1.03|1.03|0.94
5310|0.98|1.02|0.98|0.96|1.03|1.03|0.94
5310|0.98|1.02|0.98|0.96|1.03|1.03|0.94
5310|0.98|1.02|0.98|0.96|1.03|1.03|0.94
5310|0.98|1.02|0.98|0.96|1.03|1.03|0.94
5310|0.98|1.02|0.98|0.96|1.03|1.03|0.94
5310|0.98|1.02|0.98|0.96|1.03|1.03|0.94
5310|0.98|1.02|0.98|0.96|1.03|1.03|0.94
5310|0.98|1.02|0.98|0.96|1.03|1.03|0.94
5310|0.98|1.02|0.98|0.96|1.03|1.03|0.94
5310|0.98|1.02|0.98|0.96|1.03|1.03|0.94
5310|0.98|1.02|0.98|0.96|1.03|1.03|0.94
5310|0.98|1.02|0.98|0.96|1.03|1.03|0.94
5310|0.98|1.02|0.98|0.96|1.03|1.03|0.94
5310|0.98|1.02|0.98|0.96|1.03|1.03|0.94
5310|0.98|1.02|0.98|0.96|1.03|1.03|0.94
5310|0.98|1.02|0.98|0.96|1.03|1.03|0.94
5310|0.98|1.02|0.98|0.96|1.03|1.03|0.94
5310|0.98|1.02|0.98|0.96|1.03|1.03|0.94
5310|0.98|1.02|0.98|0.96|1.03|1.03|0.94
5310|0.98|1.02|0.98|0.96|1.03|1.03|0.94
5310|0.98|1.02|0.98|0.96|1.03|1.03|0.94
5310|0.98|1.02|0.98|0.96|1.03|1.03|0.94
5310|0.98|1.02|0.98|0.96|1.03|1.03|0.94
5310|0.98|1.02|0.98|0.96|1.03|1.03|0.94
5310|0.98|1.02|0.98|0.96|1.03|1.03|0.94
5310|0.98|1.02|0.98|0.96|1.03|1.03|0.94
5310|0.98|1.02|0.98|0.96|1.03|1.03|0.94
5310|0.98|1.02|0.98|0.96|1.03|1.03|0.94
5310|0.98|1.02|0.98|0.96|1.03|1.03|0.94
5310|0.98|1.02|0.98|0.96|1.03|1.03|0.94
5310|0.98|1.02|0.98|0.96|1.03|1.03|0.94
5310|0.98|1.02|0.98|0.96|1.03|1.03|0.94
5310|0.98|1.02|0.98|0.96|1.03|1.03|0.94
5310|0.98|1.02|0.98|0.96|1.03|1.03|0.94
5310|0.98|1.02|0.98|0.96|1.03|1.03|0.94
5310|0.98|1.02|0.98|0.96|1.03|1.03|0.94
5310|0.98|1.02|0.98|0.96|1.03|1.03|0.94
5310|0.98|1.02|0.98|0.96|1.03|1.03|0.94
5310|0.98|1.02|0.98|0.96|1.03|1.03|0.94
5310|0.98|1.02|0.98|0.96|1.03|1.03|0.94
5310|0.98|1.02|0.98|0.96|1.03|1.03|0.94
5310|0.98|1.02|0.98|0.96|1.03|1.03|0.94
5310|0.98|1.02|0.98|0.96|1.03|1.03|0.94
5310|0.98|1.02|0.98|0.96|1.03|1.03|0.94
5310|0.98|1.02|0.98|0.96|1.03|1.03|0.94
5311|1.01|1.01|0.99|1.0|1.02|0.98|0.99
5311|1.01|1.01|0.99|1.0|1.02|0.98|0.99
5311|1.01|1.01|0.99|1.0|1.02|0.98|0.99
5311|1.01|1.01|0.99|1.0|1.02|0.98|0.99
5311|1.01|1.01|0.99|1.0|1.02|0.98|0.99
5311|1.01|1.01|0.99|1.0|1.02|0.98|0.99
5311|1.01|1.01|0.99|1.0|1.02|0.98|0.99
5311|1.01|1.01|0.99|1.0|1.02|0.98|0.99
5311|1.01|1.01|0.99|1.0|1.02|0.98|0.99
5311|1.01|1.01|0.99|1.0|1.02|0.98|0.99
5311|1.01|1.01|0.99|1.0|1.02|0.98|0.99
5311|1.01|1.01|0.99|1.0|1.02|0.98|0.99
5311|1.01|1.01|0.99|1.0|1.02|0.98|0.99
5311|1.01|1.01|0.99|1.0|1.02|0.98|0.99
5311|1.01|1.01|0.99|1.0|1.02|0.98|0.99
5311|1.01|1.01|0.99|1.0|1.02|0.98|0.99
5311|1.01|1.01|0.99|1.0|1.02|0.98|0.99
5311|1.01|1.01|0.99|1.0|1.02|0.98|0.99
5311|1.01|1.01|0.99|1.0|1.02|0.98|0.99
5311|1.01|1.01|0.99|1.0|1.02|0.98|0.99
5311|1.01|1.01|0.99|1.0|1.02|0.98|0.99
5311|1.01|1.01|0.99|1.0|1.02|0.98|0.99
5311|1.01|1.01|0.99|1.0|1.02|0.98|0.99
5311|1.01|1.01|0.99|1.0|1.02|0.98|0.99
5311|1.01|1.01|0.99|1.0|1.02|0.98|0.99
5311|1.01|1.01|0.99|1.0|1.02|0.98|0.99
5311|1.01|1.01|0.99|1.0|1.02|0.98|0.99
5311|1.01|1.01|0.99|1.0|1.02|0.98|0.99
5311|1.01|1.01|0.99|1.0|1.02|0.98|0.99
5311|1.01|1.01|0.99|1.0|1.02|0.98|0.99
5311|1.01|1.01|0.99|1.0|1.02|0.98|0.99
5311|1.01|1.01|0.99|1.0|1.02|0.98|0.99
5311|1.01|1.01|0.99|1.0|1.02|0.98|0.99
5311|1.01|1.01|0.99|1.0|1.02|0.98|0.99
5311|1.01|1.01|0.99|1.0|1.02|0.98|0.99
5311|1.01|1.01|0.99|1.0|1.02|0.98|0.99
5311|1.01|1.01|0.99|1.0|1.02|0.98|0.99
5311|1.01|1.01|0.99|1.0|1.02|0.98|0.99
5311|1.01|1.01|0.99|1.0|1.02|0.98|0.99
5311|1.01|1.01|0.99|1.0|1.02|0.98|0.99
5311|1.01|1.01|0.99|1.0|1.02|0.98|0.99
5311|1.01|1.01|0.99|1.0|1.02|0.98|0.99
5311|1.01|1.01|0.99|1.0|1.02|0.98|0.99
5311|1.01|1.01|0.99|1.0|1.02|0.98|0.99
5311|1.01|1.01|0.99|1.0|1.02|0.98|0.99
5311|1.01|1.01|0.99|1.0|1.02|0.98|0.99
5311|1.01|1.01|0.99|1.0|1.02|0.98|0.99
5311|1.01|1.01|0.99|1.0|1.02|0.98|0.99
5311|1.01|1.01|0.99|1.0|1.02|0.98|0.99
5312|1.0|1.05|0.98|1.03|1.0|0.96|0.98
5312|1.0|1.05|0.98|1.03|1.0|0.96|0.98
5312|1.0|1.05|0.98|1.03|1.0|0.96|0.98
5312|1.0|1.05|0.98|1.03|1.0|0.96|0.98
5312|1.0|1.05|0.98|1.03|1.0|0.96|0.98
5312|1.0|1.05|0.98|1.03|1.0|0.96|0.98
5312|1.0|1.05|0.98|1.03|1.0|0.96|0.98
5312|1.0|1.05|0.98|1.03|1.0|0.96|0.98
5312|1.0|1.05|0.98|1.03|1.0|0.96|0.98
5312|1.0|1.05|0.98|1.03|1.0|0.96|0.98
5312|1.0|1.05|0.98|1.03|1.0|0.96|0.98
5312|1.0|1.05|0.98|1.03|1.0|0.96|0.98
5312|1.0|1.05|0.98|1.03|1.0|0.96|0.98
5312|1.0|1.05|0.98|1.03|1.0|0.96|0.98
5312|1.0|1.05|0.98|1.03|1.0|0.96|0.98
5312|1.0|1.05|0.98|1.03|1.0|0.96|0.98
5312|1.0|1.05|0.98|1.03|1.0|0.96|0.98
5312|1.0|1.05|0.98|1.03|1.0|0.96|0.98
5312|1.0|1.05|0.98|1.03|1.0|0.96|0.98
5312|1.0|1.05|0.98|1.03|1.0|0.96|0.98
5312|1.0|1.05|0.98|1.03|1.0|0.96|0.98
5312|1.0|1.05|0.98|1.03|1.0|0.96|0.98
5312|1.0|1.05|0.98|1.03|1.0|0.96|0.98
5312|1.0|1.05|0.98|1.03|1.0|0.96|0.98
5312|1.0|1.05|0.98|1.03|1.0|0.96|0.98
5312|1.0|1.05|0.98|1.03|1.0|0.96|0.98
5312|1.0|1.05|0.98|1.03|1.0|0.96|0.98
5312|1.0|1.05|0.98|1.03|1.0|0.96|0.98
5312|1.0|1.05|0.98|1.03|1.0|0.96|0.98
5312|1.0|1.05|0.98|1.03|1.0|0.96|0.98
5312|1.0|1.05|0.98|1.03|1.0|0.96|0.98
5312|1.0|1.05|0.98|1.03|1.0|0.96|0.98
5312|1.0|1.05|0.98|1.03|1.0|0.96|0.98
5312|1.0|1.05|0.98|1.03|1.0|0.96|0.98
5312|1.0|1.05|0.98|1.03|1.0|0.96|0.98
5312|1.0|1.05|0.98|1.03|1.0|0.96|0.98
5312|1.0|1.05|0.98|1.03|1.0|0.96|0.98
5312|1.0|1.05|0.98|1.03|1.0|0.96|0.98
5312|1.0|1.05|0.98|1.03|1.0|0.96|0.98
5312|1.0|1.05|0.98|1.03|1.0|0.96|0.98
5312|1.0|1.05|0.98|1.03|1.0|0.96|0.98
5312|1.0|1.05|0.98|1.03|1.0|0.96|0.98
5312|1.0|1.05|0.98|1.03|1.0|0.96|0.98
5312|1.0|1.05|0.98|1.03|1.0|0.96|0.98
5312|1.0|1.05|0.98|1.03|1.0|0.96|0.98
5312|1.0|1.05|0.98|1.03|1.0|0.96|0.98
5312|1.0|1.05|0.98|1.03|1.0|0.96|0.98
5312|1.0|1.05|0.98|1.03|1.0|0.96|0.98
5312|1.0|1.05|0.98|1.03|1.0|0.96|0.98
5313|0.66|0.65|0.97|1.0|1.0|0.97|0.76
5313|0.66|0.65|0.97|1.0|1.0|0.97|0.76
5313|0.66|0.65|0.97|1.0|1.0|0.97|0.76
5313|0.66|0.65|0.97|1.0|1.0|0.97|0.76
5313|0.66|0.65|0.97|1.0|1.0|0.97|0.76
5313|0.66|0.65|0.97|1.0|1.0|0.97|0.76
5313|0.66|0.65|0.97|1.0|1.0|0.97|0.76
5313|0.66|0.65|0.97|1.0|1.0|0.97|0.76
5313|0.66|0.65|0.97|1.0|1.0|0.97|0.76
5313|0.66|0.65|0.97|1.0|1.0|0.97|0.76
5313|0.66|0.65|0.97|1.0|1.0|0.97|0.76
5313|0.66|0.65|0.97|1.0|1.0|0.97|0.76
5313|0.66|0.65|0.97|1.0|1.0|0.97|0.76
5313|0.66|0.65|0.97|1.0|1.0|0.97|0.76
5313|0.66|0.65|0.97|1.0|1.0|0.97|0.76
5313|0.66|0.65|0.97|1.0|1.0|0.97|0.76
5313|0.66|0.65|0.97|1.0|1.0|0.97|0.76
5313|0.66|0.65|0.97|1.0|1.0|0.97|0.76
5313|0.66|0.65|0.97|1.0|1.0|0.97|0.76
5313|0.66|0.65|0.97|1.0|1.0|0.97|0.76
5313|0.66|0.65|0.97|1.0|1.0|0.97|0.76
5313|0.66|0.65|0.97|1.0|1.0|0.97|0.76
5313|0.66|0.65|0.97|1.0|1.0|0.97|0.76
5313|0.66|0.65|0.97|1.0|1.0|0.97|0.76
5313|0.66|0.65|0.97|1.0|1.0|0.97|0.76
5313|0.66|0.65|0.97|1.0|1.0|0.97|0.76
5313|0.66|0.65|0.97|1.0|1.0|0.97|0.76
5313|0.66|0.65|0.97|1.0|1.0|0.97|0.76
5313|0.66|0.65|0.97|1.0|1.0|0.97|0.76
5313|0.66|0.65|0.97|1.0|1.0|0.97|0.76
5313|0.66|0.65|0.97|1.0|1.0|0.97|0.76
5313|0.66|0.65|0.97|1.0|1.0|0.97|0.76
5313|0.66|0.65|0.97|1.0|1.0|0.97|0.76
5313|0.66|0.65|0.97|1.0|1.0|0.97|0.76
5313|0.66|0.65|0.97|1.0|1.0|0.97|0.76
5313|0.66|0.65|0.97|1.0|1.0|0.97|0.76
5313|0.66|0.65|0.97|1.0|1.0|0.97|0.76
5313|0.66|0.65|0.97|1.0|1.0|0.97|0.76
5313|0.66|0.65|0.97|1.0|1.0|0.97|0.76
5313|0.66|0.65|0.97|1.0|1.0|0.97|0.76
5313|0.66|0.65|0.97|1.0|1.0|0.97|0.76
5313|0.66|0.65|0.97|1.0|1.0|0.97|0.76
5313|0.66|0.65|0.97|1.0|1.0|0.97|0.76
5313|0.66|0.65|0.97|1.0|1.0|0.97|0.76
5313|0.66|0.65|0.97|1.0|1.0|0.97|0.76
5313|0.66|0.65|0.97|1.0|1.0|0.97|0.76
5313|0.66|0.65|0.97|1.0|1.0|0.97|0.76
5313|0.66|0.65|0.97|1.0|1.0|0.97|0.76
5313|0.66|0.65|0.97|1.0|1.0|0.97|0.76
5314|0.98|1.01|0.64|0.64|0.65|0.88|0.97
5314|0.98|1.01|0.64|0.64|0.65|0.88|0.97
5314|0.98|1.01|0.64|0.64|0.65|0.88|0.97
5314|0.98|1.01|0.64|0.64|0.65|0.88|0.97
5314|0.98|1.01|0.64|0.64|0.65|0.88|0.97
5314|0.98|1.01|0.64|0.64|0.65|0.88|0.97
5314|0.98|1.01|0.64|0.64|0.65|0.88|0.97
5314|0.98|1.01|0.64|0.64|0.65|0.88|0.97
5314|0.98|1.01|0.64|0.64|0.65|0.88|0.97
5314|0.98|1.01|0.64|0.64|0.65|0.88|0.97
5314|0.98|1.01|0.64|0.64|0.65|0.88|0.97
5314|0.98|1.01|0.64|0.64|0.65|0.88|0.97
5314|0.98|1.01|0.64|0.64|0.65|0.88|0.97
5314|0.98|1.01|0.64|0.64|0.65|0.88|0.97
5314|0.98|1.01|0.64|0.64|0.65|0.88|0.97
5314|0.98|1.01|0.64|0.64|0.65|0.88|0.97
5314|0.98|1.01|0.64|0.64|0.65|0.88|0.97
5314|0.98|1.01|0.64|0.64|0.65|0.88|0.97
5314|0.98|1.01|0.64|0.64|0.65|0.88|0.97
5314|0.98|1.01|0.64|0.64|0.65|0.88|0.97
5314|0.98|1.01|0.64|0.64|0.65|0.88|0.97
5314|0.98|1.01|0.64|0.64|0.65|0.88|0.97
5314|0.98|1.01|0.64|0.64|0.65|0.88|0.97
5314|0.98|1.01|0.64|0.64|0.65|0.88|0.97
5314|0.98|1.01|0.64|0.64|0.65|0.88|0.97
5314|0.98|1.01|0.64|0.64|0.65|0.88|0.97
5314|0.98|1.01|0.64|0.64|0.65|0.88|0.97
5314|0.98|1.01|0.64|0.64|0.65|0.88|0.97
5314|0.98|1.01|0.64|0.64|0.65|0.88|0.97
5314|0.98|1.01|0.64|0.64|0.65|0.88|0.97
5314|0.98|1.01|0.64|0.64|0.65|0.88|0.97
5314|0.98|1.01|0.64|0.64|0.65|0.88|0.97
5314|0.98|1.01|0.64|0.64|0.65|0.88|0.97
5314|0.98|1.01|0.64|0.64|0.65|0.88|0.97
5314|0.98|1.01|0.64|0.64|0.65|0.88|0.97
5314|0.98|1.01|0.64|0.64|0.65|0.88|0.97
5314|0.98|1.01|0.64|0.64|0.65|0.88|0.97
5314|0.98|1.01|0.64|0.64|0.65|0.88|0.97
5314|0.98|1.01|0.64|0.64|0.65|0.88|0.97
5314|0.98|1.01|0.64|0.64|0.65|0.88|0.97
5314|0.98|1.01|0.64|0.64|0.65|0.88|0.97
5314|0.98|1.01|0.64|0.64|0.65|0.88|0.97
5314|0.98|1.01|0.64|0.64|0.65|0.88|0.97
5314|0.98|1.01|0.64|0.64|0.65|0.88|0.97
5314|0.98|1.01|0.64|0.64|0.65|0.88|0.97
5314|0.98|1.01|0.64|0.64|0.65|0.88|0.97
5314|0.98|1.01|0.64|0.64|0.65|0.88|0.97
5314|0.98|1.01|0.64|0.64|0.65|0.88|0.97
5314|0.98|1.01|0.64|0.64|0.65|0.88|0.97
5315|1.04|1.01|0.99|1.04|1.01|1.03|1.0
5315|1.04|1.01|0.99|1.04|1.01|1.03|1.0
5315|1.04|1.01|0.99|1.04|1.01|1.03|1.0
5315|1.04|1.01|0.99|1.04|1.01|1.03|1.0
5315|1.04|1.01|0.99|1.04|1.01|1.03|1.0
5315|1.04|1.01|0.99|1.04|1.01|1.03|1.0
5315|1.04|1.01|0.99|1.04|1.01|1.03|1.0
5315|1.04|1.01|0.99|1.04|1.01|1.03|1.0
5315|1.04|1.01|0.99|1.04|1.01|1.03|1.0
5315|1.04|1.01|0.99|1.04|1.01|1.03|1.0
5315|1.04|1.01|0.99|1.04|1.01|1.03|1.0
5315|1.04|1.01|0.99|1.04|1.01|1.03|1.0
5315|1.04|1.01|0.99|1.04|1.01|1.03|1.0
5315|1.04|1.01|0.99|1.04|1.01|1.03|1.0
5315|1.04|1.01|0.99|1.04|1.01|1.03|1.0
5315|1.04|1.01|0.99|1.04|1.01|1.03|1.0
5315|1.04|1.01|0.99|1.04|1.01|1.03|1.0
5315|1.04|1.01|0.99|1.04|1.01|1.03|1.0
5315|1.04|1.01|0.99|1.04|1.01|1.03|1.0
5315|1.04|1.01|0.99|1.04|1.01|1.03|1.0
5315|1.04|1.01|0.99|1.04|1.01|1.03|1.0
5315|1.04|1.01|0.99|1.04|1.01|1.03|1.0
5315|1.04|1.01|0.99|1.04|1.01|1.03|1.0
5315|1.04|1.01|0.99|1.04|1.01|1.03|1.0
5315|1.04|1.01|0.99|1.04|1.01|1.03|1.0
5315|1.04|1.01|0.99|1.04|1.01|1.03|1.0
5315|1.04|1.01|0.99|1.04|1.01|1.03|1.0
5315|1.04|1.01|0.99|1.04|1.01|1.03|1.0
5315|1.04|1.01|0.99|1.04|1.01|1.03|1.0
5315|1.04|1.01|0.99|1.04|1.01|1.03|1.0
5315|1.04|1.01|0.99|1.04|1.01|1.03|1.0
5315|1.04|1.01|0.99|1.04|1.01|1.03|1.0
5315|1.04|1.01|0.99|1.04|1.01|1.03|1.0
5315|1.04|1.01|0.99|1.04|1.01|1.03|1.0
5315|1.04|1.01|0.99|1.04|1.01|1.03|1.0
5315|1.04|1.01|0.99|1.04|1.01|1.03|1.0
5315|1.04|1.01|0.99|1.04|1.01|1.03|1.0
5315|1.04|1.01|0.99|1.04|1.01|1.03|1.0
5315|1.04|1.01|0.99|1.04|1.01|1.03|1.0
5315|1.04|1.01|0.99|1.04|1.01|1.03|1.0
5315|1.04|1.01|0.99|1.04|1.01|1.03|1.0
5315|1.04|1.01|0.99|1.04|1.01|1.03|1.0
5315|1.04|1.01|0.99|1.04|1.01|1.03|1.0
5315|1.04|1.01|0.99|1.04|1.01|1.03|1.0
5315|1.04|1.01|0.99|1.04|1.01|1.03|1.0
5315|1.04|1.01|0.99|1.04|1.01|1.03|1.0
5315|1.04|1.01|0.99|1.04|1.01|1.03|1.0
5315|1.04|1.01|0.99|1.04|1.01|1.03|1.0
5315|1.04|1.01|0.99|1.04|1.01|1.03|1.0
5316|1.02|0.99|1.0|1.01|1.02|0.99|1.01
5316|1.02|0.99|1.0|1.01|1.02|0.99|1.01
5316|1.02|0.99|1.0|1.01|1.02|0.99|1.01
5316|1.02|0.99|1.0|1.01|1.02|0.99|1.01
5316|1.02|0.99|1.0|1.01|1.02|0.99|1.01
5316|1.02|0.99|1.0|1.01|1.02|0.99|1.01
5316|1.02|0.99|1.0|1.01|1.02|0.99|1.01
5316|1.02|0.99|1.0|1.01|1.02|0.99|1.01
5316|1.02|0.99|1.0|1.01|1.02|0.99|1.01
5316|1.02|0.99|1.0|1.01|1.02|0.99|1.01
5316|1.02|0.99|1.0|1.01|1.02|0.99|1.01
5316|1.02|0.99|1.0|1.01|1.02|0.99|1.01
5316|1.02|0.99|1.0|1.01|1.02|0.99|1.01
5316|1.02|0.99|1.0|1.01|1.02|0.99|1.01
5316|1.02|0.99|1.0|1.01|1.02|0.99|1.01
5316|1.02|0.99|1.0|1.01|1.02|0.99|1.01
5316|1.02|0.99|1.0|1.01|1.02|0.99|1.01
5316|1.02|0.99|1.0|1.01|1.02|0.99|1.01
5316|1.02|0.99|1.0|1.01|1.02|0.99|1.01
5316|1.02|0.99|1.0|1.01|1.02|0.99|1.01
5316|1.02|0.99|1.0|1.01|1.02|0.99|1.01
5316|1.02|0.99|1.0|1.01|1.02|0.99|1.01
5316|1.02|0.99|1.0|1.01|1.02|0.99|1.01
5316|1.02|0.99|1.0|1.01|1.02|0.99|1.01
5316|1.02|0.99|1.0|1.01|1.02|0.99|1.01
5316|1.02|0.99|1.0|1.01|1.02|0.99|1.01
5316|1.02|0.99|1.0|1.01|1.02|0.99|1.01
5316|1.02|0.99|1.0|1.01|1.02|0.99|1.01
5316|1.02|0.99|1.0|1.01|1.02|0.99|1.01
5316|1.02|0.99|1.0|1.01|1.02|0.99|1.01
5316|1.02|0.99|1.0|1.01|1.02|0.99|1.01
5316|1.02|0.99|1.0|1.01|1.02|0.99|1.01
5316|1.02|0.99|1.0|1.01|1.02|0.99|1.01
5316|1.02|0.99|1.0|1.01|1.02|0.99|1.01
5316|1.02|0.99|1.0|1.01|1.02|0.99|1.01
5316|1.02|0.99|1.0|1.01|1.02|0.99|1.01
5316|1.02|0.99|1.0|1.01|1.02|0.99|1.01
5316|1.02|0.99|1.0|1.01|1.02|0.99|1.01
5316|1.02|0.99|1.0|1.01|1.02|0.99|1.01
5316|1.02|0.99|1.0|1.01|1.02|0.99|1.01
5316|1.02|0.99|1.0|1.01|1.02|0.99|1.01
5316|1.02|0.99|1.0|1.01|1.02|0.99|1.01
5316|1.02|0.99|1.0|1.01|1.02|0.99|1.01
5316|1.02|0.99|1.0|1.01|1.02|0.99|1.01
5316|1.02|0.99|1.0|1.01|1.02|0.99|1.01
5316|1.02|0.99|1.0|1.01|1.02|0.99|1.01
5316|1.02|0.99|1.0|1.01|1.02|0.99|1.01
5316|1.02|0.99|1.0|1.01|1.02|0.99|1.01
5316|1.02|0.99|1.0|1.01|1.02|0.99|1.01
5317|1.0|0.99|0.96|1.01|1.02|0.98|0.99
5317|1.0|0.99|0.96|1.01|1.02|0.98|0.99
5317|1.0|0.99|0.96|1.01|1.02|0.98|0.99
5317|1.0|0.99|0.96|1.01|1.02|0.98|0.99
5317|1.0|0.99|0.96|1.01|1.02|0.98|0.99
5317|1.0|0.99|0.96|1.01|1.02|0.98|0.99
5317|1.0|0.99|0.96|1.01|1.02|0.98|0.99
5317|1.0|0.99|0.96|1.01|1.02|0.98|0.99
5317|1.0|0.99|0.96|1.01|1.02|0.98|0.99
5317|1.0|0.99|0.96|1.01|1.02|0.98|0.99
5317|1.0|0.99|0.96|1.01|1.02|0.98|0.99
5317|1.0|0.99|0.96|1.01|1.02|0.98|0.99
5317|1.0|0.99|0.96|1.01|1.02|0.98|0.99
5317|1.0|0.99|0.96|1.01|1.02|0.98|0.99
5317|1.0|0.99|0.96|1.01|1.02|0.98|0.99
5317|1.0|0.99|0.96|1.01|1.02|0.98|0.99
5317|1.0|0.99|0.96|1.01|1.02|0.98|0.99
5317|1.0|0.99|0.96|1.01|1.02|0.98|0.99
5317|1.0|0.99|0.96|1.01|1.02|0.98|0.99
5317|1.0|0.99|0.96|1.01|1.02|0.98|0.99
5317|1.0|0.99|0.96|1.01|1.02|0.98|0.99
5317|1.0|0.99|0.96|1.01|1.02|0.98|0.99
5317|1.0|0.99|0.96|1.01|1.02|0.98|0.99
5317|1.0|0.99|0.96|1.01|1.02|0.98|0.99
5317|1.0|0.99|0.96|1.01|1.02|0.98|0.99
5317|1.0|0.99|0.96|1.01|1.02|0.98|0.99
5317|1.0|0.99|0.96|1.01|1.02|0.98|0.99
5317|1.0|0.99|0.96|1.01|1.02|0.98|0.99
5317|1.0|0.99|0.96|1.01|1.02|0.98|0.99
5317|1.0|0.99|0.96|1.01|1.02|0.98|0.99
5317|1.0|0.99|0.96|1.01|1.02|0.98|0.99
5317|1.0|0.99|0.96|1.01|1.02|0.98|0.99
5317|1.0|0.99|0.96|1.01|1.02|0.98|0.99
5317|1.0|0.99|0.96|1.01|1.02|0.98|0.99
5317|1.0|0.99|0.96|1.01|1.02|0.98|0.99
5317|1.0|0.99|0.96|1.01|1.02|0.98|0.99
5317|1.0|0.99|0.96|1.01|1.02|0.98|0.99
5317|1.0|0.99|0.96|1.01|1.02|0.98|0.99
5317|1.0|0.99|0.96|1.01|1.02|0.98|0.99
5317|1.0|0.99|0.96|1.01|1.02|0.98|0.99
5317|1.0|0.99|0.96|1.01|1.02|0.98|0.99
5317|1.0|0.99|0.96|1.01|1.02|0.98|0.99
5317|1.0|0.99|0.96|1.01|1.02|0.98|0.99
5317|1.0|0.99|0.96|1.01|1.02|0.98|0.99
5317|1.0|0.99|0.96|1.01|1.02|0.98|0.99
5317|1.0|0.99|0.96|1.01|1.02|0.98|0.99
5317|1.0|0.99|0.96|1.01|1.02|0.98|0.99
5317|1.0|0.99|0.96|1.01|1.02|0.98|0.99
5317|1.0|0.99|0.96|1.01|1.02|0.98|0.99
5318|0.99|1.02|1.05|0.97|0.99|1.01|0.95
5318|0.99|1.02|1.05|0.97|0.99|1.01|0.95
5318|0.99|1.02|1.05|0.97|0.99|1.01|0.95
5318|0.99|1.02|1.05|0.97|0.99|1.01|0.95
5318|0.99|1.02|1.05|0.97|0.99|1.01|0.95
5318|0.99|1.02|1.05|0.97|0.99|1.01|0.95
5318|0.99|1.02|1.05|0.97|0.99|1.01|0.95
5318|0.99|1.02|1.05|0.97|0.99|1.01|0.95
5318|0.99|1.02|1.05|0.97|0.99|1.01|0.95
5318|0.99|1.02|1.05|0.97|0.99|1.01|0.95
5318|0.99|1.02|1.05|0.97|0.99|1.01|0.95
5318|0.99|1.02|1.05|0.97|0.99|1.01|0.95
5318|0.99|1.02|1.05|0.97|0.99|1.01|0.95
5318|0.99|1.02|1.05|0.97|0.99|1.01|0.95
5318|0.99|1.02|1.05|0.97|0.99|1.01|0.95
5318|0.99|1.02|1.05|0.97|0.99|1.01|0.95
5318|0.99|1.02|1.05|0.97|0.99|1.01|0.95
5318|0.99|1.02|1.05|0.97|0.99|1.01|0.95
5318|0.99|1.02|1.05|0.97|0.99|1.01|0.95
5318|0.99|1.02|1.05|0.97|0.99|1.01|0.95
5318|0.99|1.02|1.05|0.97|0.99|1.01|0.95
5318|0.99|1.02|1.05|0.97|0.99|1.01|0.95
5318|0.99|1.02|1.05|0.97|0.99|1.01|0.95
5318|0.99|1.02|1.05|0.97|0.99|1.01|0.95
5318|0.99|1.02|1.05|0.97|0.99|1.01|0.95
5318|0.99|1.02|1.05|0.97|0.99|1.01|0.95
5318|0.99|1.02|1.05|0.97|0.99|1.01|0.95
5318|0.99|1.02|1.05|0.97|0.99|1.01|0.95
5318|0.99|1.02|1.05|0.97|0.99|1.01|0.95
5318|0.99|1.02|1.05|0.97|0.99|1.01|0.95
5318|0.99|1.02|1.05|0.97|0.99|1.01|0.95
5318|0.99|1.02|1.05|0.97|0.99|1.01|0.95
5318|0.99|1.02|1.05|0.97|0.99|1.01|0.95
5318|0.99|1.02|1.05|0.97|0.99|1.01|0.95
5318|0.99|1.02|1.05|0.97|0.99|1.01|0.95
5318|0.99|1.02|1.05|0.97|0.99|1.01|0.95
5318|0.99|1.02|1.05|0.97|0.99|1.01|0.95
5318|0.99|1.02|1.05|0.97|0.99|1.01|0.95
5318|0.99|1.02|1.05|0.97|0.99|1.01|0.95
5318|0.99|1.02|1.05|0.97|0.99|1.01|0.95
5318|0.99|1.02|1.05|0.97|0.99|1.01|0.95
5318|0.99|1.02|1.05|0.97|0.99|1.01|0.95
5318|0.99|1.02|1.05|0.97|0.99|1.01|0.95
5318|0.99|1.02|1.05|0.97|0.99|1.01|0.95
5318|0.99|1.02|1.05|0.97|0.99|1.01|0.95
5318|0.99|1.02|1.05|0.97|0.99|1.01|0.95
5318|0.99|1.02|1.05|0.97|0.99|1.01|0.95
5318|0.99|1.02|1.05|0.97|0.99|1.01|0.95
5318|0.99|1.02|1.05|0.97|0.99|1.01|0.95
5319|0.99|0.97|1.01|0.98|1.01|0.98|1.0
5319|0.99|0.97|1.01|0.98|1.01|0.98|1.0
5319|0.99|0.97|1.01|0.98|1.01|0.98|1.0
5319|0.99|0.97|1.01|0.98|1.01|0.98|1.0
5319|0.99|0.97|1.01|0.98|1.01|0.98|1.0
5319|0.99|0.97|1.01|0.98|1.01|0.98|1.0
5319|0.99|0.97|1.01|0.98|1.01|0.98|1.0
5319|0.99|0.97|1.01|0.98|1.01|0.98|1.0
5319|0.99|0.97|1.01|0.98|1.01|0.98|1.0
5319|0.99|0.97|1.01|0.98|1.01|0.98|1.0
5319|0.99|0.97|1.01|0.98|1.01|0.98|1.0
5319|0.99|0.97|1.01|0.98|1.01|0.98|1.0
5319|0.99|0.97|1.01|0.98|1.01|0.98|1.0
5319|0.99|0.97|1.01|0.98|1.01|0.98|1.0
5319|0.99|0.97|1.01|0.98|1.01|0.98|1.0
5319|0.99|0.97|1.01|0.98|1.01|0.98|1.0
5319|0.99|0.97|1.01|0.98|1.01|0.98|1.0
5319|0.99|0.97|1.01|0.98|1.01|0.98|1.0
5319|0.99|0.97|1.01|0.98|1.01|0.98|1.0
5319|0.99|0.97|1.01|0.98|1.01|0.98|1.0
5319|0.99|0.97|1.01|0.98|1.01|0.98|1.0
5319|0.99|0.97|1.01|0.98|1.01|0.98|1.0
5319|0.99|0.97|1.01|0.98|1.01|0.98|1.0
5319|0.99|0.97|1.01|0.98|1.01|0.98|1.0
5319|0.99|0.97|1.01|0.98|1.01|0.98|1.0
5319|0.99|0.97|1.01|0.98|1.01|0.98|1.0
5319|0.99|0.97|1.01|0.98|1.01|0.98|1.0
5319|0.99|0.97|1.01|0.98|1.01|0.98|1.0
5319|0.99|0.97|1.01|0.98|1.01|0.98|1.0
5319|0.99|0.97|1.01|0.98|1.01|0.98|1.0
5319|0.99|0.97|1.01|0.98|1.01|0.98|1.0
5319|0.99|0.97|1.01|0.98|1.01|0.98|1.0
5319|0.99|0.97|1.01|0.98|1.01|0.98|1.0
5319|0.99|0.97|1.01|0.98|1.01|0.98|1.0
5319|0.99|0.97|1.01|0.98|1.01|0.98|1.0
5319|0.99|0.97|1.01|0.98|1.01|0.98|1.0
5319|0.99|0.97|1.01|0.98|1.01|0.98|1.0
5319|0.99|0.97|1.01|0.98|1.01|0.98|1.0
5319|0.99|0.97|1.01|0.98|1.01|0.98|1.0
5319|0.99|0.97|1.01|0.98|1.01|0.98|1.0
5319|0.99|0.97|1.01|0.98|1.01|0.98|1.0
5319|0.99|0.97|1.01|0.98|1.01|0.98|1.0
5319|0.99|0.97|1.01|0.98|1.01|0.98|1.0
5319|0.99|0.97|1.01|0.98|1.01|0.98|1.0
5319|0.99|0.97|1.01|0.98|1.01|0.98|1.0
5319|0.99|0.97|1.01|0.98|1.01|0.98|1.0
5319|0.99|0.97|1.01|0.98|1.01|0.98|1.0
5319|0.99|0.97|1.01|0.98|1.01|0.98|1.0
5319|0.99|0.97|1.01|0.98|1.01|0.98|1.0
5320|1.03|1.0|0.99|0.97|1.03|1.03|1.03
5320|1.03|1.0|0.99|0.97|1.03|1.03|1.03
5320|1.03|1.0|0.99|0.97|1.03|1.03|1.03
5320|1.03|1.0|0.99|0.97|1.03|1.03|1.03
5320|1.03|1.0|0.99|0.97|1.03|1.03|1.03
5320|1.03|1.0|0.99|0.97|1.03|1.03|1.03
5320|1.03|1.0|0.99|0.97|1.03|1.03|1.03
5320|1.03|1.0|0.99|0.97|1.03|1.03|1.03
5320|1.03|1.0|0.99|0.97|1.03|1.03|1.03
5320|1.03|1.0|0.99|0.97|1.03|1.03|1.03
5320|1.03|1.0|0.99|0.97|1.03|1.03|1.03
5320|1.03|1.0|0.99|0.97|1.03|1.03|1.03
5320|1.03|1.0|0.99|0.97|1.03|1.03|1.03
5320|1.03|1.0|0.99|0.97|1.03|1.03|1.03
5320|1.03|1.0|0.99|0.97|1.03|1.03|1.03
5320|1.03|1.0|0.99|0.97|1.03|1.03|1.03
5320|1.03|1.0|0.99|0.97|1.03|1.03|1.03
5320|1.03|1.0|0.99|0.97|1.03|1.03|1.03
5320|1.03|1.0|0.99|0.97|1.03|1.03|1.03
5320|1.03|1.0|0.99|0.97|1.03|1.03|1.03
5320|1.03|1.0|0.99|0.97|1.03|1.03|1.03
5320|1.03|1.0|0.99|0.97|1.03|1.03|1.03
5320|1.03|1.0|0.99|0.97|1.03|1.03|1.03
5320|1.03|1.0|0.99|0.97|1.03|1.03|1.03
5320|1.03|1.0|0.99|0.97|1.03|1.03|1.03
5320|1.03|1.0|0.99|0.97|1.03|1.03|1.03
5320|1.03|1.0|0.99|0.97|1.03|1.03|1.03
5320|1.03|1.0|0.99|0.97|1.03|1.03|1.03
5320|1.03|1.0|0.99|0.97|1.03|1.03|1.03
5320|1.03|1.0|0.99|0.97|1.03|1.03|1.03
5320|1.03|1.0|0.99|0.97|1.03|1.03|1.03
5320|1.03|1.0|0.99|0.97|1.03|1.03|1.03
5320|1.03|1.0|0.99|0.97|1.03|1.03|1.03
5320|1.03|1.0|0.99|0.97|1.03|1.03|1.03
5320|1.03|1.0|0.99|0.97|1.03|1.03|1.03
5320|1.03|1.0|0.99|0.97|1.03|1.03|1.03
5320|1.03|1.0|0.99|0.97|1.03|1.03|1.03
5320|1.03|1.0|0.99|0.97|1.03|1.03|1.03
5320|1.03|1.0|0.99|0.97|1.03|1.03|1.03
5320|1.03|1.0|0.99|0.97|1.03|1.03|1.03
5320|1.03|1.0|0.99|0.97|1.03|1.03|1.03
5320|1.03|1.0|0.99|0.97|1.03|1.03|1.03
5320|1.03|1.0|0.99|0.97|1.03|1.03|1.03
5320|1.03|1.0|0.99|0.97|1.03|1.03|1.03
5320|1.03|1.0|0.99|0.97|1.03|1.03|1.03
5320|1.03|1.0|0.99|0.97|1.03|1.03|1.03
5320|1.03|1.0|0.99|0.97|1.03|1.03|1.03
5320|1.03|1.0|0.99|0.97|1.03|1.03|1.03
5320|1.03|1.0|0.99|0.97|1.03|1.03|1.03
5321|1.01|1.01|1.0|1.0|0.99|1.02|1.0
5321|1.01|1.01|1.0|1.0|0.99|1.02|1.0
5321|1.01|1.01|1.0|1.0|0.99|1.02|1.0
5321|1.01|1.01|1.0|1.0|0.99|1.02|1.0
5321|1.01|1.01|1.0|1.0|0.99|1.02|1.0
5321|1.01|1.01|1.0|1.0|0.99|1.02|1.0
5321|1.01|1.01|1.0|1.0|0.99|1.02|1.0
5321|1.01|1.01|1.0|1.0|0.99|1.02|1.0
5321|1.01|1.01|1.0|1.0|0.99|1.02|1.0
5321|1.01|1.01|1.0|1.0|0.99|1.02|1.0
5321|1.01|1.01|1.0|1.0|0.99|1.02|1.0
5321|1.01|1.01|1.0|1.0|0.99|1.02|1.0
5321|1.01|1.01|1.0|1.0|0.99|1.02|1.0
5321|1.01|1.01|1.0|1.0|0.99|1.02|1.0
5321|1.01|1.01|1.0|1.0|0.99|1.02|1.0
5321|1.01|1.01|1.0|1.0|0.99|1.02|1.0
5321|1.01|1.01|1.0|1.0|0.99|1.02|1.0
5321|1.01|1.01|1.0|1.0|0.99|1.02|1.0
5321|1.01|1.01|1.0|1.0|0.99|1.02|1.0
5321|1.01|1.01|1.0|1.0|0.99|1.02|1.0
5321|1.01|1.01|1.0|1.0|0.99|1.02|1.0
5321|1.01|1.01|1.0|1.0|0.99|1.02|1.0
5321|1.01|1.01|1.0|1.0|0.99|1.02|1.0
5321|1.01|1.01|1.0|1.0|0.99|1.02|1.0
5321|1.01|1.01|1.0|1.0|0.99|1.02|1.0
5321|1.01|1.01|1.0|1.0|0.99|1.02|1.0
5321|1.01|1.01|1.0|1.0|0.99|1.02|1.0
5321|1.01|1.01|1.0|1.0|0.99|1.02|1.0
5321|1.01|1.01|1.0|1.0|0.99|1.02|1.0
5321|1.01|1.01|1.0|1.0|0.99|1.02|1.0
5321|1.01|1.01|1.0|1.0|0.99|1.02|1.0
5321|1.01|1.01|1.0|1.0|0.99|1.02|1.0
5321|1.01|1.01|1.0|1.0|0.99|1.02|1.0
5321|1.01|1.01|1.0|1.0|0.99|1.02|1.0
5321|1.01|1.01|1.0|1.0|0.99|1.02|1.0
5321|1.01|1.01|1.0|1.0|0.99|1.02|1.0
5321|1.01|1.01|1.0|1.0|0.99|1.02|1.0
5321|1.01|1.01|1.0|1.0|0.99|1.02|1.0
5321|1.01|1.01|1.0|1.0|0.99|1.02|1.0
5321|1.01|1.01|1.0|1.0|0.99|1.02|1.0
5321|1.01|1.01|1.0|1.0|0.99|1.02|1.0
5321|1.01|1.01|1.0|1.0|0.99|1.02|1.0
5321|1.01|1.01|1.0|1.0|0.99|1.02|1.0
5321|1.01|1.01|1.0|1.0|0.99|1.02|1.0
5321|1.01|1.01|1.0|1.0|0.99|1.02|1.0
5321|1.01|1.01|1.0|1.0|0.99|1.02|1.0
5321|1.01|1.01|1.0|1.0|0.99|1.02|1.0
5321|1.01|1.01|1.0|1.0|0.99|1.02|1.0
5321|1.01|1.01|1.0|1.0|0.99|1.02|1.0
5322|5.17|5.28|0.98|1.77|1.85|5.05|5.17
5322|5.17|5.28|0.98|1.77|1.85|5.05|5.17
5322|5.17|5.28|0.98|1.77|1.85|5.05|5.17
5322|5.17|5.28|0.98|1.77|1.85|5.05|5.17
5322|5.17|5.28|0.98|1.77|1.85|5.05|5.17
5322|5.17|5.28|0.98|1.77|1.85|5.05|5.17
5322|5.17|5.28|0.98|1.77|1.85|5.05|5.17
