brand_id|brand|t_hour|t_minute|ext_price
1002002|"importoamalg #2"|18|18|NULL
1003001|"exportiamalg #1"|9|7|NULL
1003001|"exportiamalg #1"|19|51|NULL
1004001|"edu packamalg #1"|17|34|NULL
1004002|"edu packamalg #2"|19|13|NULL
2001001|"amalgimporto #1"|17|11|NULL
2002001|"importoimporto #1"|18|48|NULL
3001001|"amalgexporti #1"|17|24|NULL
3002001|"importoexporti #1"|8|0|NULL
4003002|"exportiedu pack #2"|9|7|NULL
5001001|"amalgscholar #1"|9|38|NULL
5001001|"amalgscholar #1"|9|8|NULL
5001002|"amalgscholar #2"|9|47|NULL
5001002|"amalgscholar #2"|17|6|NULL
5001002|"amalgscholar #2"|18|51|NULL
5002001|"importoscholar #1"|18|49|NULL
5003002|"exportischolar #2"|9|35|NULL
5003002|"exportischolar #2"|19|24|NULL
5004002|"edu packscholar #2"|8|17|NULL
5004002|"edu packscholar #2"|19|15|NULL
6003003|"exporticorp #3"|9|40|NULL
6005007|"scholarcorp #7"|8|57|NULL
6008002|"namelesscorp #2"|19|5|NULL
6011003|"amalgbrand #3"|8|12|NULL
6011003|"amalgbrand #3"|18|44|NULL
6013006|"exportibrand #6"|9|12|NULL
7002003|"importobrand #3"|17|14|NULL
7002009|"importobrand #9"|9|24|NULL
7003001|"exportibrand #1"|19|36|NULL
7005010|"scholarbrand #10"|18|0|NULL
7009003|"maxibrand #3"|18|57|NULL
7012009|"importonameless #9"|17|48|NULL
7012009|"importonameless #9"|17|21|NULL
7013007|"exportinameless #7"|18|54|NULL
8004003|"edu packnameless #3"|17|38|NULL
8008009|"namelessnameless #9"|18|23|NULL
8009005|"maxinameless #5"|9|20|NULL
8011008|"amalgmaxi #8"|18|3|NULL
8014005|"edu packmaxi #5"|19|25|NULL
8014005|"edu packmaxi #5"|19|0|NULL
9001005|"amalgmaxi #5"|17|47|NULL
9003003|"exportimaxi #3"|9|56|NULL
9004003|"edu packmaxi #3"|8|20|NULL
9004008|"edu packmaxi #8"|9|51|NULL
9006009|"corpmaxi #9"|19|53|NULL
9006011|"corpmaxi #11"|19|19|NULL
9008002|"namelessmaxi #2"|8|15|NULL
9013009|"exportiunivamalg #9"|17|55|NULL
9015011|"scholarunivamalg #11"|8|31|NULL
9015011|"scholarunivamalg #11"|18|8|NULL
10001017|"amalgunivamalg #17"|8|51|NULL
10002007|"importounivamalg #7"|19|51|NULL
10004004|"edu packunivamalg #4"|9|9|NULL
10006017|"corpunivamalg #17"|19|12|NULL
10009006|"maxiunivamalg #6"|9|34|NULL
10009006|"maxiunivamalg #6"|9|6|NULL
10013013|"exportiamalgamalg #13"|9|21|NULL
10015004|"scholaramalgamalg #4"|19|58|NULL
10015017|"scholaramalgamalg #17"|18|53|NULL
10016003|"corpamalgamalg #3"|9|53|NULL
10016003|"corpamalgamalg #3"|17|43|NULL
10016013|"corpamalgamalg #13"|19|55|NULL
1004001|"edu packamalg #1"|17|8|28256.25
8010006|"univmaxi #6"|18|56|24009.44
1003001|"exportiamalg #1"|6|10|23727.96
7011008|"amalgnameless #8"|9|24|21836.80
4002001|"importoedu pack #1"|17|7|21708.30
8005006|"scholarnameless #6"|6|48|21608.64
7006009|"corpbrand #9"|18|21|21492.16
5001002|"amalgscholar #2"|18|47|21462.40
4004001|"edu packedu pack #1"|7|15|20647.62
8006009|"corpnameless #9"|18|39|20279.79
1002001|"importoamalg #1"|8|22|20235.87
5004001|"edu packscholar #1"|17|22|20105.91
1001001|"amalgamalg #1"|19|11|19786.15
4003001|"exportiedu pack #1"|7|21|19595.60
2004002|"edu packimporto #2"|8|54|18966.32
3001001|"amalgexporti #1"|18|0|18930.22
4004001|"edu packedu pack #1"|19|50|18751.60
5001001|"amalgscholar #1"|7|21|18714.64
2002001|"importoimporto #1"|9|49|18712.25
1001002|"amalgamalg #2"|17|1|18316.88
5004001|"edu packscholar #1"|9|56|18159.36
5003001|"exportischolar #1"|17|36|18103.57
9010009|"univunivamalg #9"|9|8|17974.95
1002001|"importoamalg #1"|17|10|17931.26
5003002|"exportischolar #2"|19|32|17726.06
1004002|"edu packamalg #2"|19|25|17577.37
8013004|"exportimaxi #4"|17|10|17432.01
3001001|"amalgexporti #1"|8|18|17393.50
7009005|"maxibrand #5"|6|51|17381.20
2002001|"importoimporto #1"|6|6|17145.60
10004017|"edu packunivamalg #17"|19|34|17141.80
1001001|"amalgamalg #1"|9|22|17133.60
1004002|"edu packamalg #2"|18|32|17107.66
9010009|"univunivamalg #9"|17|32|16973.32
5001001|"amalgscholar #1"|7|36|16904.16
8005001|"scholarnameless #1"|19|33|16882.41
9001005|"amalgmaxi #5"|7|10|16809.18
3002001|"importoexporti #1"|6|24|16777.23
1004001|"edu packamalg #1"|18|33|16776.42
9015009|"scholarunivamalg #9"|7|55|16678.64
4002002|"importoedu pack #2"|19|47|16476.57
7009003|"maxibrand #3"|17|40|16376.58
5003001|"exportischolar #1"|8|37|16273.28
4003001|"exportiedu pack #1"|19|50|16195.05
2002002|"importoimporto #2"|19|40|16162.74
2003001|"exportiimporto #1"|17|41|16144.83
1004001|"edu packamalg #1"|19|44|16139.85
3004001|"edu packexporti #1"|19|20|16093.09
9016008|"corpunivamalg #8"|9|43|16060.00
1003001|"exportiamalg #1"|19|40|16046.91
4004001|"edu packedu pack #1"|17|52|15991.42
1004001|"edu packamalg #1"|18|24|15959.44
6003003|"exporticorp #3"|8|58|15835.11
10003004|"exportiunivamalg #4"|17|6|15642.40
10001017|"amalgunivamalg #17"|19|19|15608.12
3002001|"importoexporti #1"|17|53|15603.40
5002002|"importoscholar #2"|18|25|15420.75
10015009|"scholaramalgamalg #9"|18|52|15408.16
2004001|"edu packimporto #1"|9|6|15369.62
10004015|"edu packunivamalg #15"|9|57|15342.50
3001001|"amalgexporti #1"|17|13|15298.01
1004001|"edu packamalg #1"|18|47|15238.18
4004001|"edu packedu pack #1"|18|58|15075.48
1001001|"amalgamalg #1"|7|33|15062.44
5003001|"exportischolar #1"|8|30|15018.20
10016016|"corpamalgamalg #16"|9|18|14907.24
2001002|"amalgimporto #2"|7|59|14728.80
1004002|"edu packamalg #2"|8|56|14667.20
5004001|"edu packscholar #1"|8|20|14650.90
3003002|"exportiexporti #2"|17|57|14602.54
8003007|"exportinameless #7"|18|19|14532.00
5001002|"amalgscholar #2"|17|11|14491.95
3001001|"amalgexporti #1"|8|39|14477.23
1002001|"importoamalg #1"|19|37|14427.89
3001001|"amalgexporti #1"|19|45|14407.47
5001001|"amalgscholar #1"|18|41|14403.03
3001001|"amalgexporti #1"|19|13|14379.50
7009009|"maxibrand #9"|8|33|14316.00
6007003|"brandcorp #3"|19|0|14297.36
1004002|"edu packamalg #2"|17|22|14283.10
4001001|"amalgedu pack #1"|19|26|14280.48
3002002|"importoexporti #2"|17|19|14262.80
3001001|"amalgexporti #1"|18|53|14176.36
2004002|"edu packimporto #2"|17|35|14112.96
3004001|"edu packexporti #1"|19|18|14042.07
1004001|"edu packamalg #1"|9|15|13985.58
8012010|"importomaxi #10"|7|36|13982.30
1002001|"importoamalg #1"|17|43|13958.96
6007007|"brandcorp #7"|6|48|13955.58
7013009|"exportinameless #9"|9|28|13908.00
4001001|"amalgedu pack #1"|19|3|13904.24
3004001|"edu packexporti #1"|17|39|13882.95
2001002|"amalgimporto #2"|7|47|13879.75
1001001|"amalgamalg #1"|9|45|13857.16
6006007|"corpcorp #7"|17|24|13845.15
3001001|"amalgexporti #1"|17|21|13839.88
5001001|"amalgscholar #1"|18|49|13824.30
2004002|"edu packimporto #2"|9|5|13782.00
10016009|"corpamalgamalg #9"|8|23|13774.05
2002001|"importoimporto #1"|18|49|13757.15
5004002|"edu packscholar #2"|19|34|13744.52
6001007|"amalgcorp #7"|8|23|13647.69
6009002|"maxicorp #2"|18|19|13617.60
10007002|"brandunivamalg #2"|8|44|13545.00
1003002|"exportiamalg #2"|7|1|13498.74
8014004|"edu packmaxi #4"|19|58|13437.56
5004001|"edu packscholar #1"|19|10|13393.08
8004009|"edu packnameless #9"|17|54|13363.98
9002011|"importomaxi #11"|9|16|13315.25
6002003|"importocorp #3"|18|35|13257.00
5003002|"exportischolar #2"|19|33|13249.71
3002002|"importoexporti #2"|18|13|13217.86
2003002|"exportiimporto #2"|9|10|13208.00
9014008|"edu packunivamalg #8"|19|9|13123.96
10003007|"exportiunivamalg #7"|19|52|13107.12
4003001|"exportiedu pack #1"|17|1|13039.74
6015005|"scholarbrand #5"|18|24|13036.80
2002001|"importoimporto #1"|19|7|13021.04
2001002|"amalgimporto #2"|8|33|13009.92
1002001|"importoamalg #1"|18|0|12986.70
5001001|"amalgscholar #1"|18|21|12954.52
7016001|"corpnameless #1"|19|28|12923.74
2004001|"edu packimporto #1"|9|27|12918.42
9003005|"exportimaxi #5"|18|43|12893.98
10012010|"importoamalgamalg #10"|18|45|12873.93
2001001|"amalgimporto #1"|17|20|12856.05
5004001|"edu packscholar #1"|17|32|12855.93
1004001|"edu packamalg #1"|17|19|12807.27
3002002|"importoexporti #2"|7|44|12783.21
5004002|"edu packscholar #2"|19|32|12770.73
9001008|"amalgmaxi #8"|17|30|12706.71
8011008|"amalgmaxi #8"|7|26|12618.72
8001003|"amalgnameless #3"|9|45|12599.40
3001002|"amalgexporti #2"|17|4|12592.07
5002002|"importoscholar #2"|17|12|12590.92
1001001|"amalgamalg #1"|17|19|12583.88
4003001|"exportiedu pack #1"|9|55|12580.02
8001007|"amalgnameless #7"|9|7|12570.46
7008009|"namelessbrand #9"|18|33|12562.00
9012005|"importounivamalg #5"|18|21|12558.00
2004002|"edu packimporto #2"|6|24|12514.56
10015004|"scholaramalgamalg #4"|9|51|12504.18
6016003|"corpbrand #3"|18|8|12465.90
9004011|"edu packmaxi #11"|9|35|12460.64
1004001|"edu packamalg #1"|9|37|12450.88
7004009|"edu packbrand #9"|9|34|12441.04
10016016|"corpamalgamalg #16"|18|30|12430.12
1004002|"edu packamalg #2"|18|33|12408.40
6003003|"exporticorp #3"|18|44|12400.00
8006008|"corpnameless #8"|7|9|12391.48
5002001|"importoscholar #1"|19|38|12366.87
3004001|"edu packexporti #1"|18|13|12355.36
1003001|"exportiamalg #1"|9|3|12354.72
3003002|"exportiexporti #2"|19|35|12318.00
4003002|"exportiedu pack #2"|7|21|12317.58
5003001|"exportischolar #1"|18|21|12302.67
5004001|"edu packscholar #1"|17|37|12300.28
7005007|"scholarbrand #7"|18|28|12293.76
1003001|"exportiamalg #1"|8|13|12274.43
8009005|"maxinameless #5"|18|7|12254.33
9011008|"amalgunivamalg #8"|17|13|12204.15
2001001|"amalgimporto #1"|7|30|12196.80
4001001|"amalgedu pack #1"|9|30|12175.20
1002001|"importoamalg #1"|18|50|12160.68
3003001|"exportiexporti #1"|6|38|12152.80
3003001|"exportiexporti #1"|7|32|12118.60
5002001|"importoscholar #1"|6|18|12082.19
4003001|"exportiedu pack #1"|18|44|12070.50
4003001|"exportiedu pack #1"|18|48|12001.54
1001001|"amalgamalg #1"|19|52|11990.29
8015007|"scholarmaxi #7"|8|34|11983.48
2003002|"exportiimporto #2"|9|56|11978.26
2002001|"importoimporto #1"|19|55|11976.65
5001001|"amalgscholar #1"|18|20|11929.16
2003001|"exportiimporto #1"|19|12|11917.09
3004001|"edu packexporti #1"|7|22|11897.54
4002001|"importoedu pack #1"|19|56|11869.92
1001002|"amalgamalg #2"|18|18|11869.85
3003001|"exportiexporti #1"|19|9|11860.86
10012004|"importoamalgamalg #4"|19|2|11856.10
3004002|"edu packexporti #2"|18|19|11833.61
8005003|"scholarnameless #3"|17|17|11827.62
7010004|"univnameless #4"|19|2|11818.00
4003001|"exportiedu pack #1"|17|39|11783.47
2004001|"edu packimporto #1"|17|16|11773.13
5004001|"edu packscholar #1"|19|21|11761.64
4001001|"amalgedu pack #1"|9|3|11748.96
9002011|"importomaxi #11"|9|24|11740.32
6004003|"edu packcorp #3"|18|21|11738.91
10010006|"univamalgamalg #6"|9|10|11731.50
7007004|"brandbrand #4"|19|13|11704.65
1001001|"amalgamalg #1"|19|12|11700.04
1001001|"amalgamalg #1"|9|0|11674.82
1001001|"amalgamalg #1"|8|46|11666.34
3004001|"edu packexporti #1"|19|10|11617.32
5003001|"exportischolar #1"|9|42|11612.48
10003011|"exportiunivamalg #11"|17|40|11608.27
6003007|"exporticorp #7"|18|15|11581.68
3004001|"edu packexporti #1"|9|11|11580.88
1004002|"edu packamalg #2"|17|5|11571.12
8016001|"corpmaxi #1"|17|30|11558.08
2001001|"amalgimporto #1"|17|29|11557.63
6007003|"brandcorp #3"|18|46|11551.00
9002003|"importomaxi #3"|19|21|11547.85
6013006|"exportibrand #6"|18|2|11508.93
9007009|"brandmaxi #9"|19|42|11506.81
6002001|"importocorp #1"|9|45|11497.08
1004001|"edu packamalg #1"|7|21|11479.74
8005001|"scholarnameless #1"|7|20|11443.65
1001001|"amalgamalg #1"|17|57|11443.50
5001001|"amalgscholar #1"|19|24|11399.38
9001005|"amalgmaxi #5"|19|39|11395.44
1004002|"edu packamalg #2"|18|27|11367.86
10004001|"edu packunivamalg #1"|17|45|11365.68
1001002|"amalgamalg #2"|18|22|11329.39
5004001|"edu packscholar #1"|17|20|11320.38
10009009|"maxiunivamalg #9"|9|12|11303.12
1004001|"edu packamalg #1"|6|29|11299.88
6005001|"scholarcorp #1"|19|59|11290.54
9001011|"amalgmaxi #11"|19|34|11279.16
1004001|"edu packamalg #1"|17|23|11276.90
9015009|"scholarunivamalg #9"|19|39|11221.93
10009008|"maxiunivamalg #8"|9|43|11201.41
6008002|"namelesscorp #2"|6|23|11198.64
3003001|"exportiexporti #1"|18|32|11195.79
4004001|"edu packedu pack #1"|18|45|11189.60
1003001|"exportiamalg #1"|6|5|11156.31
3003001|"exportiexporti #1"|17|33|11153.84
3003002|"exportiexporti #2"|17|34|11092.20
3002001|"importoexporti #1"|17|27|11090.58
7010010|"univnameless #10"|17|43|11089.68
7011008|"amalgnameless #8"|6|30|11063.52
1001001|"amalgamalg #1"|18|8|10997.41
2001002|"amalgimporto #2"|9|11|10993.50
4004001|"edu packedu pack #1"|9|36|10924.08
3001001|"amalgexporti #1"|8|6|10911.54
5004001|"edu packscholar #1"|17|42|10908.85
1003001|"exportiamalg #1"|9|25|10845.66
1001001|"amalgamalg #1"|9|39|10832.56
9003005|"exportimaxi #5"|7|17|10828.74
10009006|"maxiunivamalg #6"|19|29|10798.40
5003001|"exportischolar #1"|17|30|10775.66
7003002|"exportibrand #2"|19|26|10762.20
7004006|"edu packbrand #6"|6|21|10757.50
4004002|"edu packedu pack #2"|17|23|10753.26
1001001|"amalgamalg #1"|18|20|10742.84
3003002|"exportiexporti #2"|19|0|10739.63
8005006|"scholarnameless #6"|17|14|10704.33
9014008|"edu packunivamalg #8"|17|0|10698.70
1003001|"exportiamalg #1"|7|54|10686.50
1002001|"importoamalg #1"|18|55|10684.15
7016001|"corpnameless #1"|9|38|10652.20
1001001|"amalgamalg #1"|17|18|10633.83
8008003|"namelessnameless #3"|9|44|10628.27
2003002|"exportiimporto #2"|7|43|10579.72
2001001|"amalgimporto #1"|19|45|10578.18
9007005|"brandmaxi #5"|7|31|10576.72
8013009|"exportimaxi #9"|18|30|10564.68
8001003|"amalgnameless #3"|18|47|10547.04
3003002|"exportiexporti #2"|17|37|10534.93
2004001|"edu packimporto #1"|18|59|10511.20
9006005|"corpmaxi #5"|19|6|10501.92
9003008|"exportimaxi #8"|8|17|10497.60
10012006|"importoamalgamalg #6"|17|10|10463.84
8004003|"edu packnameless #3"|6|37|10434.90
8005009|"scholarnameless #9"|17|55|10434.29
6009003|"maxicorp #3"|6|57|10432.90
4002002|"importoedu pack #2"|7|28|10418.34
6012001|"importobrand #1"|19|1|10411.05
4002002|"importoedu pack #2"|18|19|10383.00
2003002|"exportiimporto #2"|9|49|10374.95
4002001|"importoedu pack #1"|19|10|10368.17
4002001|"importoedu pack #1"|19|30|10362.94
2003002|"exportiimporto #2"|9|51|10341.02
4004002|"edu packedu pack #2"|6|42|10331.37
6004003|"edu packcorp #3"|9|22|10314.00
3001002|"amalgexporti #2"|8|3|10303.74
9012005|"importounivamalg #5"|19|22|10303.02
2004002|"edu packimporto #2"|7|10|10287.55
9006002|"corpmaxi #2"|7|9|10259.79
9014011|"edu packunivamalg #11"|18|47|10256.68
4002002|"importoedu pack #2"|19|57|10250.80
5003001|"exportischolar #1"|8|49|10227.30
3004001|"edu packexporti #1"|19|49|10211.74
4004001|"edu packedu pack #1"|8|2|10206.56
4001002|"amalgedu pack #2"|7|29|10183.06
5003001|"exportischolar #1"|6|34|10180.00
10014007|"edu packamalgamalg #7"|19|10|10174.48
10016013|"corpamalgamalg #13"|17|21|10167.84
5003001|"exportischolar #1"|19|46|10162.62
8008003|"namelessnameless #3"|17|28|10153.85
4003002|"exportiedu pack #2"|8|29|10128.96
5001001|"amalgscholar #1"|19|5|10128.69
6016006|"corpbrand #6"|7|14|10124.15
7011008|"amalgnameless #8"|19|0|10119.48
4003001|"exportiedu pack #1"|7|35|10103.93
5004002|"edu packscholar #2"|17|38|10092.85
9007008|"brandmaxi #8"|19|4|10080.52
4004002|"edu packedu pack #2"|19|56|10056.00
6011008|"amalgbrand #8"|18|29|10054.80
8006009|"corpnameless #9"|19|3|10024.96
8001001|"amalgnameless #1"|17|51|10012.00
4002001|"importoedu pack #1"|9|9|10006.76
7012009|"importonameless #9"|17|53|10000.65
8016003|"corpmaxi #3"|7|49|9975.00
10006003|"corpunivamalg #3"|19|3|9974.40
1003001|"exportiamalg #1"|8|58|9948.48
6001007|"amalgcorp #7"|17|1|9944.48
7010008|"univnameless #8"|19|1|9910.40
10006013|"corpunivamalg #13"|17|37|9866.16
2004002|"edu packimporto #2"|9|44|9865.80
1004002|"edu packamalg #2"|18|31|9860.96
6009003|"maxicorp #3"|17|42|9852.48
2002001|"importoimporto #1"|17|26|9835.80
6005001|"scholarcorp #1"|19|56|9826.23
2001002|"amalgimporto #2"|6|47|9823.77
10016007|"corpamalgamalg #7"|17|38|9822.24
9015011|"scholarunivamalg #11"|7|3|9819.00
1003002|"exportiamalg #2"|17|20|9812.88
6005007|"scholarcorp #7"|6|59|9806.00
1003002|"exportiamalg #2"|9|40|9805.88
3003001|"exportiexporti #1"|17|29|9797.59
2001002|"amalgimporto #2"|9|13|9793.32
3004001|"edu packexporti #1"|18|39|9767.03
7011008|"amalgnameless #8"|6|26|9761.84
4001002|"amalgedu pack #2"|19|34|9753.60
6003003|"exporticorp #3"|9|6|9746.10
3004001|"edu packexporti #1"|19|0|9732.80
9015011|"scholarunivamalg #11"|17|24|9695.68
4002001|"importoedu pack #1"|9|11|9688.41
8015005|"scholarmaxi #5"|18|45|9684.18
5003002|"exportischolar #2"|19|44|9684.10
10007015|"brandunivamalg #15"|19|5|9679.15
5003002|"exportischolar #2"|17|29|9671.79
4004001|"edu packedu pack #1"|9|6|9668.38
4002002|"importoedu pack #2"|19|52|9637.54
9001008|"amalgmaxi #8"|19|1|9630.00
9004011|"edu packmaxi #11"|9|48|9627.00
5001002|"amalgscholar #2"|9|1|9604.80
6015005|"scholarbrand #5"|17|34|9601.00
4002001|"importoedu pack #1"|18|11|9600.48
10015013|"scholaramalgamalg #13"|19|27|9595.07
6016005|"corpbrand #5"|8|49|9584.79
8004009|"edu packnameless #9"|19|24|9576.14
4002001|"importoedu pack #1"|18|33|9556.44
2001002|"amalgimporto #2"|18|47|9553.20
6008007|"namelesscorp #7"|18|35|9539.53
7010004|"univnameless #4"|19|38|9531.84
10004015|"edu packunivamalg #15"|17|48|9522.00
9009002|"maximaxi #2"|9|0|9521.58
8002009|"importonameless #9"|17|9|9503.19
4001002|"amalgedu pack #2"|9|0|9469.04
5003002|"exportischolar #2"|18|52|9464.16
2004002|"edu packimporto #2"|8|6|9453.00
9013009|"exportiunivamalg #9"|9|52|9453.00
8010009|"univmaxi #9"|7|13|9451.68
4003001|"exportiedu pack #1"|18|1|9442.17
7010009|"univnameless #9"|19|16|9441.00
8002009|"importonameless #9"|18|32|9433.68
8006003|"corpnameless #3"|9|37|9422.42
8005009|"scholarnameless #9"|18|50|9417.44
2003001|"exportiimporto #1"|6|22|9409.18
7004007|"edu packbrand #7"|17|40|9404.32
6015005|"scholarbrand #5"|18|5|9402.40
9008011|"namelessmaxi #11"|8|9|9391.95
5003002|"exportischolar #2"|8|51|9381.96
9003011|"exportimaxi #11"|17|8|9373.84
2001001|"amalgimporto #1"|18|50|9345.00
1004002|"edu packamalg #2"|18|37|9333.85
1002001|"importoamalg #1"|17|53|9322.27
5001001|"amalgscholar #1"|18|32|9305.40
4002001|"importoedu pack #1"|7|36|9301.17
3002002|"importoexporti #2"|19|43|9291.07
5002002|"importoscholar #2"|18|52|9288.90
1004002|"edu packamalg #2"|17|46|9265.80
9012011|"importounivamalg #11"|19|36|9233.73
3001002|"amalgexporti #2"|18|21|9229.44
4004001|"edu packedu pack #1"|17|21|9226.80
4001001|"amalgedu pack #1"|9|9|9215.80
10006013|"corpunivamalg #13"|17|16|9211.50
2004001|"edu packimporto #1"|9|17|9198.28
1001001|"amalgamalg #1"|18|45|9191.19
7009005|"maxibrand #5"|19|11|9184.56
5001001|"amalgscholar #1"|19|57|9179.17
10014001|"edu packamalgamalg #1"|9|56|9169.86
10016006|"corpamalgamalg #6"|17|15|9159.36
2001002|"amalgimporto #2"|17|6|9148.96
8007007|"brandnameless #7"|19|58|9146.28
4004001|"edu packedu pack #1"|8|48|9145.05
5004001|"edu packscholar #1"|18|2|9141.96
8015007|"scholarmaxi #7"|19|20|9139.76
1001002|"amalgamalg #2"|19|7|9139.38
7015003|"scholarnameless #3"|17|34|9137.59
3001001|"amalgexporti #1"|17|3|9121.40
9011009|"amalgunivamalg #9"|19|2|9110.08
5003001|"exportischolar #1"|18|22|9109.54
3003002|"exportiexporti #2"|9|34|9109.32
1003001|"exportiamalg #1"|19|10|9104.93
10008002|"namelessunivamalg #2"|7|56|9101.08
4004001|"edu packedu pack #1"|19|29|9099.20
10003011|"exportiunivamalg #11"|9|24|9087.54
4002001|"importoedu pack #1"|7|28|9079.59
2003002|"exportiimporto #2"|17|10|9071.28
2001001|"amalgimporto #1"|8|13|9061.10
10001017|"amalgunivamalg #17"|9|13|9056.48
2002001|"importoimporto #1"|9|15|9054.82
9002003|"importomaxi #3"|9|10|9054.22
3002002|"importoexporti #2"|18|37|9051.12
9014011|"edu packunivamalg #11"|6|32|9042.14
8005008|"scholarnameless #8"|19|15|9027.92
6009004|"maxicorp #4"|17|15|9020.82
10012004|"importoamalgamalg #4"|19|12|9013.76
6008007|"namelesscorp #7"|9|46|9006.00
10012010|"importoamalgamalg #10"|19|7|9005.92
5002002|"importoscholar #2"|17|13|9005.16
1002001|"importoamalg #1"|19|7|8995.19
3002001|"importoexporti #1"|17|30|8980.29
6005007|"scholarcorp #7"|18|51|8979.30
4002001|"importoedu pack #1"|7|30|8979.09
1002001|"importoamalg #1"|18|7|8977.70
5004001|"edu packscholar #1"|8|11|8972.76
1003002|"exportiamalg #2"|8|37|8970.30
4003001|"exportiedu pack #1"|8|57|8966.10
5001002|"amalgscholar #2"|9|46|8965.60
9005009|"scholarmaxi #9"|17|20|8962.80
9009003|"maximaxi #3"|19|52|8960.13
10003004|"exportiunivamalg #4"|18|35|8926.44
1003001|"exportiamalg #1"|17|18|8923.88
3002002|"importoexporti #2"|7|41|8923.53
6015007|"scholarbrand #7"|19|3|8921.25
1001001|"amalgamalg #1"|18|12|8905.72
5004001|"edu packscholar #1"|18|22|8902.86
2002001|"importoimporto #1"|18|32|8891.52
9001003|"amalgmaxi #3"|18|48|8891.10
5004001|"edu packscholar #1"|9|41|8889.66
6014001|"edu packbrand #1"|17|41|8885.76
1002001|"importoamalg #1"|18|42|8885.36
1001001|"amalgamalg #1"|8|2|8877.00
8007007|"brandnameless #7"|19|19|8874.00
4003001|"exportiedu pack #1"|18|36|8873.30
7004007|"edu packbrand #7"|6|38|8871.72
7006009|"corpbrand #9"|19|11|8866.00
5004002|"edu packscholar #2"|19|42|8857.15
9015002|"scholarunivamalg #2"|18|15|8856.36
7006009|"corpbrand #9"|8|0|8848.72
4003002|"exportiedu pack #2"|19|57|8847.60
1003001|"exportiamalg #1"|18|43|8841.65
9012011|"importounivamalg #11"|19|34|8797.60
6011008|"amalgbrand #8"|9|59|8792.96
2003002|"exportiimporto #2"|19|39|8780.74
6014006|"edu packbrand #6"|18|19|8777.08
2004001|"edu packimporto #1"|19|56|8775.08
10015001|"scholaramalgamalg #1"|8|10|8766.48
10012004|"importoamalgamalg #4"|7|6|8759.04
10016002|"corpamalgamalg #2"|17|9|8756.00
5002001|"importoscholar #1"|19|19|8744.67
7002003|"importobrand #3"|18|31|8723.52
4003001|"exportiedu pack #1"|9|29|8704.08
2004002|"edu packimporto #2"|9|40|8699.40
9003011|"exportimaxi #11"|18|37|8686.86
1003002|"exportiamalg #2"|17|13|8683.06
4003001|"exportiedu pack #1"|17|27|8678.28
6008007|"namelesscorp #7"|19|38|8677.90
3002002|"importoexporti #2"|9|3|8676.20
1001002|"amalgamalg #2"|9|22|8674.18
2001001|"amalgimporto #1"|8|50|8655.66
2002001|"importoimporto #1"|9|27|8651.89
2001001|"amalgimporto #1"|17|42|8646.06
4004001|"edu packedu pack #1"|17|26|8641.08
10006017|"corpunivamalg #17"|9|14|8618.40
9011008|"amalgunivamalg #8"|19|32|8611.72
9002011|"importomaxi #11"|19|5|8602.25
5004001|"edu packscholar #1"|8|1|8597.68
9007003|"brandmaxi #3"|9|27|8593.20
4002002|"importoedu pack #2"|18|3|8591.04
1001002|"amalgamalg #2"|9|12|8581.56
6014004|"edu packbrand #4"|17|17|8581.30
4002001|"importoedu pack #1"|17|18|8563.16
6007007|"brandcorp #7"|17|57|8558.10
5001001|"amalgscholar #1"|18|0|8553.72
3003001|"exportiexporti #1"|19|54|8549.79
5002001|"importoscholar #1"|8|0|8547.00
8010009|"univmaxi #9"|8|31|8535.80
9011009|"amalgunivamalg #9"|19|49|8527.96
8014004|"edu packmaxi #4"|8|43|8518.16
10015013|"scholaramalgamalg #13"|18|1|8517.18
4004001|"edu packedu pack #1"|17|49|8510.94
7001008|"amalgbrand #8"|19|40|8467.32
3003001|"exportiexporti #1"|17|55|8465.45
8004001|"edu packnameless #1"|17|43|8463.18
2002001|"importoimporto #1"|6|36|8442.00
2001002|"amalgimporto #2"|17|24|8441.75
8002009|"importonameless #9"|19|28|8439.97
9012005|"importounivamalg #5"|9|18|8422.14
9008005|"namelessmaxi #5"|19|43|8418.60
8008005|"namelessnameless #5"|17|55|8416.24
3002001|"importoexporti #1"|18|57|8412.88
3002001|"importoexporti #1"|9|11|8411.58
5004001|"edu packscholar #1"|18|11|8411.48
5001001|"amalgscholar #1"|17|23|8410.96
3004002|"edu packexporti #2"|19|37|8410.93
7009003|"maxibrand #3"|9|39|8407.52
10015005|"scholaramalgamalg #5"|17|21|8401.92
1004001|"edu packamalg #1"|17|1|8397.56
4002001|"importoedu pack #1"|8|24|8374.08
6010004|"univbrand #4"|18|49|8371.72
9003008|"exportimaxi #8"|17|57|8346.40
9011009|"amalgunivamalg #9"|8|52|8341.76
6011008|"amalgbrand #8"|9|26|8335.21
3003001|"exportiexporti #1"|17|30|8334.66
8013009|"exportimaxi #9"|18|10|8320.65
8008004|"namelessnameless #4"|7|41|8320.00
2001001|"amalgimporto #1"|19|23|8319.92
3003001|"exportiexporti #1"|19|10|8313.36
9012003|"importounivamalg #3"|19|15|8311.68
3001002|"amalgexporti #2"|17|23|8302.14
4003001|"exportiedu pack #1"|19|47|8298.00
1003002|"exportiamalg #2"|8|1|8286.88
7004001|"edu packbrand #1"|7|0|8283.64
4003001|"exportiedu pack #1"|8|40|8278.86
2004002|"edu packimporto #2"|9|2|8277.39
2003002|"exportiimporto #2"|19|53|8277.09
4004002|"edu packedu pack #2"|7|37|8276.16
3001002|"amalgexporti #2"|17|6|8268.06
3003002|"exportiexporti #2"|18|23|8254.71
10015012|"scholaramalgamalg #12"|17|33|8217.88
3003001|"exportiexporti #1"|19|5|8217.00
10012002|"importoamalgamalg #2"|18|52|8197.28
3003001|"exportiexporti #1"|9|17|8195.16
4002002|"importoedu pack #2"|8|34|8192.80
2001002|"amalgimporto #2"|8|27|8182.23
1002002|"importoamalg #2"|7|1|8181.81
1002001|"importoamalg #1"|19|22|8178.18
7008009|"namelessbrand #9"|7|57|8173.76
5004002|"edu packscholar #2"|17|35|8168.42
1002002|"importoamalg #2"|8|55|8166.51
5003001|"exportischolar #1"|18|47|8164.95
7012010|"importonameless #10"|17|15|8164.38
10009015|"maxiunivamalg #15"|9|53|8149.68
7001005|"amalgbrand #5"|19|48|8149.67
10003004|"exportiunivamalg #4"|19|44|8139.72
4004001|"edu packedu pack #1"|8|41|8133.96
6014001|"edu packbrand #1"|6|2|8127.90
8009010|"maxinameless #10"|8|46|8127.23
7008009|"namelessbrand #9"|17|48|8123.72
5004001|"edu packscholar #1"|9|22|8123.43
6008003|"namelesscorp #3"|8|35|8117.00
10003004|"exportiunivamalg #4"|19|26|8104.34
6003003|"exporticorp #3"|18|57|8100.16
6008003|"namelesscorp #3"|18|43|8092.05
7016001|"corpnameless #1"|17|56|8088.33
3001002|"amalgexporti #2"|17|55|8076.18
9016005|"corpunivamalg #5"|18|48|8063.58
4004001|"edu packedu pack #1"|18|16|8048.09
10015003|"scholaramalgamalg #3"|8|18|8039.36
9003008|"exportimaxi #8"|9|19|8038.00
8010009|"univmaxi #9"|8|30|8037.95
6007007|"brandcorp #7"|19|45|8013.87
6009007|"maxicorp #7"|8|12|8013.28
10016001|"corpamalgamalg #1"|19|14|8013.00
4004001|"edu packedu pack #1"|8|1|8005.80
6006007|"corpcorp #7"|19|30|7999.54
8001004|"amalgnameless #4"|17|35|7995.35
1002002|"importoamalg #2"|17|20|7994.88
4002002|"importoedu pack #2"|18|29|7989.24
4003001|"exportiedu pack #1"|18|35|7985.23
4004002|"edu packedu pack #2"|17|6|7980.80
8010009|"univmaxi #9"|19|7|7980.70
7001009|"amalgbrand #9"|17|23|7963.21
3001001|"amalgexporti #1"|19|56|7960.05
9006008|"corpmaxi #8"|19|3|7957.84
8005003|"scholarnameless #3"|9|54|7953.40
5001002|"amalgscholar #2"|19|10|7950.90
4004001|"edu packedu pack #1"|19|36|7949.07
2002001|"importoimporto #1"|17|36|7947.18
8004001|"edu packnameless #1"|18|15|7946.75
2003002|"exportiimporto #2"|9|21|7942.36
6015006|"scholarbrand #6"|18|56|7939.44
5003001|"exportischolar #1"|17|39|7937.30
8009009|"maxinameless #9"|18|33|7933.05
5001001|"amalgscholar #1"|7|54|7928.00
5003002|"exportischolar #2"|17|28|7924.32
7010010|"univnameless #10"|6|59|7924.15
5004002|"edu packscholar #2"|19|16|7923.52
5003002|"exportischolar #2"|9|48|7923.44
3001001|"amalgexporti #1"|17|30|7920.50
7014009|"edu packnameless #9"|18|46|7917.00
10016003|"corpamalgamalg #3"|19|59|7911.75
9008005|"namelessmaxi #5"|17|1|7892.79
9011008|"amalgunivamalg #8"|19|14|7886.20
5003001|"exportischolar #1"|18|43|7884.34
6012002|"importobrand #2"|18|43|7880.95
10003011|"exportiunivamalg #11"|8|36|7876.44
7010001|"univnameless #1"|17|56|7862.40
5002001|"importoscholar #1"|17|41|7854.40
1003001|"exportiamalg #1"|18|53|7854.36
4002002|"importoedu pack #2"|7|24|7849.14
8005009|"scholarnameless #9"|7|42|7845.16
4004001|"edu packedu pack #1"|17|10|7805.85
4001001|"amalgedu pack #1"|17|34|7800.15
9013009|"exportiunivamalg #9"|6|16|7796.40
10010006|"univamalgamalg #6"|7|15|7783.35
6005001|"scholarcorp #1"|17|2|7779.75
7009005|"maxibrand #5"|6|26|7776.63
3003002|"exportiexporti #2"|9|33|7775.93
6014001|"edu packbrand #1"|8|8|7773.42
10004004|"edu packunivamalg #4"|7|6|7772.01
3001001|"amalgexporti #1"|9|4|7770.46
9015003|"scholarunivamalg #3"|17|18|7768.40
1004001|"edu packamalg #1"|9|14|7758.99
5004001|"edu packscholar #1"|18|58|7740.86
4001001|"amalgedu pack #1"|18|41|7734.48
8004001|"edu packnameless #1"|8|0|7732.36
5004002|"edu packscholar #2"|8|18|7724.16
8010009|"univmaxi #9"|18|39|7713.00
4004001|"edu packedu pack #1"|19|15|7709.76
3003001|"exportiexporti #1"|19|6|7706.79
3001001|"amalgexporti #1"|18|28|7705.73
6013007|"exportibrand #7"|19|51|7699.50
8012005|"importomaxi #5"|19|2|7697.64
8005003|"scholarnameless #3"|17|29|7696.75
7009001|"maxibrand #1"|18|40|7693.96
1001001|"amalgamalg #1"|19|49|7675.38
10006009|"corpunivamalg #9"|19|37|7670.96
6003003|"exporticorp #3"|17|54|7663.79
2002001|"importoimporto #1"|9|23|7663.32
1001002|"amalgamalg #2"|18|16|7662.58
3003001|"exportiexporti #1"|7|20|7653.06
7008005|"namelessbrand #5"|9|35|7647.20
2001002|"amalgimporto #2"|18|3|7634.68
1004001|"edu packamalg #1"|6|19|7633.08
9007003|"brandmaxi #3"|17|9|7628.24
4001002|"amalgedu pack #2"|9|48|7627.90
9003005|"exportimaxi #5"|6|30|7625.00
6011001|"amalgbrand #1"|18|55|7607.94
7004009|"edu packbrand #9"|18|56|7604.00
9008011|"namelessmaxi #11"|9|17|7599.70
1004002|"edu packamalg #2"|17|24|7578.60
9007011|"brandmaxi #11"|19|31|7577.64
6003007|"exporticorp #7"|18|17|7577.34
7003001|"exportibrand #1"|19|41|7574.42
9011008|"amalgunivamalg #8"|18|2|7571.25
4003002|"exportiedu pack #2"|19|15|7570.98
6003007|"exporticorp #7"|8|57|7553.04
5003001|"exportischolar #1"|18|5|7549.74
3001002|"amalgexporti #2"|18|5|7546.80
7001005|"amalgbrand #5"|19|6|7544.00
6012003|"importobrand #3"|9|34|7542.03
2002001|"importoimporto #1"|18|11|7538.89
9002011|"importomaxi #11"|9|6|7536.72
9002011|"importomaxi #11"|9|56|7533.00
10004015|"edu packunivamalg #15"|18|30|7531.73
9002003|"importomaxi #3"|18|9|7528.32
9014003|"edu packunivamalg #3"|19|15|7524.77
2001002|"amalgimporto #2"|17|37|7523.16
8016004|"corpmaxi #4"|8|34|7520.24
3001002|"amalgexporti #2"|8|50|7505.40
4002002|"importoedu pack #2"|19|41|7503.48
2003002|"exportiimporto #2"|17|7|7499.25
4004001|"edu packedu pack #1"|9|5|7495.00
3002001|"importoexporti #1"|17|16|7479.82
2004001|"edu packimporto #1"|9|53|7477.70
8003009|"exportinameless #9"|18|23|7475.93
3001001|"amalgexporti #1"|19|25|7467.57
1004001|"edu packamalg #1"|17|43|7461.72
3004002|"edu packexporti #2"|17|33|7452.87
8005006|"scholarnameless #6"|18|47|7448.42
9006011|"corpmaxi #11"|7|39|7442.00
8016007|"corpmaxi #7"|9|6|7432.23
4002001|"importoedu pack #1"|6|46|7429.32
7008006|"namelessbrand #6"|6|10|7427.52
8005009|"scholarnameless #9"|9|42|7423.90
5004001|"edu packscholar #1"|19|46|7419.06
7009003|"maxibrand #3"|17|43|7402.32
10009001|"maxiunivamalg #1"|17|17|7395.00
2001002|"amalgimporto #2"|19|34|7394.01
7004008|"edu packbrand #8"|17|11|7393.61
5004001|"edu packscholar #1"|19|3|7388.34
3004001|"edu packexporti #1"|9|41|7388.16
7003001|"exportibrand #1"|17|18|7387.42
9005009|"scholarmaxi #9"|18|23|7379.00
5002001|"importoscholar #1"|7|57|7376.73
7002003|"importobrand #3"|17|5|7367.42
3001001|"amalgexporti #1"|19|16|7364.02
5001002|"amalgscholar #2"|8|44|7362.81
6004003|"edu packcorp #3"|8|52|7362.00
9016005|"corpunivamalg #5"|9|24|7362.00
3004001|"edu packexporti #1"|9|10|7359.23
3002001|"importoexporti #1"|18|30|7348.32
7008009|"namelessbrand #9"|17|6|7348.32
9014008|"edu packunivamalg #8"|19|22|7332.05
7014002|"edu packnameless #2"|18|29|7326.54
1001002|"amalgamalg #2"|18|27|7324.79
8004004|"edu packnameless #4"|17|0|7322.40
8005008|"scholarnameless #8"|17|45|7320.95
10016013|"corpamalgamalg #13"|6|27|7305.90
7010001|"univnameless #1"|9|51|7296.53
4004002|"edu packedu pack #2"|9|30|7283.76
1004002|"edu packamalg #2"|9|47|7265.16
7009001|"maxibrand #1"|19|35|7264.65
4002001|"importoedu pack #1"|18|19|7259.34
6010006|"univbrand #6"|18|46|7255.00
2003001|"exportiimporto #1"|19|22|7248.12
9016002|"corpunivamalg #2"|18|35|7231.42
9012003|"importounivamalg #3"|17|14|7228.60
6011001|"amalgbrand #1"|19|27|7225.00
3004001|"edu packexporti #1"|17|11|7223.57
9013009|"exportiunivamalg #9"|17|7|7222.45
5004001|"edu packscholar #1"|19|58|7213.72
4003001|"exportiedu pack #1"|19|57|7209.00
2001001|"amalgimporto #1"|19|19|7206.54
9011008|"amalgunivamalg #8"|18|49|7205.76
2003001|"exportiimporto #1"|9|57|7204.37
2001001|"amalgimporto #1"|18|58|7204.08
2003001|"exportiimporto #1"|6|0|7201.20
2002001|"importoimporto #1"|18|40|7197.45
9011009|"amalgunivamalg #9"|7|9|7195.48
9007008|"brandmaxi #8"|8|48|7190.84
1002002|"importoamalg #2"|17|32|7189.10
3004002|"edu packexporti #2"|9|48|7183.32
1002001|"importoamalg #1"|8|2|7183.08
4004002|"edu packedu pack #2"|17|35|7183.02
1004001|"edu packamalg #1"|19|58|7181.13
6009007|"maxicorp #7"|18|19|7179.92
7001005|"amalgbrand #5"|19|47|7177.74
6006004|"corpcorp #4"|17|35|7171.72
2001001|"amalgimporto #1"|19|53|7145.60
9008005|"namelessmaxi #5"|19|48|7141.68
3001001|"amalgexporti #1"|17|52|7139.86
8005001|"scholarnameless #1"|17|36|7139.00
6005007|"scholarcorp #7"|9|16|7134.05
8010006|"univmaxi #6"|8|24|7128.80
5003001|"exportischolar #1"|7|17|7128.40
7009009|"maxibrand #9"|9|34|7125.30
9003011|"exportimaxi #11"|8|8|7098.69
6016003|"corpbrand #3"|8|49|7097.80
3004001|"edu packexporti #1"|9|44|7091.00
6003008|"exporticorp #8"|6|41|7089.84
3003001|"exportiexporti #1"|17|15|7088.76
8001001|"amalgnameless #1"|17|52|7088.76
2004002|"edu packimporto #2"|9|24|7080.84
7006005|"corpbrand #5"|18|19|7079.76
5004001|"edu packscholar #1"|19|2|7077.55
2003002|"exportiimporto #2"|6|38|7073.64
5003002|"exportischolar #2"|9|34|7068.76
7016001|"corpnameless #1"|17|3|7058.50
8012005|"importomaxi #5"|17|11|7053.25
7005006|"scholarbrand #6"|17|16|7053.12
8008007|"namelessnameless #7"|17|9|7052.76
2002001|"importoimporto #1"|19|14|7052.43
7010003|"univnameless #3"|18|31|7046.64
7008007|"namelessbrand #7"|9|26|7045.20
6008005|"namelesscorp #5"|8|54|7044.25
2003001|"exportiimporto #1"|17|51|7041.67
6011001|"amalgbrand #1"|9|37|7041.30
7009010|"maxibrand #10"|6|2|7036.65
10006002|"corpunivamalg #2"|17|38|7026.40
5003002|"exportischolar #2"|19|53|7021.52
6015006|"scholarbrand #6"|17|22|7017.12
8004009|"edu packnameless #9"|18|49|7015.50
4002001|"importoedu pack #1"|18|24|7003.62
5002002|"importoscholar #2"|8|8|7002.02
1004001|"edu packamalg #1"|18|2|7000.02
2004002|"edu packimporto #2"|18|32|6997.70
6012002|"importobrand #2"|6|34|6997.06
8004003|"edu packnameless #3"|7|43|6996.52
8009009|"maxinameless #9"|19|24|6985.30
4002001|"importoedu pack #1"|8|59|6982.56
1004002|"edu packamalg #2"|8|48|6981.73
10016003|"corpamalgamalg #3"|17|1|6978.05
5002002|"importoscholar #2"|17|15|6968.58
2004001|"edu packimporto #1"|18|42|6965.89
9014005|"edu packunivamalg #5"|17|47|6958.88
5004001|"edu packscholar #1"|19|29|6956.46
3003002|"exportiexporti #2"|18|0|6956.04
6008002|"namelesscorp #2"|19|36|6953.52
7012009|"importonameless #9"|19|20|6939.75
4002001|"importoedu pack #1"|17|32|6934.52
3001002|"amalgexporti #2"|19|45|6932.24
2003002|"exportiimporto #2"|6|15|6932.16
10014001|"edu packamalgamalg #1"|19|4|6931.87
1003002|"exportiamalg #2"|17|38|6930.79
8014005|"edu packmaxi #5"|9|56|6928.30
9015005|"scholarunivamalg #5"|9|20|6926.88
6015008|"scholarbrand #8"|18|51|6924.96
6001008|"amalgcorp #8"|17|40|6924.55
3003001|"exportiexporti #1"|19|17|6924.48
2003002|"exportiimporto #2"|8|32|6924.40
4001001|"amalgedu pack #1"|8|57|6924.00
2001002|"amalgimporto #2"|17|23|6921.20
2004001|"edu packimporto #1"|9|39|6918.34
9015011|"scholarunivamalg #11"|9|28|6910.15
7008009|"namelessbrand #9"|18|8|6908.40
9008002|"namelessmaxi #2"|17|1|6908.18
3004002|"edu packexporti #2"|19|46|6908.06
10008002|"namelessunivamalg #2"|17|7|6903.20
9015011|"scholarunivamalg #11"|19|32|6900.74
3001002|"amalgexporti #2"|17|30|6898.14
6012002|"importobrand #2"|17|41|6896.55
10014016|"edu packamalgamalg #16"|18|49|6891.03
10014016|"edu packamalgamalg #16"|9|6|6881.38
3001001|"amalgexporti #1"|9|17|6876.00
8010001|"univmaxi #1"|17|23|6875.49
8012010|"importomaxi #10"|19|30|6872.80
1003001|"exportiamalg #1"|9|17|6867.18
4003001|"exportiedu pack #1"|18|42|6856.09
6015005|"scholarbrand #5"|8|56|6852.30
1002001|"importoamalg #1"|19|40|6830.66
1001001|"amalgamalg #1"|17|54|6826.05
8005009|"scholarnameless #9"|7|52|6821.64
4001001|"amalgedu pack #1"|7|35|6819.80
5001002|"amalgscholar #2"|17|1|6808.76
2002001|"importoimporto #1"|18|35|6802.62
6001001|"amalgcorp #1"|17|16|6802.29
9013009|"exportiunivamalg #9"|19|15|6798.00
3004001|"edu packexporti #1"|18|49|6792.29
9015003|"scholarunivamalg #3"|6|22|6791.03
5004002|"edu packscholar #2"|9|0|6788.68
5002001|"importoscholar #1"|17|4|6787.98
10011004|"amalgamalgamalg #4"|18|8|6778.31
10012010|"importoamalgamalg #10"|9|36|6777.84
5004001|"edu packscholar #1"|19|43|6767.80
8003003|"exportinameless #3"|7|55|6752.55
7012010|"importonameless #10"|8|40|6749.82
2001002|"amalgimporto #2"|17|41|6738.08
3004001|"edu packexporti #1"|9|25|6733.30
1001001|"amalgamalg #1"|8|40|6732.50
4004001|"edu packedu pack #1"|8|53|6731.32
5003001|"exportischolar #1"|19|47|6730.64
4001002|"amalgedu pack #2"|18|15|6729.74
8012005|"importomaxi #5"|9|24|6727.32
8001001|"amalgnameless #1"|17|43|6726.50
4003001|"exportiedu pack #1"|9|25|6725.16
4004001|"edu packedu pack #1"|17|32|6723.36
6014001|"edu packbrand #1"|8|17|6722.57
7003009|"exportibrand #9"|18|54|6722.52
1001002|"amalgamalg #2"|17|44|6693.12
9007003|"brandmaxi #3"|8|14|6687.12
2002001|"importoimporto #1"|9|0|6683.61
9013002|"exportiunivamalg #2"|6|47|6679.92
10002011|"importounivamalg #11"|9|10|6677.00
9016008|"corpunivamalg #8"|18|29|6672.04
9003005|"exportimaxi #5"|9|1|6671.82
10009006|"maxiunivamalg #6"|19|32|6667.78
3003001|"exportiexporti #1"|18|57|6666.14
8008003|"namelessnameless #3"|18|23|6651.44
9015011|"scholarunivamalg #11"|8|36|6650.16
9013002|"exportiunivamalg #2"|9|49|6647.92
4002002|"importoedu pack #2"|19|12|6639.36
7007010|"brandbrand #10"|17|4|6639.36
5001001|"amalgscholar #1"|18|50|6633.35
1003001|"exportiamalg #1"|19|38|6626.34
5002002|"importoscholar #2"|18|47|6625.92
10012011|"importoamalgamalg #11"|7|36|6624.80
2002002|"importoimporto #2"|19|20|6618.65
3002001|"importoexporti #1"|9|16|6618.22
9007011|"brandmaxi #11"|19|36|6615.04
10004017|"edu packunivamalg #17"|9|18|6612.00
1004001|"edu packamalg #1"|18|44|6611.04
2003001|"exportiimporto #1"|17|37|6608.46
2002001|"importoimporto #1"|9|8|6606.20
4002001|"importoedu pack #1"|17|41|6605.45
8015005|"scholarmaxi #5"|7|24|6592.66
2004001|"edu packimporto #1"|19|11|6589.40
8008003|"namelessnameless #3"|19|45|6588.96
7009010|"maxibrand #10"|8|20|6573.12
6004004|"edu packcorp #4"|17|54|6572.88
5002001|"importoscholar #1"|9|47|6568.08
10012006|"importoamalgamalg #6"|18|49|6566.67
10016017|"corpamalgamalg #17"|19|13|6565.72
1003002|"exportiamalg #2"|6|3|6562.92
8005010|"scholarnameless #10"|18|23|6557.60
4003001|"exportiedu pack #1"|17|35|6557.50
9015009|"scholarunivamalg #9"|7|27|6551.16
5002001|"importoscholar #1"|9|58|6550.62
2003002|"exportiimporto #2"|7|42|6547.50
10009008|"maxiunivamalg #8"|8|58|6539.94
3004001|"edu packexporti #1"|8|19|6538.30
6015005|"scholarbrand #5"|9|53|6537.72
10009013|"maxiunivamalg #13"|17|48|6535.48
3003002|"exportiexporti #2"|19|58|6525.08
3004001|"edu packexporti #1"|19|51|6524.22
7008009|"namelessbrand #9"|7|3|6512.68
4001001|"amalgedu pack #1"|17|24|6507.60
1002002|"importoamalg #2"|19|12|6493.32
10009017|"maxiunivamalg #17"|19|4|6491.76
2002002|"importoimporto #2"|7|38|6491.52
3001002|"amalgexporti #2"|19|32|6489.75
9004011|"edu packmaxi #11"|19|6|6487.68
9014008|"edu packunivamalg #8"|19|33|6486.48
4001002|"amalgedu pack #2"|17|45|6481.94
1004002|"edu packamalg #2"|18|42|6478.00
2001001|"amalgimporto #1"|17|51|6474.36
3003001|"exportiexporti #1"|19|21|6470.88
3001001|"amalgexporti #1"|17|39|6467.52
6001008|"amalgcorp #8"|17|15|6463.80
1002002|"importoamalg #2"|17|43|6456.84
1001001|"amalgamalg #1"|18|9|6456.20
9012003|"importounivamalg #3"|19|26|6456.09
5001001|"amalgscholar #1"|9|35|6450.75
9002008|"importomaxi #8"|17|8|6446.44
2001002|"amalgimporto #2"|19|16|6439.14
8005009|"scholarnameless #9"|9|13|6434.73
1003001|"exportiamalg #1"|7|13|6426.70
9014008|"edu packunivamalg #8"|19|41|6420.96
2004002|"edu packimporto #2"|9|48|6420.39
2004002|"edu packimporto #2"|9|26|6413.68
2003002|"exportiimporto #2"|17|55|6410.25
3003002|"exportiexporti #2"|7|44|6407.80
3004001|"edu packexporti #1"|18|56|6406.65
3001001|"amalgexporti #1"|7|5|6403.90
9009003|"maximaxi #3"|17|24|6403.00
3002001|"importoexporti #1"|8|47|6396.99
8003003|"exportinameless #3"|18|33|6382.04
4004001|"edu packedu pack #1"|18|8|6377.76
1003001|"exportiamalg #1"|19|19|6377.32
1004001|"edu packamalg #1"|19|12|6370.08
8015005|"scholarmaxi #5"|8|30|6368.94
5001002|"amalgscholar #2"|17|16|6365.52
4003002|"exportiedu pack #2"|9|54|6364.24
10015017|"scholaramalgamalg #17"|6|46|6362.91
6005008|"scholarcorp #8"|17|53|6355.80
5003001|"exportischolar #1"|19|38|6351.40
2002001|"importoimporto #1"|8|44|6349.54
10012002|"importoamalgamalg #2"|18|40|6342.84
9011008|"amalgunivamalg #8"|19|50|6339.06
10015003|"scholaramalgamalg #3"|9|53|6334.68
10003015|"exportiunivamalg #15"|7|3|6332.73
4001001|"amalgedu pack #1"|19|35|6331.75
8011009|"amalgmaxi #9"|18|29|6329.60
3004002|"edu packexporti #2"|18|22|6327.14
7004006|"edu packbrand #6"|18|50|6324.48
8016006|"corpmaxi #6"|9|23|6324.44
4002001|"importoedu pack #1"|18|56|6322.50
1003001|"exportiamalg #1"|18|54|6314.00
1001002|"amalgamalg #2"|9|19|6312.20
9010009|"univunivamalg #9"|19|0|6311.80
5002002|"importoscholar #2"|19|25|6308.50
7009005|"maxibrand #5"|9|30|6299.25
3003001|"exportiexporti #1"|7|14|6295.51
3004001|"edu packexporti #1"|8|17|6291.90
2002001|"importoimporto #1"|8|24|6290.70
8016003|"corpmaxi #3"|19|1|6289.36
8008009|"namelessnameless #9"|19|6|6289.08
8014005|"edu packmaxi #5"|18|23|6287.19
9015011|"scholarunivamalg #11"|17|42|6286.56
10003007|"exportiunivamalg #7"|8|3|6281.65
4002001|"importoedu pack #1"|9|50|6274.62
5001001|"amalgscholar #1"|6|49|6272.25
4004001|"edu packedu pack #1"|18|28|6269.25
1003002|"exportiamalg #2"|7|55|6262.40
6015004|"scholarbrand #4"|17|20|6259.26
7001008|"amalgbrand #8"|19|5|6255.34
3002001|"importoexporti #1"|7|49|6242.73
7010001|"univnameless #1"|9|32|6241.86
10014016|"edu packamalgamalg #16"|7|59|6235.90
7002008|"importobrand #8"|19|5|6230.36
7015003|"scholarnameless #3"|19|9|6229.20
5003002|"exportischolar #2"|19|6|6225.75
6008007|"namelesscorp #7"|19|54|6222.12
8010005|"univmaxi #5"|8|14|6216.42
9011008|"amalgunivamalg #8"|9|9|6216.42
10016002|"corpamalgamalg #2"|9|17|6212.64
7013001|"exportinameless #1"|17|41|6210.26
6005007|"scholarcorp #7"|19|35|6208.00
7009010|"maxibrand #10"|17|35|6205.28
8015003|"scholarmaxi #3"|9|38|6201.94
3004001|"edu packexporti #1"|17|54|6197.30
5003001|"exportischolar #1"|19|28|6197.01
2002001|"importoimporto #1"|19|0|6196.59
8004001|"edu packnameless #1"|9|56|6191.64
2001001|"amalgimporto #1"|8|53|6172.05
1003001|"exportiamalg #1"|17|57|6168.57
4004001|"edu packedu pack #1"|9|33|6166.25
3001001|"amalgexporti #1"|7|37|6164.54
7004001|"edu packbrand #1"|8|24|6158.53
10016007|"corpamalgamalg #7"|18|36|6154.50
5002001|"importoscholar #1"|17|50|6153.42
10012006|"importoamalgamalg #6"|9|48|6150.48
2003001|"exportiimporto #1"|9|56|6149.25
4004001|"edu packedu pack #1"|18|5|6147.90
4002002|"importoedu pack #2"|8|15|6147.28
1003002|"exportiamalg #2"|19|16|6146.40
8003009|"exportinameless #9"|17|53|6145.72
6009004|"maxicorp #4"|19|58|6140.08
5001002|"amalgscholar #2"|8|21|6138.72
8008002|"namelessnameless #2"|8|35|6134.40
4003001|"exportiedu pack #1"|17|13|6133.41
7003005|"exportibrand #5"|17|28|6130.50
7004009|"edu packbrand #9"|17|4|6129.90
10003007|"exportiunivamalg #7"|18|55|6129.00
1001002|"amalgamalg #2"|17|47|6127.78
2004002|"edu packimporto #2"|18|5|6127.50
NULL|NULL|9|42|6126.08
1004001|"edu packamalg #1"|9|50|6125.10
10015017|"scholaramalgamalg #17"|19|54|6124.80
3002002|"importoexporti #2"|6|7|6121.67
1002002|"importoamalg #2"|17|47|6117.21
6015004|"scholarbrand #4"|7|8|6103.50
5003002|"exportischolar #2"|19|56|6097.56
5001001|"amalgscholar #1"|19|20|6092.28
9005009|"scholarmaxi #9"|19|37|6092.12
2001002|"amalgimporto #2"|7|35|6092.00
4002001|"importoedu pack #1"|18|8|6091.50
9007005|"brandmaxi #5"|17|13|6089.02
4003001|"exportiedu pack #1"|19|54|6088.10
6006007|"corpcorp #7"|17|34|6086.26
1004002|"edu packamalg #2"|8|12|6077.89
2001001|"amalgimporto #1"|7|20|6075.38
5003002|"exportischolar #2"|18|8|6075.00
8010005|"univmaxi #5"|19|7|6070.50
8007010|"brandnameless #10"|8|8|6068.95
7010001|"univnameless #1"|19|52|6059.69
5001002|"amalgscholar #2"|19|59|6059.47
7005010|"scholarbrand #10"|17|58|6058.38
2004001|"edu packimporto #1"|17|13|6056.48
10007014|"brandunivamalg #14"|7|5|6049.51
4004002|"edu packedu pack #2"|9|22|6040.44
1001002|"amalgamalg #2"|8|58|6040.00
2001002|"amalgimporto #2"|9|25|6037.32
5003002|"exportischolar #2"|18|3|6034.61
7012009|"importonameless #9"|9|27|6031.48
9007009|"brandmaxi #9"|19|59|6025.80
10016016|"corpamalgamalg #16"|17|52|6023.96
6011008|"amalgbrand #8"|19|44|6021.48
6001007|"amalgcorp #7"|19|34|6016.50
7009005|"maxibrand #5"|9|21|6016.05
7015002|"scholarnameless #2"|6|57|6000.54
7010009|"univnameless #9"|19|17|6000.21
5002001|"importoscholar #1"|19|32|5998.30
3002001|"importoexporti #1"|19|19|5991.78
9008008|"namelessmaxi #8"|19|39|5991.74
7010003|"univnameless #3"|18|35|5979.24
2004002|"edu packimporto #2"|7|55|5975.36
10012017|"importoamalgamalg #17"|17|20|5973.60
1004001|"edu packamalg #1"|18|19|5971.79
5001002|"amalgscholar #2"|6|30|5960.22
1002001|"importoamalg #1"|17|37|5959.32
3002001|"importoexporti #1"|19|33|5956.65
6006003|"corpcorp #3"|9|56|5954.76
7012009|"importonameless #9"|17|45|5939.96
9001011|"amalgmaxi #11"|8|59|5939.39
1004002|"edu packamalg #2"|9|37|5935.58
9011008|"amalgunivamalg #8"|9|52|5934.43
9008008|"namelessmaxi #8"|17|51|5929.30
4004001|"edu packedu pack #1"|19|0|5927.40
4004001|"edu packedu pack #1"|19|38|5919.59
10005001|"scholarunivamalg #1"|18|25|5913.60
7016007|"corpnameless #7"|7|10|5912.61
10010013|"univamalgamalg #13"|19|31|5909.62
10013002|"exportiamalgamalg #2"|8|23|5905.90
1002001|"importoamalg #1"|19|13|5905.60
5004001|"edu packscholar #1"|18|56|5900.80
5001002|"amalgscholar #2"|6|20|5899.30
9016009|"corpunivamalg #9"|17|40|5897.79
8014005|"edu packmaxi #5"|19|53|5896.80
1001002|"amalgamalg #2"|17|6|5896.32
8004005|"edu packnameless #5"|18|8|5894.84
3001001|"amalgexporti #1"|6|53|5889.44
8005010|"scholarnameless #10"|18|28|5887.84
1003002|"exportiamalg #2"|17|44|5887.00
10014016|"edu packamalgamalg #16"|18|41|5880.60
8008003|"namelessnameless #3"|17|17|5878.30
10009013|"maxiunivamalg #13"|17|18|5873.28
10016017|"corpamalgamalg #17"|18|7|5868.12
4003002|"exportiedu pack #2"|18|52|5868.00
5004002|"edu packscholar #2"|8|6|5866.67
10012010|"importoamalgamalg #10"|8|29|5865.99
6005008|"scholarcorp #8"|19|46|5861.36
4001001|"amalgedu pack #1"|17|32|5860.99
5002002|"importoscholar #2"|17|17|5857.83
8005009|"scholarnameless #9"|19|34|5852.98
10006017|"corpunivamalg #17"|18|10|5852.19
7010010|"univnameless #10"|18|53|5850.75
7001009|"amalgbrand #9"|19|40|5849.36
4002002|"importoedu pack #2"|19|6|5848.76
3002001|"importoexporti #1"|18|35|5847.68
9013002|"exportiunivamalg #2"|17|15|5840.10
4004001|"edu packedu pack #1"|18|51|5839.17
2001001|"amalgimporto #1"|17|15|5838.03
6010004|"univbrand #4"|19|25|5835.50
3004001|"edu packexporti #1"|9|36|5833.35
6002003|"importocorp #3"|19|12|5833.15
1003002|"exportiamalg #2"|7|19|5829.57
10011017|"amalgamalgamalg #17"|19|0|5827.20
1003002|"exportiamalg #2"|7|11|5826.73
6005008|"scholarcorp #8"|19|38|5821.41
9013002|"exportiunivamalg #2"|9|4|5816.55
8012004|"importomaxi #4"|9|52|5816.40
2002002|"importoimporto #2"|19|16|5808.60
10003011|"exportiunivamalg #11"|7|6|5807.35
1004002|"edu packamalg #2"|9|27|5800.20
9004008|"edu packmaxi #8"|7|55|5797.60
5001002|"amalgscholar #2"|17|37|5792.28
9004008|"edu packmaxi #8"|8|17|5789.52
5004001|"edu packscholar #1"|8|55|5788.96
4001002|"amalgedu pack #2"|8|25|5787.82
1004001|"edu packamalg #1"|9|35|5787.21
5001001|"amalgscholar #1"|17|51|5783.46
1004002|"edu packamalg #2"|19|34|5782.24
8002009|"importonameless #9"|6|16|5778.95
9011008|"amalgunivamalg #8"|19|5|5774.87
4002001|"importoedu pack #1"|8|22|5768.98
9015002|"scholarunivamalg #2"|6|35|5762.42
1004002|"edu packamalg #2"|19|37|5761.89
1001002|"amalgamalg #2"|19|14|5759.20
10007012|"brandunivamalg #12"|8|16|5758.50
4001001|"amalgedu pack #1"|17|55|5755.64
6001008|"amalgcorp #8"|18|48|5755.63
2004002|"edu packimporto #2"|19|54|5754.28
3001001|"amalgexporti #1"|7|57|5754.15
1002001|"importoamalg #1"|19|41|5749.43
10001017|"amalgunivamalg #17"|18|9|5746.09
8005009|"scholarnameless #9"|9|17|5745.54
6012001|"importobrand #1"|18|59|5742.75
10016007|"corpamalgamalg #7"|18|11|5740.46
8005001|"scholarnameless #1"|17|47|5739.33
8007007|"brandnameless #7"|18|6|5736.50
8003009|"exportinameless #9"|19|8|5733.03
9006009|"corpmaxi #9"|19|41|5721.24
3004001|"edu packexporti #1"|19|3|5718.80
6005001|"scholarcorp #1"|18|42|5718.24
9013002|"exportiunivamalg #2"|19|4|5717.28
4002002|"importoedu pack #2"|7|26|5714.10
5001001|"amalgscholar #1"|9|7|5713.50
10007005|"brandunivamalg #5"|8|22|5713.29
10003011|"exportiunivamalg #11"|9|15|5712.85
10010001|"univamalgamalg #1"|19|8|5710.40
4002001|"importoedu pack #1"|9|39|5707.58
6014006|"edu packbrand #6"|18|27|5706.36
2002001|"importoimporto #1"|9|51|5703.12
3003001|"exportiexporti #1"|17|45|5702.23
2002002|"importoimporto #2"|18|21|5699.72
6014002|"edu packbrand #2"|17|26|5699.43
8009005|"maxinameless #5"|9|38|5698.67
3001001|"amalgexporti #1"|9|27|5695.25
9015009|"scholarunivamalg #9"|18|42|5684.45
1001001|"amalgamalg #1"|19|55|5680.08
9001008|"amalgmaxi #8"|17|22|5675.60
7002009|"importobrand #9"|8|43|5673.58
8005006|"scholarnameless #6"|17|6|5660.46
7016005|"corpnameless #5"|19|26|5660.05
3001002|"amalgexporti #2"|17|34|5657.60
3001002|"amalgexporti #2"|19|46|5656.26
10012010|"importoamalgamalg #10"|7|10|5654.44
3003001|"exportiexporti #1"|17|23|5654.07
4002001|"importoedu pack #1"|18|31|5646.82
2004002|"edu packimporto #2"|18|44|5643.14
5004001|"edu packscholar #1"|19|42|5642.28
7007010|"brandbrand #10"|19|28|5640.82
4004001|"edu packedu pack #1"|19|6|5640.10
1002001|"importoamalg #1"|18|19|5639.60
7010008|"univnameless #8"|8|50|5636.00
6007003|"brandcorp #3"|8|12|5635.86
7016001|"corpnameless #1"|18|44|5633.12
3002001|"importoexporti #1"|17|24|5633.04
8016009|"corpmaxi #9"|19|15|5628.98
10006013|"corpunivamalg #13"|18|46|5628.70
9015011|"scholarunivamalg #11"|18|26|5626.98
6009003|"maxicorp #3"|8|59|5624.38
5003001|"exportischolar #1"|7|25|5623.50
10006002|"corpunivamalg #2"|9|33|5613.93
9015002|"scholarunivamalg #2"|19|30|5613.44
9011009|"amalgunivamalg #9"|17|13|5610.50
3004002|"edu packexporti #2"|9|21|5606.98
10002012|"importounivamalg #12"|17|18|5603.40
8012006|"importomaxi #6"|19|17|5584.51
9003005|"exportimaxi #5"|8|50|5580.30
10006017|"corpunivamalg #17"|9|15|5578.65
6006002|"corpcorp #2"|9|55|5567.20
5003001|"exportischolar #1"|17|50|5567.00
6009003|"maxicorp #3"|19|42|5563.80
5001002|"amalgscholar #2"|17|0|5561.36
2002001|"importoimporto #1"|19|24|5561.08
6015005|"scholarbrand #5"|17|12|5559.96
6006007|"corpcorp #7"|19|53|5554.12
10009013|"maxiunivamalg #13"|8|4|5541.56
1004001|"edu packamalg #1"|18|27|5539.92
9004008|"edu packmaxi #8"|18|48|5536.58
10016003|"corpamalgamalg #3"|19|34|5534.07
9007003|"brandmaxi #3"|17|32|5531.50
8005005|"scholarnameless #5"|9|55|5523.43
10012002|"importoamalgamalg #2"|17|28|5515.70
6005007|"scholarcorp #7"|9|21|5511.83
6003007|"exporticorp #7"|9|13|5511.66
1004002|"edu packamalg #2"|19|2|5511.52
3002001|"importoexporti #1"|9|52|5511.52
10010001|"univamalgamalg #1"|9|12|5509.05
7016001|"corpnameless #1"|17|57|5507.04
5004001|"edu packscholar #1"|18|34|5496.95
4001001|"amalgedu pack #1"|17|51|5485.56
1001001|"amalgamalg #1"|9|47|5482.88
1004001|"edu packamalg #1"|18|29|5482.63
6012007|"importobrand #7"|9|10|5477.32
1001001|"amalgamalg #1"|7|48|5474.04
7015002|"scholarnameless #2"|6|27|5472.30
2004001|"edu packimporto #1"|18|46|5471.19
2001002|"amalgimporto #2"|19|57|5468.76
7014002|"edu packnameless #2"|17|38|5467.70
6015008|"scholarbrand #8"|18|31|5465.95
10006017|"corpunivamalg #17"|19|17|5463.90
5003001|"exportischolar #1"|18|16|5463.68
10014001|"edu packamalgamalg #1"|6|37|5462.73
5001002|"amalgscholar #2"|19|2|5458.36
7008009|"namelessbrand #9"|9|35|5457.22
9007011|"brandmaxi #11"|19|49|5457.18
4003002|"exportiedu pack #2"|8|1|5455.52
3001002|"amalgexporti #2"|17|50|5455.42
3003001|"exportiexporti #1"|7|35|5455.28
5004001|"edu packscholar #1"|17|1|5454.57
10005001|"scholarunivamalg #1"|19|43|5448.06
10010011|"univamalgamalg #11"|17|37|5440.32
5003001|"exportischolar #1"|9|16|5437.92
3002001|"importoexporti #1"|19|4|5437.80
3004002|"edu packexporti #2"|9|24|5434.05
7011008|"amalgnameless #8"|18|42|5433.48
6010006|"univbrand #6"|6|37|5432.52
5003002|"exportischolar #2"|9|2|5429.34
2001001|"amalgimporto #1"|19|43|5427.24
9007003|"brandmaxi #3"|9|38|5424.57
5004001|"edu packscholar #1"|18|52|5424.43
1004001|"edu packamalg #1"|9|29|5419.38
7011001|"amalgnameless #1"|9|2|5412.41
7010003|"univnameless #3"|17|17|5411.45
10016006|"corpamalgamalg #6"|6|31|5404.52
7015003|"scholarnameless #3"|17|52|5402.04
10016002|"corpamalgamalg #2"|19|42|5401.08
9004008|"edu packmaxi #8"|17|57|5400.00
6015005|"scholarbrand #5"|6|24|5398.35
2004001|"edu packimporto #1"|19|14|5395.63
8011007|"amalgmaxi #7"|17|48|5388.02
4004001|"edu packedu pack #1"|19|54|5387.88
4003001|"exportiedu pack #1"|18|51|5386.92
4002002|"importoedu pack #2"|17|41|5379.78
3004001|"edu packexporti #1"|17|29|5375.70
3004001|"edu packexporti #1"|9|21|5375.32
1004002|"edu packamalg #2"|9|56|5370.60
7016001|"corpnameless #1"|17|58|5357.31
2001001|"amalgimporto #1"|18|36|5356.66
9011009|"amalgunivamalg #9"|18|8|5356.56
1001001|"amalgamalg #1"|9|53|5355.00
8007010|"brandnameless #10"|19|6|5354.64
10011009|"amalgamalgamalg #9"|18|44|5353.40
7004004|"edu packbrand #4"|9|7|5350.40
9011008|"amalgunivamalg #8"|17|29|5342.75
6008002|"namelesscorp #2"|18|7|5334.94
5004001|"edu packscholar #1"|19|59|5329.28
10004004|"edu packunivamalg #4"|9|54|5328.90
2001002|"amalgimporto #2"|19|18|5328.64
6013005|"exportibrand #5"|18|28|5327.24
3001002|"amalgexporti #2"|8|33|5326.92
1003002|"exportiamalg #2"|18|42|5321.70
10012010|"importoamalgamalg #10"|17|38|5320.14
4002001|"importoedu pack #1"|8|1|5319.90
6001001|"amalgcorp #1"|9|14|5317.70
1003001|"exportiamalg #1"|8|39|5317.38
2003001|"exportiimporto #1"|17|20|5314.94
2002001|"importoimporto #1"|8|7|5314.33
8014004|"edu packmaxi #4"|17|11|5312.12
3003001|"exportiexporti #1"|6|12|5302.92
7005010|"scholarbrand #10"|17|51|5296.20
8006003|"corpnameless #3"|9|1|5296.20
7007010|"brandbrand #10"|18|46|5292.30
7007010|"brandbrand #10"|8|38|5292.20
5001001|"amalgscholar #1"|9|47|5292.00
4003002|"exportiedu pack #2"|6|2|5291.58
10012010|"importoamalgamalg #10"|9|19|5290.12
2002002|"importoimporto #2"|9|58|5285.24
6007003|"brandcorp #3"|7|14|5283.75
9008002|"namelessmaxi #2"|18|40|5281.05
5002002|"importoscholar #2"|18|41|5276.15
10009013|"maxiunivamalg #13"|17|26|5275.00
9009002|"maximaxi #2"|17|52|5270.46
10003008|"exportiunivamalg #8"|18|55|5270.40
5004001|"edu packscholar #1"|9|51|5268.06
5002001|"importoscholar #1"|7|23|5267.43
3001001|"amalgexporti #1"|9|0|5265.09
7012009|"importonameless #9"|9|49|5261.85
2003001|"exportiimporto #1"|8|38|5261.01
7015002|"scholarnameless #2"|9|2|5258.75
10013013|"exportiamalgamalg #13"|17|33|5251.71
1004001|"edu packamalg #1"|8|26|5250.35
6008002|"namelesscorp #2"|18|12|5249.79
5001001|"amalgscholar #1"|9|34|5249.64
9008011|"namelessmaxi #11"|9|2|5249.25
8003009|"exportinameless #9"|18|34|5244.75
4001001|"amalgedu pack #1"|17|14|5242.95
4001002|"amalgedu pack #2"|17|0|5239.20
8015005|"scholarmaxi #5"|17|39|5237.86
7013002|"exportinameless #2"|18|26|5237.68
1004002|"edu packamalg #2"|19|7|5236.59
10016017|"corpamalgamalg #17"|19|56|5234.45
2004001|"edu packimporto #1"|19|9|5232.96
5001001|"amalgscholar #1"|17|3|5232.15
1003002|"exportiamalg #2"|19|52|5230.38
1003002|"exportiamalg #2"|18|21|5227.68
10006009|"corpunivamalg #9"|19|28|5227.09
8010006|"univmaxi #6"|17|59|5225.63
2001001|"amalgimporto #1"|19|55|5224.50
10015010|"scholaramalgamalg #10"|17|36|5224.35
8003003|"exportinameless #3"|19|12|5221.04
7007004|"brandbrand #4"|19|30|5219.16
8016006|"corpmaxi #6"|17|42|5218.48
4002002|"importoedu pack #2"|19|27|5215.86
4003001|"exportiedu pack #1"|7|25|5215.84
3002001|"importoexporti #1"|17|46|5212.13
4002001|"importoedu pack #1"|19|26|5208.84
10003008|"exportiunivamalg #8"|9|54|5208.54
4004002|"edu packedu pack #2"|19|32|5203.80
5002001|"importoscholar #1"|19|9|5203.17
4001001|"amalgedu pack #1"|17|17|5203.09
8011009|"amalgmaxi #9"|18|33|5201.84
2004002|"edu packimporto #2"|18|2|5201.68
10004001|"edu packunivamalg #1"|9|5|5201.25
3004002|"edu packexporti #2"|19|32|5199.67
5004002|"edu packscholar #2"|18|40|5199.24
2004001|"edu packimporto #1"|8|38|5195.81
4001002|"amalgedu pack #2"|19|41|5191.56
7013009|"exportinameless #9"|19|11|5185.48
2004001|"edu packimporto #1"|18|4|5179.78
9007003|"brandmaxi #3"|9|26|5164.26
6004003|"edu packcorp #3"|7|7|5164.20
2001001|"amalgimporto #1"|7|14|5161.20
5003002|"exportischolar #2"|8|45|5159.70
10012010|"importoamalgamalg #10"|18|53|5156.24
5002002|"importoscholar #2"|7|43|5155.08
6006003|"corpcorp #3"|8|9|5154.72
2002001|"importoimporto #1"|9|42|5153.94
4001001|"amalgedu pack #1"|18|27|5149.20
3002001|"importoexporti #1"|18|58|5148.45
10015005|"scholaramalgamalg #5"|19|2|5146.19
5003001|"exportischolar #1"|7|52|5145.69
3002001|"importoexporti #1"|18|16|5145.52
10001017|"amalgunivamalg #17"|9|52|5145.14
1003001|"exportiamalg #1"|17|27|5145.04
4003002|"exportiedu pack #2"|17|39|5142.80
1002002|"importoamalg #2"|9|2|5142.37
4004002|"edu packedu pack #2"|19|7|5141.08
9007011|"brandmaxi #11"|17|9|5138.40
1003001|"exportiamalg #1"|19|21|5133.24
5003002|"exportischolar #2"|19|35|5131.56
6013007|"exportibrand #7"|17|33|5131.00
3003002|"exportiexporti #2"|9|50|5125.25
5002001|"importoscholar #1"|19|52|5110.78
8007007|"brandnameless #7"|19|50|5110.62
8014004|"edu packmaxi #4"|19|56|5108.80
10010013|"univamalgamalg #13"|18|42|5107.13
10002014|"importounivamalg #14"|19|19|5106.94
4003001|"exportiedu pack #1"|19|22|5106.20
8003003|"exportinameless #3"|8|21|5101.48
5001001|"amalgscholar #1"|18|45|5099.80
7016001|"corpnameless #1"|9|20|5098.81
6016001|"corpbrand #1"|9|27|5096.16
3001001|"amalgexporti #1"|18|58|5094.39
4004001|"edu packedu pack #1"|19|23|5094.10
2003002|"exportiimporto #2"|18|25|5088.39
2001002|"amalgimporto #2"|17|11|5083.20
4002001|"importoedu pack #1"|9|15|5079.20
4004001|"edu packedu pack #1"|17|51|5077.32
1003002|"exportiamalg #2"|9|56|5074.30
10010006|"univamalgamalg #6"|17|34|5070.12
6015008|"scholarbrand #8"|17|38|5069.40
8009005|"maxinameless #5"|9|4|5064.22
9014008|"edu packunivamalg #8"|9|35|5062.68
1002002|"importoamalg #2"|18|57|5051.70
9009005|"maximaxi #5"|18|15|5051.15
3003001|"exportiexporti #1"|8|30|5050.62
10004004|"edu packunivamalg #4"|9|46|5049.58
2001001|"amalgimporto #1"|9|3|5041.95
10007012|"brandunivamalg #12"|17|29|5039.60
9011008|"amalgunivamalg #8"|17|1|5035.50
4002002|"importoedu pack #2"|19|1|5031.84
5004001|"edu packscholar #1"|17|36|5029.61
2004002|"edu packimporto #2"|18|39|5027.88
2001002|"amalgimporto #2"|7|15|5025.96
1004002|"edu packamalg #2"|17|54|5025.83
7009005|"maxibrand #5"|17|48|5025.50
9015009|"scholarunivamalg #9"|17|46|5024.94
7001009|"amalgbrand #9"|19|19|5005.35
3003001|"exportiexporti #1"|9|2|5003.44
2001001|"amalgimporto #1"|17|1|4999.68
5002002|"importoscholar #2"|9|1|4992.41
10004015|"edu packunivamalg #15"|18|58|4990.70
10013002|"exportiamalgamalg #2"|9|45|4990.58
7004004|"edu packbrand #4"|9|9|4989.60
7016001|"corpnameless #1"|18|19|4989.00
10010007|"univamalgamalg #7"|9|52|4985.79
7015009|"scholarnameless #9"|18|10|4984.10
6001008|"amalgcorp #8"|18|19|4978.95
10012010|"importoamalgamalg #10"|17|37|4977.42
8009005|"maxinameless #5"|17|17|4975.83
3004001|"edu packexporti #1"|9|15|4972.70
6012001|"importobrand #1"|19|51|4968.70
4002001|"importoedu pack #1"|7|21|4965.40
2004002|"edu packimporto #2"|9|54|4960.96
2001002|"amalgimporto #2"|17|45|4955.28
7016001|"corpnameless #1"|7|55|4954.00
3004001|"edu packexporti #1"|8|48|4951.98
6005007|"scholarcorp #7"|19|40|4950.00
3004001|"edu packexporti #1"|8|31|4945.08
5004002|"edu packscholar #2"|9|43|4945.00
10003004|"exportiunivamalg #4"|17|4|4941.44
6003007|"exporticorp #7"|17|17|4940.40
10004008|"edu packunivamalg #8"|17|17|4933.58
10016001|"corpamalgamalg #1"|18|41|4931.85
1001001|"amalgamalg #1"|19|13|4925.50
8016004|"corpmaxi #4"|9|30|4922.10
5003001|"exportischolar #1"|17|44|4921.90
7006004|NULL|19|36|4921.30
1004001|"edu packamalg #1"|18|40|4911.39
6012002|"importobrand #2"|17|47|4910.64
8011008|"amalgmaxi #8"|9|27|4905.62
10005013|"scholarunivamalg #13"|18|48|4905.04
9011008|"amalgunivamalg #8"|17|41|4902.68
3004001|"edu packexporti #1"|18|37|4902.45
2002001|"importoimporto #1"|19|36|4902.00
5003002|"exportischolar #2"|17|7|4899.84
3002001|"importoexporti #1"|9|56|4896.00
7009009|"maxibrand #9"|18|29|4895.73
4002001|"importoedu pack #1"|17|19|4894.28
5001001|"amalgscholar #1"|17|57|4890.60
2004002|"edu packimporto #2"|7|58|4887.08
8005005|"scholarnameless #5"|17|16|4886.64
9014002|"edu packunivamalg #2"|9|39|4884.00
5003001|"exportischolar #1"|7|35|4881.15
3003001|"exportiexporti #1"|9|26|4877.16
2004001|"edu packimporto #1"|7|38|4876.74
1004001|"edu packamalg #1"|8|28|4876.19
2003002|"exportiimporto #2"|17|17|4875.90
10016003|"corpamalgamalg #3"|17|19|4873.44
7009009|"maxibrand #9"|19|28|4872.75
7015007|"scholarnameless #7"|18|57|4872.00
5003001|"exportischolar #1"|17|31|4869.70
6015004|"scholarbrand #4"|18|16|4862.96
10012005|"importoamalgamalg #5"|8|21|4861.44
10003007|"exportiunivamalg #7"|7|21|4860.40
4004001|"edu packedu pack #1"|19|49|4859.62
8001004|"amalgnameless #4"|8|20|4858.98
6005008|"scholarcorp #8"|17|19|4854.72
2001001|"amalgimporto #1"|19|59|4847.70
4004001|"edu packedu pack #1"|18|3|4847.00
2003002|"exportiimporto #2"|7|51|4845.54
3003001|"exportiexporti #1"|6|28|4845.50
4002002|"importoedu pack #2"|19|36|4845.05
2004002|"edu packimporto #2"|17|57|4844.72
6016001|"corpbrand #1"|17|5|4841.96
8016006|"corpmaxi #6"|9|33|4839.20
6015008|"scholarbrand #8"|19|11|4839.12
1001001|"amalgamalg #1"|7|18|4838.86
4001001|"amalgedu pack #1"|18|17|4838.40
6015007|"scholarbrand #7"|19|31|4836.84
10011017|"amalgamalgamalg #17"|17|49|4835.16
4001002|"amalgedu pack #2"|9|31|4831.59
7013007|"exportinameless #7"|18|8|4828.10
5003001|"exportischolar #1"|6|35|4825.92
5002001|"importoscholar #1"|19|18|4820.79
1004002|"edu packamalg #2"|17|20|4818.80
8009009|"maxinameless #9"|18|1|4818.45
4004001|"edu packedu pack #1"|18|34|4816.35
7008005|"namelessbrand #5"|9|59|4816.10
1003002|"exportiamalg #2"|17|42|4815.40
4004001|"edu packedu pack #1"|19|13|4812.36
10002014|"importounivamalg #14"|18|39|4812.29
3004001|"edu packexporti #1"|17|43|4810.04
1003002|"exportiamalg #2"|19|25|4809.98
5002002|"importoscholar #2"|17|48|4809.60
9009003|"maximaxi #3"|9|50|4808.65
2001001|"amalgimporto #1"|17|46|4807.51
3004001|"edu packexporti #1"|19|6|4805.64
10015013|"scholaramalgamalg #13"|19|8|4805.48
10012017|"importoamalgamalg #17"|19|31|4804.20
10001017|"amalgunivamalg #17"|18|20|4803.89
4003001|"exportiedu pack #1"|17|42|4801.68
9006011|"corpmaxi #11"|17|57|4801.55
9012011|"importounivamalg #11"|19|5|4799.44
10009006|"maxiunivamalg #6"|18|42|4797.76
9008002|"namelessmaxi #2"|9|58|4793.25
9007008|"brandmaxi #8"|18|7|4790.33
4002002|"importoedu pack #2"|17|26|4787.16
6009003|"maxicorp #3"|17|3|4786.95
10004001|"edu packunivamalg #1"|18|7|4785.14
4004002|"edu packedu pack #2"|17|41|4783.59
10010011|"univamalgamalg #11"|9|42|4783.38
2004001|"edu packimporto #1"|18|57|4780.21
10009017|"maxiunivamalg #17"|8|29|4779.21
7015003|"scholarnameless #3"|18|28|4778.73
8010008|"univmaxi #8"|19|10|4776.15
6014006|"edu packbrand #6"|8|48|4775.25
9010009|"univunivamalg #9"|17|30|4773.75
7003003|"exportibrand #3"|17|5|4767.55
NULL|NULL|19|21|4765.52
8001004|"amalgnameless #4"|19|58|4763.78
2003001|"exportiimporto #1"|18|48|4763.22
2002001|"importoimporto #1"|19|44|4763.03
3004002|"edu packexporti #2"|9|38|4756.80
2003002|"exportiimporto #2"|18|2|4752.90
8007010|"brandnameless #10"|9|27|4752.74
4004002|"edu packedu pack #2"|17|57|4751.52
9012005|"importounivamalg #5"|19|12|4751.12
8002009|"importonameless #9"|18|5|4748.40
5003001|"exportischolar #1"|8|17|4743.35
3002001|"importoexporti #1"|8|25|4741.96
4002002|"importoedu pack #2"|18|30|4741.74
9011008|"amalgunivamalg #8"|19|59|4739.28
4004002|"edu packedu pack #2"|7|24|4733.20
6005001|"scholarcorp #1"|18|4|4732.42
9013008|"exportiunivamalg #8"|19|18|4730.40
5001002|"amalgscholar #2"|19|31|4727.42
4002001|"importoedu pack #1"|18|15|4727.40
2001001|"amalgimporto #1"|19|12|4726.48
1004001|"edu packamalg #1"|18|28|4725.13
6004003|"edu packcorp #3"|9|35|4723.53
7009003|"maxibrand #3"|8|4|4722.37
9004008|"edu packmaxi #8"|18|22|4722.08
4002002|"importoedu pack #2"|18|46|4720.95
7009010|"maxibrand #10"|17|15|4718.35
1002001|"importoamalg #1"|7|17|4714.44
1001001|"amalgamalg #1"|19|45|4714.41
2004002|"edu packimporto #2"|18|26|4712.58
7003009|"exportibrand #9"|19|47|4711.85
3004002|"edu packexporti #2"|19|2|4707.78
1003002|"exportiamalg #2"|17|21|4706.73
6008003|"namelesscorp #3"|19|20|4705.74
2004002|"edu packimporto #2"|19|56|4704.20
2004002|"edu packimporto #2"|17|0|4703.34
1004001|"edu packamalg #1"|19|39|4701.96
9014011|"edu packunivamalg #11"|19|59|4697.61
6012001|"importobrand #1"|17|11|4697.52
5001002|"amalgscholar #2"|17|48|4692.00
9014003|"edu packunivamalg #3"|18|23|4692.00
2003001|"exportiimporto #1"|18|49|4691.99
6008002|"namelesscorp #2"|17|46|4691.75
1002001|"importoamalg #1"|17|33|4691.54
10006003|"corpunivamalg #3"|9|7|4690.14
2004001|"edu packimporto #1"|19|27|4688.32
1003002|"exportiamalg #2"|19|12|4687.15
7006005|"corpbrand #5"|8|18|4682.60
5004001|"edu packscholar #1"|9|30|4682.55
1003001|"exportiamalg #1"|9|27|4680.25
7005006|"scholarbrand #6"|17|39|4679.04
7004006|"edu packbrand #6"|8|54|4673.90
10011004|"amalgamalgamalg #4"|9|18|4672.62
5003001|"exportischolar #1"|8|0|4670.96
5003002|"exportischolar #2"|9|47|4667.92
8012001|"importomaxi #1"|9|9|4664.28
5001002|"amalgscholar #2"|17|21|4662.71
10002014|"importounivamalg #14"|9|31|4662.00
10008012|"namelessunivamalg #12"|7|44|4657.50
4003001|"exportiedu pack #1"|19|17|4656.96
7015002|"scholarnameless #2"|17|46|4655.66
6015005|"scholarbrand #5"|19|31|4652.96
9004008|"edu packmaxi #8"|19|24|4652.80
10016001|"corpamalgamalg #1"|19|19|4647.60
3002001|"importoexporti #1"|18|19|4647.39
2004002|"edu packimporto #2"|8|34|4645.72
4002001|"importoedu pack #1"|17|20|4645.14
9007011|"brandmaxi #11"|19|34|4644.44
1003002|"exportiamalg #2"|17|53|4644.12
9009003|"maximaxi #3"|9|15|4643.55
7006001|"corpbrand #1"|19|19|4641.65
10010017|"univamalgamalg #17"|19|21|4638.00
4001002|"amalgedu pack #2"|19|8|4637.36
8005005|"scholarnameless #5"|18|20|4635.99
5001001|"amalgscholar #1"|17|27|4635.40
8008003|"namelessnameless #3"|17|57|4634.85
2002001|"importoimporto #1"|17|52|4630.78
4002001|"importoedu pack #1"|17|34|4630.33
6004003|"edu packcorp #3"|9|26|4629.91
7009003|"maxibrand #3"|17|27|4627.56
3002001|"importoexporti #1"|17|10|4625.82
2003001|"exportiimporto #1"|9|50|4621.50
8015006|"scholarmaxi #6"|18|8|4614.00
10012004|"importoamalgamalg #4"|17|20|4613.90
1003002|"exportiamalg #2"|8|18|4612.16
1002001|"importoamalg #1"|7|35|4609.36
5001002|"amalgscholar #2"|17|18|4607.10
8012004|"importomaxi #4"|17|17|4606.65
6015004|"scholarbrand #4"|19|12|4605.03
4003001|"exportiedu pack #1"|7|58|4604.84
3004001|"edu packexporti #1"|7|50|4604.43
10009006|"maxiunivamalg #6"|17|20|4601.30
4004001|"edu packedu pack #1"|7|50|4600.64
7015002|"scholarnameless #2"|18|28|4599.90
7013007|"exportinameless #7"|8|44|4599.00
10012002|"importoamalgamalg #2"|19|4|4597.37
7001008|"amalgbrand #8"|19|56|4588.77
7003005|"exportibrand #5"|19|54|4586.50
6001007|"amalgcorp #7"|9|29|4585.77
1001001|"amalgamalg #1"|7|44|4584.80
3001002|"amalgexporti #2"|8|36|4583.44
6010005|"univbrand #5"|18|3|4579.20
6015008|"scholarbrand #8"|17|20|4579.20
8004005|"edu packnameless #5"|8|11|4578.84
2003001|"exportiimporto #1"|9|20|4578.27
3002002|"importoexporti #2"|19|22|4577.85
4004001|"edu packedu pack #1"|8|13|4577.78
6015005|"scholarbrand #5"|9|55|4574.98
3003002|"exportiexporti #2"|18|9|4572.63
1001002|"amalgamalg #2"|9|59|4572.32
6001001|"amalgcorp #1"|18|6|4571.26
2001002|"amalgimporto #2"|8|40|4569.76
10012004|"importoamalgamalg #4"|9|56|4567.20
5001001|"amalgscholar #1"|18|7|4565.60
2002001|"importoimporto #1"|17|45|4565.14
10003014|"exportiunivamalg #14"|18|34|4564.56
9014011|"edu packunivamalg #11"|18|45|4559.58
10009013|"maxiunivamalg #13"|17|56|4558.95
8010005|"univmaxi #5"|17|56|4557.60
2002001|"importoimporto #1"|18|46|4557.37
8004001|"edu packnameless #1"|18|5|4555.20
8001001|"amalgnameless #1"|17|40|4554.21
8007010|"brandnameless #10"|17|59|4551.68
8005001|"scholarnameless #1"|18|13|4551.37
10009006|"maxiunivamalg #6"|8|48|4549.23
1004002|"edu packamalg #2"|9|22|4547.70
5003001|"exportischolar #1"|17|19|4546.74
9002003|"importomaxi #3"|9|34|4543.48
7009005|"maxibrand #5"|19|59|4539.90
5003001|"exportischolar #1"|7|48|4537.44
2004002|"edu packimporto #2"|19|17|4536.60
8008005|"namelessnameless #5"|9|11|4534.00
3004001|"edu packexporti #1"|8|18|4532.55
10005014|"scholarunivamalg #14"|7|35|4531.86
2003001|"exportiimporto #1"|18|9|4530.90
9008002|"namelessmaxi #2"|19|55|4530.80
2003002|"exportiimporto #2"|18|13|4530.74
10016001|"corpamalgamalg #1"|19|6|4530.46
7004009|"edu packbrand #9"|8|11|4530.14
2002002|"importoimporto #2"|17|42|4529.87
6012008|"importobrand #8"|17|58|4528.80
10013015|"exportiamalgamalg #15"|7|36|4528.64
5004001|"edu packscholar #1"|19|53|4527.07
7015003|"scholarnameless #3"|18|59|4526.00
1004001|"edu packamalg #1"|8|59|4525.47
10016009|"corpamalgamalg #9"|19|31|4524.52
2001001|"amalgimporto #1"|7|8|4523.68
10016003|"corpamalgamalg #3"|9|1|4520.46
8009003|"maxinameless #3"|19|58|4519.90
8010009|"univmaxi #9"|18|9|4514.40
8013007|"exportimaxi #7"|18|34|4513.92
1001001|"amalgamalg #1"|9|43|4506.57
1002002|"importoamalg #2"|9|45|4506.28
8009005|"maxinameless #5"|19|18|4504.50
2003002|"exportiimporto #2"|19|54|4502.28
7001001|"amalgbrand #1"|8|19|4500.76
7002010|"importobrand #10"|17|32|4499.20
8004009|"edu packnameless #9"|7|9|4498.56
1003001|"exportiamalg #1"|19|18|4497.84
3001001|"amalgexporti #1"|17|35|4497.57
8006003|"corpnameless #3"|17|29|4496.91
8005010|"scholarnameless #10"|19|41|4496.80
2004002|"edu packimporto #2"|19|28|4496.43
3002001|"importoexporti #1"|19|3|4496.36
6011007|"amalgbrand #7"|9|27|4493.25
9013011|"exportiunivamalg #11"|19|28|4490.40
8004005|"edu packnameless #5"|7|25|4490.05
10013013|"exportiamalgamalg #13"|18|33|4489.50
2004002|"edu packimporto #2"|7|39|4487.80
1004002|"edu packamalg #2"|17|6|4487.36
4003001|"exportiedu pack #1"|19|31|4486.66
1001001|"amalgamalg #1"|19|38|4484.16
2001002|"amalgimporto #2"|18|20|4483.45
6009004|"maxicorp #4"|18|44|4482.05
7001001|"amalgbrand #1"|7|38|4481.40
2004001|"edu packimporto #1"|6|22|4478.10
10004001|"edu packunivamalg #1"|17|37|4471.74
3003001|"exportiexporti #1"|17|54|4468.00
6016001|"corpbrand #1"|19|57|4466.75
8012005|"importomaxi #5"|19|47|4464.93
3004001|"edu packexporti #1"|9|2|4463.80
6004004|"edu packcorp #4"|9|28|4462.92
5001001|"amalgscholar #1"|19|22|4462.87
2004001|"edu packimporto #1"|9|4|4462.72
4004001|"edu packedu pack #1"|19|24|4461.32
1004002|"edu packamalg #2"|19|15|4459.00
10008002|"namelessunivamalg #2"|18|35|4456.76
8005009|"scholarnameless #9"|8|46|4456.40
7004008|"edu packbrand #8"|18|17|4454.40
2001002|"amalgimporto #2"|17|16|4445.22
6011008|"amalgbrand #8"|8|41|4444.91
8001003|"amalgnameless #3"|19|42|4444.65
4004002|"edu packedu pack #2"|19|59|4439.40
9014011|"edu packunivamalg #11"|8|31|4436.10
7013002|"exportinameless #2"|8|44|4434.30
5002001|"importoscholar #1"|8|5|4431.68
8007001|"brandnameless #1"|17|34|4429.28
5003002|"exportischolar #2"|7|20|4429.21
7008007|"namelessbrand #7"|18|16|4429.08
1001001|"amalgamalg #1"|18|48|4424.44
4003001|"exportiedu pack #1"|9|28|4424.01
2003001|"exportiimporto #1"|6|54|4419.80
2002002|"importoimporto #2"|18|37|4418.19
5003002|"exportischolar #2"|19|22|4417.68
7002008|"importobrand #8"|19|37|4414.65
8015003|"scholarmaxi #3"|18|30|4414.09
10010013|"univamalgamalg #13"|9|11|4412.80
8015003|"scholarmaxi #3"|19|59|4412.56
8005001|"scholarnameless #1"|19|28|4411.88
7004008|"edu packbrand #8"|6|47|4409.28
1004001|"edu packamalg #1"|9|36|4408.95
9011009|"amalgunivamalg #9"|6|28|4401.50
4001001|"amalgedu pack #1"|9|40|4400.94
3001002|"amalgexporti #2"|18|50|4400.46
2002001|"importoimporto #1"|8|34|4396.38
2003001|"exportiimporto #1"|19|17|4396.38
10016008|"corpamalgamalg #8"|9|3|4396.14
9011008|"amalgunivamalg #8"|18|43|4393.92
9010009|"univunivamalg #9"|9|58|4392.27
1003001|"exportiamalg #1"|19|42|4391.85
8015008|"scholarmaxi #8"|9|0|4387.95
10012010|"importoamalgamalg #10"|8|23|4387.46
10014016|"edu packamalgamalg #16"|19|50|4386.15
2001001|"amalgimporto #1"|9|54|4385.34
8011009|"amalgmaxi #9"|9|19|4380.42
9008002|"namelessmaxi #2"|9|32|4379.46
4004002|"edu packedu pack #2"|9|58|4379.20
8012001|"importomaxi #1"|17|20|4378.44
2004002|"edu packimporto #2"|17|40|4377.80
3002002|"importoexporti #2"|19|5|4375.68
5003002|"exportischolar #2"|18|32|4373.06
8006009|"corpnameless #9"|18|2|4371.84
10003015|"exportiunivamalg #15"|19|18|4370.50
1001001|"amalgamalg #1"|17|29|4367.09
3003001|"exportiexporti #1"|18|18|4367.07
3002001|"importoexporti #1"|17|17|4366.50
3003001|"exportiexporti #1"|18|46|4361.98
3001002|"amalgexporti #2"|7|36|4358.80
9013009|"exportiunivamalg #9"|19|29|4354.20
9013009|"exportiunivamalg #9"|9|2|4353.28
7002010|"importobrand #10"|9|10|4352.20
10007005|"brandunivamalg #5"|17|25|4351.94
4001002|"amalgedu pack #2"|9|19|4350.75
6009007|"maxicorp #7"|17|29|4350.60
9014011|"edu packunivamalg #11"|9|0|4346.10
3004001|"edu packexporti #1"|7|27|4340.49
1004001|"edu packamalg #1"|19|28|4340.24
9003005|"exportimaxi #5"|17|54|4337.39
1004002|"edu packamalg #2"|17|31|4335.25
6016001|"corpbrand #1"|19|45|4335.00
9005009|"scholarmaxi #9"|19|50|4332.88
4002001|"importoedu pack #1"|19|0|4331.99
6015006|"scholarbrand #6"|9|18|4327.62
10016009|"corpamalgamalg #9"|9|54|4318.27
7003009|"exportibrand #9"|19|39|4317.63
7014001|"edu packnameless #1"|9|11|4310.32
9012003|"importounivamalg #3"|17|22|4308.80
1002002|"importoamalg #2"|18|39|4301.99
5001002|"amalgscholar #2"|17|30|4300.94
4003002|"exportiedu pack #2"|19|12|4300.80
6009004|"maxicorp #4"|19|54|4300.08
6011005|"amalgbrand #5"|17|1|4294.42
4002002|"importoedu pack #2"|9|41|4293.96
10009006|"maxiunivamalg #6"|18|34|4292.60
1001001|"amalgamalg #1"|19|14|4292.07
3001002|"amalgexporti #2"|17|10|4291.98
10015003|"scholaramalgamalg #3"|19|21|4291.98
9004008|"edu packmaxi #8"|18|36|4288.71
9011008|"amalgunivamalg #8"|19|0|4287.40
2001001|"amalgimporto #1"|17|47|4286.10
3001001|"amalgexporti #1"|18|40|4285.14
8005010|"scholarnameless #10"|19|38|4282.92
3002001|"importoexporti #1"|7|13|4279.95
5001002|"amalgscholar #2"|18|48|4279.50
1004001|"edu packamalg #1"|17|42|4276.25
3001001|"amalgexporti #1"|8|20|4274.64
3004001|"edu packexporti #1"|17|34|4274.20
2002002|"importoimporto #2"|7|39|4273.40
2004002|"edu packimporto #2"|9|36|4272.78
9016003|"corpunivamalg #3"|9|58|4269.72
7001005|"amalgbrand #5"|17|33|4269.24
5003002|"exportischolar #2"|17|32|4267.20
9009005|"maximaxi #5"|8|23|4266.35
5003001|"exportischolar #1"|7|44|4266.27
6014001|"edu packbrand #1"|18|30|4264.96
7013009|"exportinameless #9"|7|51|4260.60
8015005|"scholarmaxi #5"|18|49|4255.68
6006003|"corpcorp #3"|8|3|4255.20
5003002|"exportischolar #2"|8|37|4255.02
1002001|"importoamalg #1"|19|56|4254.24
4004001|"edu packedu pack #1"|9|14|4253.40
10002012|"importounivamalg #12"|8|51|4251.78
9015002|"scholarunivamalg #2"|7|6|4250.93
1001001|"amalgamalg #1"|17|9|4250.70
10015004|"scholaramalgamalg #4"|18|39|4242.16
3004001|"edu packexporti #1"|18|12|4240.57
1002002|"importoamalg #2"|18|21|4239.81
3002001|"importoexporti #1"|19|44|4238.81
9006009|"corpmaxi #9"|8|57|4236.80
5002001|"importoscholar #1"|9|37|4234.28
6003003|"exporticorp #3"|19|15|4228.59
3001001|"amalgexporti #1"|19|21|4226.04
7009009|"maxibrand #9"|17|40|4225.92
6011003|"amalgbrand #3"|9|47|4220.85
2003002|"exportiimporto #2"|17|47|4219.30
1001001|"amalgamalg #1"|17|16|4217.50
7015009|"scholarnameless #9"|19|11|4217.44
3003001|"exportiexporti #1"|8|26|4217.40
6012005|"importobrand #5"|17|14|4216.80
5003001|"exportischolar #1"|17|2|4213.51
1004001|"edu packamalg #1"|17|20|4213.50
2003002|"exportiimporto #2"|19|59|4210.50
10009008|"maxiunivamalg #8"|18|19|4208.31
2003001|"exportiimporto #1"|18|2|4206.93
2003002|"exportiimporto #2"|6|59|4206.93
2004001|"edu packimporto #1"|19|52|4206.00
6005008|"scholarcorp #8"|9|5|4203.48
1002001|"importoamalg #1"|18|17|4203.46
2001002|"amalgimporto #2"|18|2|4202.80
9011008|"amalgunivamalg #8"|17|11|4202.10
3001001|"amalgexporti #1"|9|35|4201.22
4003001|"exportiedu pack #1"|19|36|4200.90
1003002|"exportiamalg #2"|9|53|4200.00
7007004|"brandbrand #4"|19|6|4198.16
6015006|"scholarbrand #6"|18|26|4197.96
4003001|"exportiedu pack #1"|18|20|4194.96
2001001|"amalgimporto #1"|19|9|4194.30
2002001|"importoimporto #1"|19|59|4193.37
10007014|"brandunivamalg #14"|17|55|4192.92
7002003|"importobrand #3"|7|30|4192.79
4002001|"importoedu pack #1"|17|21|4192.51
7001009|"amalgbrand #9"|19|55|4188.80
1001001|"amalgamalg #1"|6|49|4183.20
8010009|"univmaxi #9"|17|27|4183.20
2001001|"amalgimporto #1"|18|49|4182.85
6012001|"importobrand #1"|8|7|4181.25
9014011|"edu packunivamalg #11"|19|11|4180.68
5001001|"amalgscholar #1"|18|3|4180.48
6005003|"scholarcorp #3"|17|24|4180.48
2004001|"edu packimporto #1"|17|3|4180.00
7010004|"univnameless #4"|17|18|4177.16
4004001|"edu packedu pack #1"|18|24|4172.79
3001002|"amalgexporti #2"|18|57|4171.07
5003001|"exportischolar #1"|18|40|4170.93
9007003|"brandmaxi #3"|18|4|4169.34
10015005|"scholaramalgamalg #5"|9|19|4167.02
6003003|"exporticorp #3"|17|40|4165.41
6003003|"exporticorp #3"|19|8|4165.04
2002001|"importoimporto #1"|18|56|4163.80
5004002|"edu packscholar #2"|9|38|4163.66
7001005|"amalgbrand #5"|18|44|4162.76
9004008|"edu packmaxi #8"|19|5|4161.60
7012005|"importonameless #5"|18|27|4158.08
9015011|"scholarunivamalg #11"|18|1|4153.80
9008005|"namelessmaxi #5"|9|44|4151.52
6009003|"maxicorp #3"|18|16|4150.95
4003001|"exportiedu pack #1"|17|41|4150.88
2002001|"importoimporto #1"|9|7|4150.68
6006007|"corpcorp #7"|9|13|4150.40
9012011|"importounivamalg #11"|9|53|4150.20
7012009|"importonameless #9"|17|20|4149.60
6007007|"brandcorp #7"|7|32|4149.42
5004002|"edu packscholar #2"|19|14|4146.56
7001001|"amalgbrand #1"|17|55|4146.17
6003003|"exporticorp #3"|6|3|4144.25
2001002|"amalgimporto #2"|17|1|4144.08
9007003|"brandmaxi #3"|17|28|4143.00
10010017|"univamalgamalg #17"|17|47|4142.60
1002001|"importoamalg #1"|17|41|4142.06
4001001|"amalgedu pack #1"|17|11|4140.75
9014002|"edu packunivamalg #2"|19|47|4140.56
6015004|"scholarbrand #4"|18|0|4140.18
9007008|"brandmaxi #8"|19|58|4139.73
3002002|"importoexporti #2"|8|39|4138.65
2003002|"exportiimporto #2"|8|54|4129.39
9007009|"brandmaxi #9"|19|12|4126.78
9006005|"corpmaxi #5"|18|29|4125.33
5002002|"importoscholar #2"|17|46|4122.93
6010002|"univbrand #2"|19|50|4122.81
9010009|"univunivamalg #9"|9|29|4122.05
2001002|"amalgimporto #2"|7|52|4119.28
7015009|"scholarnameless #9"|9|1|4114.88
4004002|"edu packedu pack #2"|18|7|4114.74
9002011|"importomaxi #11"|9|21|4112.37
6015008|"scholarbrand #8"|6|44|4109.95
2004001|"edu packimporto #1"|17|28|4109.54
6010002|"univbrand #2"|9|56|4107.35
8003010|"exportinameless #10"|8|25|4105.42
2001002|"amalgimporto #2"|9|52|4105.20
6014006|"edu packbrand #6"|18|3|4104.68
10009015|"maxiunivamalg #15"|18|41|4102.28
9014008|"edu packunivamalg #8"|18|44|4102.01
9014003|"edu packunivamalg #3"|19|1|4100.01
10004008|"edu packunivamalg #8"|17|36|4099.52
10014016|"edu packamalgamalg #16"|18|20|4097.85
2004001|"edu packimporto #1"|8|15|4097.38
9008008|"namelessmaxi #8"|18|8|4096.35
1003002|"exportiamalg #2"|18|16|4095.90
5001001|"amalgscholar #1"|8|2|4095.00
2004001|"edu packimporto #1"|19|29|4094.57
1003001|"exportiamalg #1"|18|5|4090.80
2003001|"exportiimporto #1"|6|56|4088.44
6015006|"scholarbrand #6"|17|18|4082.08
4002001|"importoedu pack #1"|19|42|4079.00
9011009|"amalgunivamalg #9"|17|44|4073.30
1003002|"exportiamalg #2"|19|7|4067.58
1002001|"importoamalg #1"|17|50|4066.00
9013002|"exportiunivamalg #2"|19|56|4065.69
3001001|"amalgexporti #1"|19|50|4063.93
8015005|"scholarmaxi #5"|18|3|4062.15
9014011|"edu packunivamalg #11"|9|38|4060.29
1001001|"amalgamalg #1"|18|55|4060.12
6008005|"namelesscorp #5"|19|52|4054.96
9009002|"maximaxi #2"|7|1|4054.47
6008003|"namelesscorp #3"|17|27|4050.24
8005005|"scholarnameless #5"|18|30|4048.14
4004001|"edu packedu pack #1"|17|34|4046.13
4002001|"importoedu pack #1"|19|25|4046.01
8004004|"edu packnameless #4"|17|47|4045.08
10007002|"brandunivamalg #2"|18|29|4043.52
1002001|"importoamalg #1"|18|57|4042.28
1001002|"amalgamalg #2"|9|54|4041.56
7001004|"amalgbrand #4"|18|41|4040.90
3004001|"edu packexporti #1"|8|43|4039.20
3003002|"exportiexporti #2"|18|39|4039.12
9013002|"exportiunivamalg #2"|17|57|4039.02
9004008|"edu packmaxi #8"|18|8|4037.12
1002001|"importoamalg #1"|19|23|4036.04
4003001|"exportiedu pack #1"|8|52|4029.52
8007001|"brandnameless #1"|8|4|4028.84
7001005|"amalgbrand #5"|17|31|4028.16
6012007|"importobrand #7"|18|3|4023.36
9006011|"corpmaxi #11"|17|21|4023.23
6006003|"corpcorp #3"|9|59|4022.20
5002001|"importoscholar #1"|8|51|4019.40
6008002|"namelesscorp #2"|6|47|4017.00
1003002|"exportiamalg #2"|8|44|4015.27
9002011|"importomaxi #11"|8|20|4014.42
10005001|"scholarunivamalg #1"|19|6|4012.95
9012011|"importounivamalg #11"|8|42|4010.93
5004001|"edu packscholar #1"|18|55|4008.60
8004005|"edu packnameless #5"|9|26|4008.04
5001002|"amalgscholar #2"|17|41|4005.20
3002002|"importoexporti #2"|6|2|4004.28
4001001|"amalgedu pack #1"|19|17|4001.16
3001002|"amalgexporti #2"|17|37|3997.84
7011008|"amalgnameless #8"|7|50|3996.45
10010017|"univamalgamalg #17"|7|57|3994.53
10009001|"maxiunivamalg #1"|6|47|3989.87
4001002|"amalgedu pack #2"|9|33|3989.46
7001004|"amalgbrand #4"|19|16|3986.22
10009013|"maxiunivamalg #13"|7|6|3983.50
6015008|"scholarbrand #8"|18|1|3979.80
9011008|"amalgunivamalg #8"|17|37|3979.04
4001001|"amalgedu pack #1"|19|23|3976.68
3003001|"exportiexporti #1"|17|13|3975.48
2003002|"exportiimporto #2"|19|41|3974.31
7009010|"maxibrand #10"|7|47|3973.06
5003002|"exportischolar #2"|19|59|3970.23
6008003|"namelesscorp #3"|17|15|3964.80
1004002|"edu packamalg #2"|17|4|3964.39
4004001|"edu packedu pack #1"|18|27|3963.82
1004001|"edu packamalg #1"|17|25|3963.21
3003002|"exportiexporti #2"|17|31|3961.98
10004001|"edu packunivamalg #1"|19|26|3961.65
6014004|"edu packbrand #4"|8|17|3961.23
4004001|"edu packedu pack #1"|8|52|3960.98
3002001|"importoexporti #1"|18|20|3960.65
7013002|"exportinameless #2"|18|40|3958.73
4004002|"edu packedu pack #2"|17|30|3958.65
3004002|"edu packexporti #2"|19|34|3957.28
7016007|"corpnameless #7"|9|42|3956.63
1002001|"importoamalg #1"|17|6|3953.25
9008008|"namelessmaxi #8"|17|37|3952.38
10014007|"edu packamalgamalg #7"|9|17|3951.40
7004007|"edu packbrand #7"|8|9|3949.12
4003002|"exportiedu pack #2"|18|33|3944.80
9010009|"univunivamalg #9"|17|4|3939.08
2001001|"amalgimporto #1"|19|8|3938.15
4004001|"edu packedu pack #1"|18|7|3937.86
8009009|"maxinameless #9"|18|20|3936.66
6011005|"amalgbrand #5"|19|22|3936.45
8004003|"edu packnameless #3"|19|6|3936.40
4004002|"edu packedu pack #2"|17|29|3935.79
5003002|"exportischolar #2"|9|30|3934.84
4002002|"importoedu pack #2"|17|14|3933.72
4001001|"amalgedu pack #1"|17|19|3932.04
6001007|"amalgcorp #7"|17|58|3931.20
1002001|"importoamalg #1"|8|25|3930.60
4001001|"amalgedu pack #1"|19|29|3930.10
7002003|"importobrand #3"|19|38|3929.79
2003001|"exportiimporto #1"|17|9|3925.40
4003001|"exportiedu pack #1"|18|39|3925.35
7009009|"maxibrand #9"|8|12|3924.00
5001001|"amalgscholar #1"|18|36|3923.70
4004001|"edu packedu pack #1"|8|50|3923.20
10012010|"importoamalgamalg #10"|19|31|3922.62
7004006|"edu packbrand #6"|19|33|3921.34
2002001|"importoimporto #1"|18|43|3921.05
1002001|"importoamalg #1"|18|26|3918.04
4004002|"edu packedu pack #2"|19|39|3917.55
7010003|"univnameless #3"|17|55|3914.40
5002001|"importoscholar #1"|8|11|3914.06
6012007|"importobrand #7"|19|30|3913.60
10003014|"exportiunivamalg #14"|17|8|3913.24
10008013|"namelessunivamalg #13"|17|37|3911.18
10008009|"namelessunivamalg #9"|18|52|3909.50
6015006|"scholarbrand #6"|17|39|3909.35
10012004|"importoamalgamalg #4"|17|37|3903.90
7007005|"brandbrand #5"|18|57|3903.12
3003001|"exportiexporti #1"|19|51|3900.48
2001002|"amalgimporto #2"|9|45|3900.43
6001008|"amalgcorp #8"|9|15|3899.28
1002002|"importoamalg #2"|9|19|3898.36
10013003|"exportiamalgamalg #3"|6|40|3897.74
5004001|"edu packscholar #1"|9|6|3893.76
8008005|"namelessnameless #5"|18|0|3892.80
4001001|"amalgedu pack #1"|7|17|3892.61
7005010|"scholarbrand #10"|7|27|3892.03
1001001|"amalgamalg #1"|9|50|3890.64
10012004|"importoamalgamalg #4"|18|44|3890.64
1001001|"amalgamalg #1"|18|35|3889.80
1004001|"edu packamalg #1"|19|3|3887.90
4003002|"exportiedu pack #2"|9|23|3886.12
6008003|"namelesscorp #3"|17|30|3885.16
9001005|"amalgmaxi #5"|8|0|3882.78
2001002|"amalgimporto #2"|19|50|3880.48
7014001|"edu packnameless #1"|18|3|3878.82
9011009|"amalgunivamalg #9"|17|25|3878.22
1001002|"amalgamalg #2"|17|54|3875.76
1003002|"exportiamalg #2"|17|7|3873.00
4001001|"amalgedu pack #1"|18|36|3872.53
9001005|"amalgmaxi #5"|7|50|3869.44
7012010|"importonameless #10"|19|14|3867.93
6013006|"exportibrand #6"|9|57|3867.80
10006002|"corpunivamalg #2"|9|25|3866.94
7010004|"univnameless #4"|9|55|3866.55
5003001|"exportischolar #1"|19|22|3863.99
1001001|"amalgamalg #1"|17|52|3863.40
10009015|"maxiunivamalg #15"|18|12|3862.10
5004001|"edu packscholar #1"|19|19|3861.56
8010008|"univmaxi #8"|9|46|3861.21
8016001|"corpmaxi #1"|9|33|3860.97
6006003|"corpcorp #3"|18|17|3860.34
5001001|"amalgscholar #1"|9|49|3859.50
10013003|"exportiamalgamalg #3"|19|8|3859.28
9014008|"edu packunivamalg #8"|8|33|3858.26
1003002|"exportiamalg #2"|9|7|3856.18
10007015|"brandunivamalg #15"|17|4|3856.18
2003002|"exportiimporto #2"|9|1|3848.20
6008003|"namelesscorp #3"|19|26|3846.40
2002001|"importoimporto #1"|19|4|3843.65
8007001|"brandnameless #1"|9|2|3840.00
8012005|"importomaxi #5"|17|42|3837.32
6009003|"maxicorp #3"|6|40|3834.46
7013007|"exportinameless #7"|6|41|3831.00
1004001|"edu packamalg #1"|19|4|3829.68
1001002|"amalgamalg #2"|19|4|3826.76
2002002|"importoimporto #2"|9|17|3824.80
3002002|"importoexporti #2"|9|16|3823.20
6011001|"amalgbrand #1"|6|31|3819.40
3002001|"importoexporti #1"|9|38|3816.96
9010009|"univunivamalg #9"|6|2|3816.68
2004001|"edu packimporto #1"|17|14|3815.90
10003004|"exportiunivamalg #4"|18|23|3815.28
3004001|"edu packexporti #1"|19|42|3814.80
9015002|"scholarunivamalg #2"|19|24|3812.38
7002009|"importobrand #9"|18|26|3811.87
1004002|"edu packamalg #2"|8|15|3809.68
4001001|"amalgedu pack #1"|17|44|3809.11
10005013|"scholarunivamalg #13"|19|8|3808.32
1004002|"edu packamalg #2"|19|49|3806.27
5003002|"exportischolar #2"|17|10|3805.49
1004002|"edu packamalg #2"|19|42|3804.48
8007001|"brandnameless #1"|17|52|3800.52
10014010|"edu packamalgamalg #10"|19|4|3799.50
4002002|"importoedu pack #2"|19|31|3796.32
2001002|"amalgimporto #2"|19|26|3795.18
6008005|"namelesscorp #5"|17|15|3793.65
3003001|"exportiexporti #1"|9|43|3793.20
8016004|"corpmaxi #4"|19|23|3792.87
7001005|"amalgbrand #5"|8|11|3792.15
1004001|"edu packamalg #1"|9|18|3787.41
3003001|"exportiexporti #1"|8|57|3787.20
8006008|"corpnameless #8"|17|6|3786.75
3003001|"exportiexporti #1"|18|29|3785.60
6011007|"amalgbrand #7"|19|31|3784.69
10016003|"corpamalgamalg #3"|7|13|3783.39
9003005|"exportimaxi #5"|18|24|3780.39
4004001|"edu packedu pack #1"|9|18|3776.24
3002001|"importoexporti #1"|17|8|3776.05
9004008|"edu packmaxi #8"|18|15|3770.60
1004001|"edu packamalg #1"|18|15|3768.39
1003001|"exportiamalg #1"|18|50|3765.86
6003007|"exporticorp #7"|9|12|3765.71
2004001|"edu packimporto #1"|8|44|3764.54
9013002|"exportiunivamalg #2"|17|1|3763.98
8004001|"edu packnameless #1"|19|12|3758.03
2002001|"importoimporto #1"|8|13|3757.65
9003008|"exportimaxi #8"|17|33|3757.32
6015007|"scholarbrand #7"|17|33|3755.58
2004001|"edu packimporto #1"|9|34|3753.60
7013001|"exportinameless #1"|19|35|3751.54
4003001|"exportiedu pack #1"|19|56|3750.34
1003001|"exportiamalg #1"|7|22|3750.30
1002001|"importoamalg #1"|17|19|3747.96
3002001|"importoexporti #1"|18|42|3746.22
9016005|"corpunivamalg #5"|9|37|3739.30
3001001|"amalgexporti #1"|9|37|3738.25
6001008|"amalgcorp #8"|8|15|3738.24
1003002|"exportiamalg #2"|17|14|3738.10
8003009|"exportinameless #9"|9|41|3735.94
8007010|"brandnameless #10"|9|35|3735.60
10013003|"exportiamalgamalg #3"|17|8|3735.52
4004002|"edu packedu pack #2"|8|31|3735.24
3001002|"amalgexporti #2"|18|18|3734.58
6011008|"amalgbrand #8"|17|58|3734.11
9007011|"brandmaxi #11"|19|42|3733.20
1003001|"exportiamalg #1"|19|35|3731.40
4001002|"amalgedu pack #2"|9|23|3730.86
10012005|"importoamalgamalg #5"|17|58|3729.92
3004001|"edu packexporti #1"|17|53|3726.24
4004001|"edu packedu pack #1"|17|2|3725.15
5003001|"exportischolar #1"|8|16|3723.20
1003001|"exportiamalg #1"|18|9|3722.60
10012005|"importoamalgamalg #5"|18|21|3721.95
4004002|"edu packedu pack #2"|8|39|3721.89
8004009|"edu packnameless #9"|17|17|3717.00
5001001|"amalgscholar #1"|18|18|3716.74
6012001|"importobrand #1"|19|38|3716.65
3002001|"importoexporti #1"|9|48|3714.80
4003002|"exportiedu pack #2"|17|54|3714.20
3003002|"exportiexporti #2"|18|40|3713.78
2003002|"exportiimporto #2"|18|20|3712.32
4003001|"exportiedu pack #1"|8|50|3710.07
1002002|"importoamalg #2"|17|35|3708.60
8014004|"edu packmaxi #4"|9|27|3708.00
5003001|"exportischolar #1"|17|56|3705.02
9014002|"edu packunivamalg #2"|17|36|3703.88
9015011|"scholarunivamalg #11"|7|6|3702.60
8010009|"univmaxi #9"|18|50|3700.00
3004001|"edu packexporti #1"|7|56|3699.01
9012011|"importounivamalg #11"|9|29|3698.35
1001002|"amalgamalg #2"|18|54|3698.01
3003001|"exportiexporti #1"|18|33|3698.00
6012001|"importobrand #1"|18|31|3697.24
10012001|"importoamalgamalg #1"|17|42|3695.56
5001002|"amalgscholar #2"|18|4|3693.87
9008002|"namelessmaxi #2"|19|8|3693.71
1003002|"exportiamalg #2"|9|15|3692.28
2002001|"importoimporto #1"|19|28|3690.23
8008007|"namelessnameless #7"|8|5|3684.56
5003001|"exportischolar #1"|17|24|3683.88
4001001|"amalgedu pack #1"|9|14|3677.84
10002007|"importounivamalg #7"|17|45|3676.48
7012005|"importonameless #5"|6|50|3674.41
1001002|"amalgamalg #2"|8|17|3670.32
1001001|"amalgamalg #1"|17|7|3669.30
4002001|"importoedu pack #1"|19|27|3668.13
1002002|"importoamalg #2"|17|9|3665.48
10016009|"corpamalgamalg #9"|6|5|3665.20
6015005|"scholarbrand #5"|18|51|3664.60
9011008|"amalgunivamalg #8"|17|38|3664.13
5002001|"importoscholar #1"|18|10|3664.02
9007011|"brandmaxi #11"|18|23|3655.86
4004002|"edu packedu pack #2"|17|7|3655.44
6015005|"scholarbrand #5"|17|54|3654.20
5003002|"exportischolar #2"|8|46|3651.42
5004001|"edu packscholar #1"|17|59|3649.28
4002001|"importoedu pack #1"|19|22|3646.08
10002011|"importounivamalg #11"|9|50|3645.20
5004002|"edu packscholar #2"|6|44|3643.10
5004001|"edu packscholar #1"|9|12|3641.40
4001002|"amalgedu pack #2"|17|1|3640.21
9016009|"corpunivamalg #9"|18|22|3639.52
4003002|"exportiedu pack #2"|17|50|3639.09
7012005|"importonameless #5"|9|21|3637.93
6015004|"scholarbrand #4"|17|39|3637.15
7004009|"edu packbrand #9"|19|45|3635.25
8010009|"univmaxi #9"|17|7|3634.99
10016008|"corpamalgamalg #8"|19|22|3634.40
8004004|"edu packnameless #4"|17|7|3633.65
7006005|"corpbrand #5"|17|29|3632.22
10007014|"brandunivamalg #14"|8|2|3631.05
7007010|"brandbrand #10"|17|30|3630.44
8009005|"maxinameless #5"|7|53|3629.76
1003002|"exportiamalg #2"|17|1|3629.38
7015002|"scholarnameless #2"|19|26|3628.34
4002001|"importoedu pack #1"|18|52|3627.69
7002008|"importobrand #8"|18|35|3626.51
10016003|"corpamalgamalg #3"|17|46|3625.92
2002001|"importoimporto #1"|17|21|3625.50
10013003|"exportiamalgamalg #3"|9|48|3624.96
9015011|"scholarunivamalg #11"|18|20|3624.63
5004001|"edu packscholar #1"|18|15|3624.39
6012005|"importobrand #5"|8|52|3617.13
2001001|"amalgimporto #1"|19|10|3617.02
5003001|"exportischolar #1"|19|55|3615.92
7013007|"exportinameless #7"|17|16|3614.24
7016007|"corpnameless #7"|6|24|3614.22
9003005|"exportimaxi #5"|19|2|3613.48
8006009|"corpnameless #9"|8|3|3608.09
6015008|"scholarbrand #8"|8|12|3606.61
1003002|"exportiamalg #2"|9|37|3605.71
10015012|"scholaramalgamalg #12"|19|48|3603.60
7006005|"corpbrand #5"|6|53|3602.04
8009003|"maxinameless #3"|18|37|3601.26
10006017|"corpunivamalg #17"|17|4|3600.88
5003001|"exportischolar #1"|17|20|3600.00
1001002|"amalgamalg #2"|19|37|3599.10
6008005|"namelesscorp #5"|8|3|3598.40
8012005|"importomaxi #5"|17|38|3596.32
10001017|"amalgunivamalg #17"|17|47|3595.97
10012004|"importoamalgamalg #4"|17|45|3595.20
6001008|"amalgcorp #8"|18|20|3594.90
2004002|"edu packimporto #2"|18|30|3594.56
8010001|"univmaxi #1"|18|57|3593.24
9012005|"importounivamalg #5"|9|16|3592.33
3001001|"amalgexporti #1"|9|39|3592.16
8004003|"edu packnameless #3"|17|53|3591.70
9012003|"importounivamalg #3"|17|34|3591.00
3002001|"importoexporti #1"|19|8|3590.16
8007005|"brandnameless #5"|8|0|3587.94
4004002|"edu packedu pack #2"|17|9|3585.55
10004015|"edu packunivamalg #15"|17|27|3585.24
6001001|"amalgcorp #1"|9|55|3584.16
3004002|"edu packexporti #2"|6|4|3580.64
1002001|"importoamalg #1"|17|24|3579.84
6005001|"scholarcorp #1"|9|45|3578.12
9009002|"maximaxi #2"|9|44|3577.65
6015004|"scholarbrand #4"|17|15|3577.30
1004002|"edu packamalg #2"|19|43|3575.64
7004004|"edu packbrand #4"|17|19|3572.24
8008004|"namelessnameless #4"|18|44|3569.60
3003002|"exportiexporti #2"|17|44|3567.73
7001005|"amalgbrand #5"|8|56|3566.70
3001001|"amalgexporti #1"|9|23|3566.64
2004001|"edu packimporto #1"|18|37|3563.90
9012008|"importounivamalg #8"|19|57|3563.28
10016009|"corpamalgamalg #9"|19|38|3563.19
7004006|"edu packbrand #6"|19|34|3559.96
6002001|"importocorp #1"|6|24|3559.68
6004004|"edu packcorp #4"|18|7|3559.08
3001001|"amalgexporti #1"|17|17|3559.00
10009009|"maxiunivamalg #9"|9|49|3554.71
9002003|"importomaxi #3"|18|53|3554.32
9006009|"corpmaxi #9"|8|53|3550.20
1001001|"amalgamalg #1"|18|56|3548.95
9016009|"corpunivamalg #9"|9|54|3547.26
6016003|"corpbrand #3"|19|16|3546.91
5004002|"edu packscholar #2"|19|39|3546.60
6005007|"scholarcorp #7"|17|34|3545.93
8011008|"amalgmaxi #8"|17|50|3543.88
1002001|"importoamalg #1"|19|52|3543.68
7015002|"scholarnameless #2"|19|29|3541.95
4004001|"edu packedu pack #1"|8|21|3534.64
5002002|"importoscholar #2"|9|15|3531.74
10014016|"edu packamalgamalg #16"|17|37|3527.94
7003003|"exportibrand #3"|19|48|3527.64
1004001|"edu packamalg #1"|19|53|3526.40
8016006|"corpmaxi #6"|17|5|3525.75
9004008|"edu packmaxi #8"|19|2|3524.16
3001001|"amalgexporti #1"|19|30|3523.52
2003002|"exportiimporto #2"|19|40|3523.44
10006013|"corpunivamalg #13"|19|50|3523.02
3003002|"exportiexporti #2"|18|45|3519.88
8008007|"namelessnameless #7"|19|41|3519.36
2002001|"importoimporto #1"|6|42|3517.47
7007010|"brandbrand #10"|9|9|3516.92
9003005|"exportimaxi #5"|18|30|3514.50
3001002|"amalgexporti #2"|17|22|3513.92
3004001|"edu packexporti #1"|17|0|3513.60
3001001|"amalgexporti #1"|18|27|3512.76
10006017|"corpunivamalg #17"|9|31|3512.64
4002001|"importoedu pack #1"|9|34|3511.71
3001001|"amalgexporti #1"|18|8|3508.01
8005009|"scholarnameless #9"|17|29|3506.25
5004002|"edu packscholar #2"|18|29|3505.50
9004011|"edu packmaxi #11"|9|27|3502.80
7010010|"univnameless #10"|17|46|3501.68
7012009|"importonameless #9"|19|9|3500.50
7003005|"exportibrand #5"|19|33|3499.80
3004001|"edu packexporti #1"|19|45|3499.18
8015005|"scholarmaxi #5"|19|11|3496.67
4003001|"exportiedu pack #1"|8|19|3496.26
3004002|"edu packexporti #2"|18|3|3495.80
5002002|"importoscholar #2"|8|18|3490.48
9006011|"corpmaxi #11"|17|33|3489.88
9015011|"scholarunivamalg #11"|8|34|3489.60
6016008|"corpbrand #8"|19|14|3487.33
9003005|"exportimaxi #5"|8|46|3486.76
3001002|"amalgexporti #2"|19|12|3484.39
7014009|"edu packnameless #9"|8|3|3482.54
3004002|"edu packexporti #2"|9|25|3481.06
2001001|"amalgimporto #1"|17|3|3480.17
1001001|"amalgamalg #1"|8|38|3479.13
3004002|"edu packexporti #2"|18|24|3478.82
10009017|"maxiunivamalg #17"|9|58|3475.21
2004002|"edu packimporto #2"|19|3|3474.44
6001001|"amalgcorp #1"|18|1|3474.00
10005013|"scholarunivamalg #13"|18|4|3473.95
4004001|"edu packedu pack #1"|9|19|3472.35
6014001|"edu packbrand #1"|18|5|3471.88
7001004|"amalgbrand #4"|18|51|3469.95
1004001|"edu packamalg #1"|6|41|3469.80
2001002|"amalgimporto #2"|6|42|3468.00
4002002|"importoedu pack #2"|17|0|3467.85
5001002|"amalgscholar #2"|19|49|3466.17
5003002|"exportischolar #2"|19|41|3466.08
1004002|"edu packamalg #2"|18|57|3465.50
10004015|"edu packunivamalg #15"|9|7|3463.76
6015005|"scholarbrand #5"|19|47|3462.56
2003001|"exportiimporto #1"|8|3|3459.20
6004004|"edu packcorp #4"|8|23|3456.00
9007003|"brandmaxi #3"|19|0|3455.20
10015009|"scholaramalgamalg #9"|8|34|3454.72
9004008|"edu packmaxi #8"|18|57|3453.84
10009006|"maxiunivamalg #6"|9|47|3453.45
9008008|"namelessmaxi #8"|18|10|3446.85
10007002|"brandunivamalg #2"|18|8|3443.88
7015003|"scholarnameless #3"|19|17|3443.31
7007010|"brandbrand #10"|9|17|3443.22
4001001|"amalgedu pack #1"|18|15|3442.14
9015009|"scholarunivamalg #9"|6|40|3440.49
1001002|"amalgamalg #2"|18|44|3440.34
4001001|"amalgedu pack #1"|17|28|3439.38
3003001|"exportiexporti #1"|19|50|3435.82
8009009|"maxinameless #9"|8|2|3435.28
6008002|"namelesscorp #2"|19|9|3435.00
10009009|"maxiunivamalg #9"|17|6|3434.42
4001001|"amalgedu pack #1"|18|9|3434.34
3004002|"edu packexporti #2"|19|48|3432.75
7001005|"amalgbrand #5"|17|28|3427.60
3004002|"edu packexporti #2"|19|23|3427.20
6011001|"amalgbrand #1"|19|36|3427.20
6010005|"univbrand #5"|9|36|3426.72
9002003|"importomaxi #3"|18|26|3426.15
2002002|"importoimporto #2"|19|45|3424.50
4004001|"edu packedu pack #1"|9|25|3421.15
3004001|"edu packexporti #1"|18|47|3420.85
6012004|"importobrand #4"|19|11|3420.69
3001002|"amalgexporti #2"|19|5|3418.20
10008009|"namelessunivamalg #9"|19|17|3417.75
10012010|"importoamalgamalg #10"|17|6|3416.51
2001001|"amalgimporto #1"|19|18|3415.33
2001001|"amalgimporto #1"|9|19|3415.02
10009008|"maxiunivamalg #8"|9|16|3412.64
1004001|"edu packamalg #1"|9|54|3411.00
5002002|"importoscholar #2"|7|33|3410.40
3002001|"importoexporti #1"|18|27|3409.02
5004002|"edu packscholar #2"|19|11|3409.00
7013001|"exportinameless #1"|18|55|3408.99
7003002|"exportibrand #2"|17|22|3408.60
5003001|"exportischolar #1"|9|35|3407.58
10013003|"exportiamalgamalg #3"|17|23|3406.18
8008009|"namelessnameless #9"|9|9|3405.94
8004005|"edu packnameless #5"|19|39|3401.95
5001002|"amalgscholar #2"|18|27|3401.06
3003001|"exportiexporti #1"|18|12|3400.56
4001001|"amalgedu pack #1"|19|31|3399.84
10009013|"maxiunivamalg #13"|9|27|3399.75
1002001|"importoamalg #1"|18|41|3399.65
10004017|"edu packunivamalg #17"|18|54|3399.40
7009001|"maxibrand #1"|9|26|3392.82
2004002|"edu packimporto #2"|17|15|3391.33
7012003|"importonameless #3"|6|55|3391.26
10015009|"scholaramalgamalg #9"|18|38|3390.00
6002005|"importocorp #5"|6|47|3388.11
5001001|"amalgscholar #1"|17|22|3387.60
7001001|"amalgbrand #1"|18|39|3387.34
9013008|"exportiunivamalg #8"|8|40|3387.20
10006008|"corpunivamalg #8"|17|51|3386.46
4004001|"edu packedu pack #1"|8|33|3385.20
10002012|"importounivamalg #12"|18|18|3384.92
2004002|"edu packimporto #2"|9|39|3384.00
6003003|"exporticorp #3"|17|3|3382.28
10009015|"maxiunivamalg #15"|8|9|3382.20
3001001|"amalgexporti #1"|9|44|3381.18
6011003|"amalgbrand #3"|9|18|3381.00
4002001|"importoedu pack #1"|8|33|3380.96
9012011|"importounivamalg #11"|19|21|3380.19
1001002|"amalgamalg #2"|17|28|3379.63
10005010|"scholarunivamalg #10"|9|25|3378.24
1003001|"exportiamalg #1"|17|33|3376.24
10016001|"corpamalgamalg #1"|8|37|3370.63
10016001|"corpamalgamalg #1"|17|43|3369.84
6009004|"maxicorp #4"|18|37|3368.22
2003002|"exportiimporto #2"|17|35|3367.44
7016005|"corpnameless #5"|19|57|3366.48
8002009|"importonameless #9"|18|24|3363.31
7006003|"corpbrand #3"|18|48|3363.12
5003001|"exportischolar #1"|18|10|3362.19
1003002|"exportiamalg #2"|8|10|3360.34
6008003|"namelesscorp #3"|18|10|3359.01
3004001|"edu packexporti #1"|19|21|3359.00
6015005|"scholarbrand #5"|9|7|3358.92
1001001|"amalgamalg #1"|9|11|3357.97
8009005|"maxinameless #5"|17|39|3356.92
4002001|"importoedu pack #1"|9|27|3356.37
10012005|"importoamalgamalg #5"|17|8|3354.75
6012004|"importobrand #4"|18|56|3354.64
10014007|"edu packamalgamalg #7"|18|28|3353.56
2004002|"edu packimporto #2"|18|21|3352.94
6006003|"corpcorp #3"|17|49|3352.80
6011007|"amalgbrand #7"|18|24|3352.32
6016003|"corpbrand #3"|18|52|3350.10
7004001|"edu packbrand #1"|19|38|3349.00
2004001|"edu packimporto #1"|8|35|3346.50
8004001|"edu packnameless #1"|8|7|3346.40
5004001|"edu packscholar #1"|17|47|3346.20
10013003|"exportiamalgamalg #3"|6|38|3346.20
9009009|"maximaxi #9"|9|39|3345.54
2003001|"exportiimporto #1"|17|11|3342.82
1004001|"edu packamalg #1"|9|10|3342.59
5001002|"amalgscholar #2"|9|48|3340.80
8004009|"edu packnameless #9"|6|7|3340.00
8003007|"exportinameless #7"|19|41|3339.16
4001002|"amalgedu pack #2"|18|46|3338.88
7013009|"exportinameless #9"|17|29|3337.00
4004001|"edu packedu pack #1"|17|9|3334.17
10016004|"corpamalgamalg #4"|19|40|3334.12
4004001|"edu packedu pack #1"|17|5|3333.01
6002001|"importocorp #1"|19|42|3332.68
6008003|"namelesscorp #3"|17|21|3328.29
6009002|"maxicorp #2"|7|49|3327.85
6014002|"edu packbrand #2"|8|4|3326.94
3002001|"importoexporti #1"|18|2|3325.87
2003002|"exportiimporto #2"|18|38|3323.70
7004009|"edu packbrand #9"|17|13|3322.48
2003002|"exportiimporto #2"|17|15|3320.82
4001001|"amalgedu pack #1"|19|0|3320.18
7005007|"scholarbrand #7"|17|7|3318.10
3003002|"exportiexporti #2"|19|56|3317.38
7009009|"maxibrand #9"|18|27|3316.32
6003003|"exporticorp #3"|17|56|3311.50
2003001|"exportiimporto #1"|17|56|3311.48
4004002|"edu packedu pack #2"|18|31|3310.38
2001002|"amalgimporto #2"|17|58|3310.15
2002001|"importoimporto #1"|9|9|3306.55
10007005|"brandunivamalg #5"|18|44|3306.24
1001002|"amalgamalg #2"|8|35|3305.80
4003001|"exportiedu pack #1"|9|57|3304.28
7001009|"amalgbrand #9"|17|59|3301.50
10010007|"univamalgamalg #7"|18|24|3301.02
6001002|"amalgcorp #2"|19|30|3300.48
5001001|"amalgscholar #1"|8|52|3297.66
5003001|"exportischolar #1"|9|0|3297.16
2003001|"exportiimporto #1"|8|50|3296.78
6008007|"namelesscorp #7"|8|22|3295.36
8007007|"brandnameless #7"|9|39|3292.74
7011001|"amalgnameless #1"|18|19|3292.26
9011009|"amalgunivamalg #9"|18|18|3290.04
3001001|"amalgexporti #1"|8|16|3286.98
3002001|"importoexporti #1"|19|41|3285.05
9015002|"scholarunivamalg #2"|19|37|3283.69
2001001|"amalgimporto #1"|17|35|3282.56
8004003|"edu packnameless #3"|18|48|3281.85
3004001|"edu packexporti #1"|9|19|3281.22
2002002|"importoimporto #2"|18|10|3280.99
9001003|"amalgmaxi #3"|6|43|3280.32
8016009|"corpmaxi #9"|19|13|3280.20
10015003|"scholaramalgamalg #3"|8|31|3279.50
6001002|"amalgcorp #2"|8|29|3278.64
1001001|"amalgamalg #1"|6|36|3276.00
7012003|"importonameless #3"|18|8|3275.10
10007014|"brandunivamalg #14"|17|41|3274.02
3004002|"edu packexporti #2"|18|39|3273.42
3002001|"importoexporti #1"|18|49|3270.33
4002001|"importoedu pack #1"|9|38|3269.14
5004001|"edu packscholar #1"|18|36|3267.75
1003002|"exportiamalg #2"|9|8|3267.44
5001002|"amalgscholar #2"|18|21|3266.97
6005007|"scholarcorp #7"|18|38|3264.58
2001002|"amalgimporto #2"|9|8|3263.13
9009002|"maximaxi #2"|9|38|3262.08
1001002|"amalgamalg #2"|6|25|3261.51
4003001|"exportiedu pack #1"|17|55|3261.10
10006017|"corpunivamalg #17"|19|16|3257.45
9009009|"maximaxi #9"|6|28|3256.26
5004001|"edu packscholar #1"|9|21|3255.89
2001002|"amalgimporto #2"|19|59|3253.25
7005007|"scholarbrand #7"|9|1|3250.50
2001002|"amalgimporto #2"|19|28|3248.97
1003002|"exportiamalg #2"|9|0|3246.32
3003001|"exportiexporti #1"|17|47|3245.97
6014006|"edu packbrand #6"|17|54|3245.70
8013009|"exportimaxi #9"|19|5|3243.15
8010009|"univmaxi #9"|8|36|3241.50
10006017|"corpunivamalg #17"|19|3|3239.30
5003002|"exportischolar #2"|9|9|3238.86
4004001|"edu packedu pack #1"|9|13|3237.90
7003001|"exportibrand #1"|9|3|3236.85
4004001|"edu packedu pack #1"|17|33|3236.17
4002002|"importoedu pack #2"|17|42|3234.60
10007015|"brandunivamalg #15"|9|49|3233.70
4002001|"importoedu pack #1"|19|24|3233.16
8005006|"scholarnameless #6"|18|40|3231.36
2004002|"edu packimporto #2"|18|8|3227.96
7006001|"corpbrand #1"|9|55|3227.89
8004009|"edu packnameless #9"|19|38|3227.84
8015006|"scholarmaxi #6"|17|0|3227.10
7016001|"corpnameless #1"|19|25|3226.41
10012005|"importoamalgamalg #5"|17|30|3225.53
4003001|"exportiedu pack #1"|8|39|3225.30
8016004|"corpmaxi #4"|9|52|3225.07
4002001|"importoedu pack #1"|7|42|3222.48
7007004|"brandbrand #4"|18|21|3222.18
4003002|"exportiedu pack #2"|6|40|3219.65
10002012|"importounivamalg #12"|7|43|3219.04
8009005|"maxinameless #5"|19|19|3218.44
7016007|"corpnameless #7"|18|16|3217.20
10006003|"corpunivamalg #3"|19|27|3217.11
9015011|"scholarunivamalg #11"|17|58|3216.25
10008013|"namelessunivamalg #13"|18|58|3213.09
5001001|"amalgscholar #1"|18|23|3212.22
9014011|"edu packunivamalg #11"|19|55|3209.60
10012001|"importoamalgamalg #1"|17|13|3209.48
10015012|"scholaramalgamalg #12"|19|53|3208.80
7001001|"amalgbrand #1"|9|55|3208.49
4004002|"edu packedu pack #2"|18|8|3207.90
5001002|"amalgscholar #2"|19|3|3207.39
3001002|"amalgexporti #2"|17|11|3207.09
9007003|"brandmaxi #3"|18|11|3205.80
4002001|"importoedu pack #1"|19|17|3204.66
3003001|"exportiexporti #1"|17|41|3204.48
10016003|"corpamalgamalg #3"|17|7|3204.36
6013006|"exportibrand #6"|17|41|3202.92
6006007|"corpcorp #7"|19|52|3200.70
6016005|"corpbrand #5"|8|46|3199.50
8003003|"exportinameless #3"|18|59|3199.40
1003001|"exportiamalg #1"|17|48|3196.15
10013003|"exportiamalgamalg #3"|9|7|3192.71
6008005|"namelesscorp #5"|18|43|3192.30
7009005|"maxibrand #5"|19|12|3190.13
1003001|"exportiamalg #1"|8|43|3190.08
6008007|"namelesscorp #7"|17|50|3188.12
8010005|"univmaxi #5"|18|30|3187.34
7006004|NULL|19|12|3184.35
6005008|"scholarcorp #8"|8|15|3183.78
8006008|"corpnameless #8"|18|9|3183.60
6011008|"amalgbrand #8"|17|30|3183.59
10006013|"corpunivamalg #13"|18|12|3181.36
9013009|"exportiunivamalg #9"|19|53|3180.56
10008015|"namelessunivamalg #15"|8|11|3179.54
NULL|NULL|19|33|3176.91
2001001|"amalgimporto #1"|18|25|3174.60
7003005|"exportibrand #5"|9|4|3174.60
3001001|"amalgexporti #1"|19|42|3173.69
6011008|"amalgbrand #8"|17|15|3171.24
2002001|"importoimporto #1"|19|39|3170.44
2004002|"edu packimporto #2"|17|1|3169.88
10010011|"univamalgamalg #11"|18|14|3168.96
2002001|"importoimporto #1"|17|30|3164.72
9014008|"edu packunivamalg #8"|9|42|3162.37
3002001|"importoexporti #1"|17|51|3157.54
4004001|"edu packedu pack #1"|17|20|3156.84
10011004|"amalgamalgamalg #4"|6|3|3155.40
4002002|"importoedu pack #2"|18|0|3153.68
7001009|"amalgbrand #9"|18|6|3152.14
3004002|"edu packexporti #2"|18|8|3151.68
8015005|"scholarmaxi #5"|8|32|3149.28
1001001|"amalgamalg #1"|19|36|3148.82
7009005|"maxibrand #5"|17|33|3148.40
7008009|"namelessbrand #9"|17|39|3146.22
3003002|"exportiexporti #2"|18|38|3144.00
6011008|"amalgbrand #8"|18|59|3142.80
2003001|"exportiimporto #1"|17|55|3142.41
6012008|"importobrand #8"|17|22|3141.54
4001001|"amalgedu pack #1"|9|7|3140.33
4004001|"edu packedu pack #1"|18|31|3136.42
5002002|"importoscholar #2"|19|55|3136.14
6003007|"exporticorp #7"|8|42|3134.80
8005008|"scholarnameless #8"|8|31|3134.34
1001002|"amalgamalg #2"|7|12|3132.15
6011003|"amalgbrand #3"|18|32|3131.10
10005001|"scholarunivamalg #1"|19|49|3130.72
2004002|"edu packimporto #2"|18|34|3127.65
10004015|"edu packunivamalg #15"|17|51|3125.44
6015005|"scholarbrand #5"|8|31|3125.24
6008002|"namelesscorp #2"|17|5|3125.13
7012010|"importonameless #10"|9|40|3124.80
5003002|"exportischolar #2"|17|33|3123.40
6004004|"edu packcorp #4"|9|46|3122.84
10016004|"corpamalgamalg #4"|8|31|3122.68
9007003|"brandmaxi #3"|8|54|3122.24
7002009|"importobrand #9"|19|47|3120.75
9015011|"scholarunivamalg #11"|17|45|3120.15
9013008|"exportiunivamalg #8"|7|52|3119.76
9007005|"brandmaxi #5"|18|40|3118.92
1004002|"edu packamalg #2"|17|49|3118.54
9012008|"importounivamalg #8"|8|2|3117.00
5004001|"edu packscholar #1"|17|54|3116.10
5002001|"importoscholar #1"|18|45|3115.03
9003008|"exportimaxi #8"|19|49|3114.24
9016003|"corpunivamalg #3"|17|16|3109.52
4003001|"exportiedu pack #1"|8|47|3108.45
9012008|"importounivamalg #8"|7|0|3107.50
2004002|"edu packimporto #2"|6|26|3106.32
1003001|"exportiamalg #1"|17|16|3103.74
6003007|"exporticorp #7"|9|57|3103.10
6016003|"corpbrand #3"|6|39|3103.10
9003005|"exportimaxi #5"|19|44|3102.48
3004001|"edu packexporti #1"|19|8|3101.04
5002001|"importoscholar #1"|17|46|3100.95
2001001|"amalgimporto #1"|7|7|3098.56
6015005|"scholarbrand #5"|8|14|3096.01
6009004|"maxicorp #4"|19|17|3095.33
3004001|"edu packexporti #1"|18|55|3094.53
8007005|"brandnameless #5"|19|4|3094.18
6008007|"namelesscorp #7"|17|27|3093.72
3004001|"edu packexporti #1"|17|51|3091.90
5002002|"importoscholar #2"|17|26|3090.24
2004001|"edu packimporto #1"|18|3|3089.55
1004002|"edu packamalg #2"|17|36|3088.84
6015005|"scholarbrand #5"|17|28|3082.10
1003002|"exportiamalg #2"|8|53|3081.60
8010005|"univmaxi #5"|8|20|3080.70
8011007|"amalgmaxi #7"|9|8|3078.81
6012002|"importobrand #2"|18|6|3077.05
8012010|"importomaxi #10"|8|4|3075.98
10006017|"corpunivamalg #17"|19|10|3070.60
9011008|"amalgunivamalg #8"|8|24|3070.40
6016003|"corpbrand #3"|18|41|3068.70
6003008|"exporticorp #8"|18|3|3068.63
5002001|"importoscholar #1"|6|26|3068.00
9012011|"importounivamalg #11"|19|20|3067.20
2003001|"exportiimporto #1"|19|59|3066.80
6014007|"edu packbrand #7"|9|2|3065.92
2004002|"edu packimporto #2"|19|23|3065.16
8009010|"maxinameless #10"|19|18|3064.32
9002011|"importomaxi #11"|9|31|3063.60
5001001|"amalgscholar #1"|19|41|3059.84
10016001|"corpamalgamalg #1"|19|17|3055.41
9004003|"edu packmaxi #3"|8|10|3053.50
7001005|"amalgbrand #5"|18|20|3052.70
7016001|"corpnameless #1"|9|14|3051.00
9008011|"namelessmaxi #11"|17|57|3050.61
1002002|"importoamalg #2"|9|18|3050.08
7013009|"exportinameless #9"|19|2|3049.92
8008009|"namelessnameless #9"|18|29|3047.22
3003002|"exportiexporti #2"|17|5|3045.87
4004001|"edu packedu pack #1"|9|34|3045.14
7016001|"corpnameless #1"|17|43|3043.82
9008002|"namelessmaxi #2"|19|33|3043.56
3002002|"importoexporti #2"|18|28|3042.72
5001002|"amalgscholar #2"|19|50|3042.60
6015004|"scholarbrand #4"|19|13|3042.20
8003009|"exportinameless #9"|6|20|3039.66
7002009|"importobrand #9"|9|20|3039.20
9009002|"maximaxi #2"|8|25|3036.10
10002011|"importounivamalg #11"|17|43|3034.56
5001002|"amalgscholar #2"|19|43|3034.50
9014005|"edu packunivamalg #5"|9|52|3034.37
3002001|"importoexporti #1"|9|45|3032.16
2002001|"importoimporto #1"|18|42|3031.12
9002003|"importomaxi #3"|17|23|3030.31
8005003|"scholarnameless #3"|17|50|3029.40
6011001|"amalgbrand #1"|8|21|3029.18
2001002|"amalgimporto #2"|6|46|3028.86
6015006|"scholarbrand #6"|18|27|3028.49
6002005|"importocorp #5"|18|36|3027.57
1001002|"amalgamalg #2"|19|23|3026.66
6003007|"exporticorp #7"|18|32|3024.42
1003001|"exportiamalg #1"|18|2|3023.76
10015010|"scholaramalgamalg #10"|17|31|3022.88
3001002|"amalgexporti #2"|8|23|3022.60
4004001|"edu packedu pack #1"|7|28|3020.64
3002001|"importoexporti #1"|18|26|3018.24
3004002|"edu packexporti #2"|8|47|3016.80
3003001|"exportiexporti #1"|9|54|3016.25
6011008|"amalgbrand #8"|9|47|3014.20
3004002|"edu packexporti #2"|17|30|3012.27
10015012|"scholaramalgamalg #12"|17|32|3011.25
3002002|"importoexporti #2"|18|30|3009.60
1001001|"amalgamalg #1"|18|40|3008.37
9006009|"corpmaxi #9"|19|20|3005.24
7009005|"maxibrand #5"|9|8|3003.12
6002003|"importocorp #3"|9|9|3001.18
8007010|"brandnameless #10"|18|32|3000.00
2003001|"exportiimporto #1"|18|24|2998.92
9006011|"corpmaxi #11"|17|48|2997.63
2003001|"exportiimporto #1"|18|36|2997.51
1003002|"exportiamalg #2"|18|59|2997.36
6008002|"namelesscorp #2"|19|0|2996.84
5003002|"exportischolar #2"|9|10|2995.70
2001002|"amalgimporto #2"|9|37|2994.30
4002002|"importoedu pack #2"|8|48|2992.30
5001002|"amalgscholar #2"|18|10|2992.18
10010004|"univamalgamalg #4"|17|46|2992.00
NULL|NULL|8|58|2991.60
10016003|"corpamalgamalg #3"|18|52|2990.88
7004006|"edu packbrand #6"|18|39|2990.13
6015004|"scholarbrand #4"|18|20|2989.36
1001001|"amalgamalg #1"|17|21|2988.92
8001003|"amalgnameless #3"|19|18|2987.60
9014008|"edu packunivamalg #8"|8|41|2987.40
3002001|"importoexporti #1"|19|26|2987.16
8003010|"exportinameless #10"|8|34|2983.37
4003002|"exportiedu pack #2"|19|43|2982.50
10002014|"importounivamalg #14"|17|23|2978.83
8002009|"importonameless #9"|9|24|2977.89
4004001|"edu packedu pack #1"|17|12|2977.15
6008003|"namelesscorp #3"|7|9|2976.70
1002002|"importoamalg #2"|17|31|2976.30
8004009|"edu packnameless #9"|8|33|2976.00
10006017|"corpunivamalg #17"|17|21|2974.55
7012003|"importonameless #3"|18|43|2974.45
3004002|"edu packexporti #2"|9|16|2973.60
8001007|"amalgnameless #7"|8|54|2970.82
10003011|"exportiunivamalg #11"|8|0|2970.60
6006007|"corpcorp #7"|18|32|2970.10
7004004|"edu packbrand #4"|7|35|2968.52
2001001|"amalgimporto #1"|8|29|2966.76
9010009|"univunivamalg #9"|18|52|2965.82
2003001|"exportiimporto #1"|18|42|2964.84
9008008|"namelessmaxi #8"|19|29|2964.53
6011008|"amalgbrand #8"|8|19|2962.96
10007005|"brandunivamalg #5"|9|43|2960.92
10009006|"maxiunivamalg #6"|8|30|2960.88
8016003|"corpmaxi #3"|18|13|2960.58
2001001|"amalgimporto #1"|18|39|2960.00
4004002|"edu packedu pack #2"|18|5|2957.50
4004002|"edu packedu pack #2"|18|38|2956.32
1004002|"edu packamalg #2"|19|10|2954.66
1001001|"amalgamalg #1"|19|0|2951.34
8006008|"corpnameless #8"|9|57|2950.22
3003002|"exportiexporti #2"|18|33|2949.30
1004001|"edu packamalg #1"|7|46|2947.77
8016003|"corpmaxi #3"|17|7|2947.49
7014002|"edu packnameless #2"|18|34|2944.08
6011007|"amalgbrand #7"|19|8|2943.90
6014002|"edu packbrand #2"|17|13|2942.68
7009005|"maxibrand #5"|17|4|2942.49
2004002|"edu packimporto #2"|17|19|2942.45
10012002|"importoamalgamalg #2"|18|46|2940.49
10016009|"corpamalgamalg #9"|17|16|2937.61
2001001|"amalgimporto #1"|7|36|2937.60
8008002|"namelessnameless #2"|9|2|2935.68
5004001|"edu packscholar #1"|18|53|2935.01
10012006|"importoamalgamalg #6"|9|59|2933.26
1001002|"amalgamalg #2"|18|29|2932.56
9006009|"corpmaxi #9"|7|9|2930.88
3004001|"edu packexporti #1"|7|28|2930.12
8008002|"namelessnameless #2"|9|0|2928.00
8010002|"univmaxi #2"|8|36|2928.00
2002002|"importoimporto #2"|18|56|2927.52
6012008|"importobrand #8"|9|54|2927.41
3004001|"edu packexporti #1"|18|0|2926.38
4003001|"exportiedu pack #1"|19|58|2921.49
10003008|"exportiunivamalg #8"|18|57|2920.60
10009001|"maxiunivamalg #1"|18|55|2920.32
4003001|"exportiedu pack #1"|8|13|2920.00
7003009|"exportibrand #9"|7|27|2919.91
5003002|"exportischolar #2"|18|15|2919.24
4002002|"importoedu pack #2"|17|9|2918.40
2004002|"edu packimporto #2"|8|48|2918.37
9001011|"amalgmaxi #11"|18|33|2916.48
4001001|"amalgedu pack #1"|8|36|2916.20
1004002|"edu packamalg #2"|9|10|2915.10
5003002|"exportischolar #2"|8|18|2910.24
5002001|"importoscholar #1"|18|35|2909.86
8008003|"namelessnameless #3"|9|45|2905.48
10007014|"brandunivamalg #14"|18|47|2904.11
7007004|"brandbrand #4"|18|52|2903.68
1002001|"importoamalg #1"|9|8|2900.67
6006004|"corpcorp #4"|19|52|2897.84
2001001|"amalgimporto #1"|9|29|2896.88
7016001|"corpnameless #1"|9|28|2896.00
1003002|"exportiamalg #2"|19|39|2895.62
8003010|"exportinameless #10"|17|58|2895.09
8008007|"namelessnameless #7"|19|24|2894.32
4002001|"importoedu pack #1"|19|37|2891.36
6006004|"corpcorp #4"|7|46|2890.80
2003001|"exportiimporto #1"|19|13|2890.03
4004002|"edu packedu pack #2"|8|27|2889.75
10010006|"univamalgamalg #6"|17|21|2889.00
10012011|"importoamalgamalg #11"|18|24|2888.95
7006008|"corpbrand #8"|17|36|2888.22
10014001|"edu packamalgamalg #1"|19|26|2887.62
2002001|"importoimporto #1"|18|1|2887.21
8004005|"edu packnameless #5"|9|3|2887.04
2004002|"edu packimporto #2"|19|45|2885.79
4002002|"importoedu pack #2"|17|48|2885.22
2004001|"edu packimporto #1"|18|26|2885.02
5004002|"edu packscholar #2"|17|16|2884.86
7013001|"exportinameless #1"|17|43|2884.86
2002001|"importoimporto #1"|19|37|2884.02
3002001|"importoexporti #1"|18|47|2883.30
1001001|"amalgamalg #1"|19|46|2881.92
2004001|"edu packimporto #1"|8|26|2880.18
9015005|"scholarunivamalg #5"|19|28|2880.06
3001001|"amalgexporti #1"|18|18|2878.40
9004008|"edu packmaxi #8"|9|54|2876.70
1002002|"importoamalg #2"|19|31|2874.30
7003001|"exportibrand #1"|18|48|2873.78
6010002|"univbrand #2"|18|6|2873.75
5002001|"importoscholar #1"|8|31|2871.12
8006003|"corpnameless #3"|9|7|2870.42
9012003|"importounivamalg #3"|6|40|2869.44
4004001|"edu packedu pack #1"|19|17|2869.00
9013008|"exportiunivamalg #8"|9|34|2868.50
2004002|"edu packimporto #2"|17|11|2867.96
2003002|"exportiimporto #2"|18|1|2867.92
5003002|"exportischolar #2"|17|6|2867.70
10014016|"edu packamalgamalg #16"|9|58|2865.24
9003003|"exportimaxi #3"|18|35|2864.05
3002001|"importoexporti #1"|17|47|2862.60
5004001|"edu packscholar #1"|18|32|2862.08
5002001|"importoscholar #1"|17|19|2860.68
8005003|"scholarnameless #3"|8|27|2857.50
7004004|"edu packbrand #4"|19|31|2856.87
4002001|"importoedu pack #1"|19|57|2856.76
6016006|"corpbrand #6"|8|33|2856.60
6001007|"amalgcorp #7"|18|29|2856.00
1001002|"amalgamalg #2"|19|52|2854.80
6003003|"exporticorp #3"|9|32|2852.52
7016001|"corpnameless #1"|9|6|2852.28
2004002|"edu packimporto #2"|8|5|2851.54
2003002|"exportiimporto #2"|8|24|2851.52
4001001|"amalgedu pack #1"|8|51|2850.88
3001001|"amalgexporti #1"|7|42|2850.47
6006007|"corpcorp #7"|7|37|2848.26
1001001|"amalgamalg #1"|18|50|2847.73
8001004|"amalgnameless #4"|17|45|2845.92
9007005|"brandmaxi #5"|17|56|2845.44
7004001|"edu packbrand #1"|17|1|2844.95
2003002|"exportiimporto #2"|17|54|2844.81
10005013|"scholarunivamalg #13"|18|33|2843.72
7012009|"importonameless #9"|8|16|2841.99
3003001|"exportiexporti #1"|18|13|2841.30
4004001|"edu packedu pack #1"|7|51|2837.52
10002007|"importounivamalg #7"|9|39|2837.36
4004001|"edu packedu pack #1"|7|52|2836.36
1001002|"amalgamalg #2"|18|21|2835.26
6006007|"corpcorp #7"|8|8|2834.70
5003002|"exportischolar #2"|17|41|2832.42
10009006|"maxiunivamalg #6"|9|58|2832.19
5004002|"edu packscholar #2"|9|41|2831.40
9007003|"brandmaxi #3"|17|19|2831.12
6015006|"scholarbrand #6"|18|29|2829.96
5004002|"edu packscholar #2"|6|32|2826.72
5001001|"amalgscholar #1"|19|40|2825.47
7011001|"amalgnameless #1"|6|25|2825.10
1001002|"amalgamalg #2"|8|57|2823.78
6014002|"edu packbrand #2"|8|6|2822.85
8015007|"scholarmaxi #7"|17|54|2821.20
2001001|"amalgimporto #1"|7|42|2819.52
4004001|"edu packedu pack #1"|17|19|2819.04
5003001|"exportischolar #1"|9|45|2818.02
10016007|"corpamalgamalg #7"|17|31|2816.04
9003011|"exportimaxi #11"|18|36|2815.50
7011001|"amalgnameless #1"|19|11|2814.75
6015005|"scholarbrand #5"|7|19|2813.58
6014001|"edu packbrand #1"|19|41|2813.36
7010001|"univnameless #1"|19|4|2813.28
3001002|"amalgexporti #2"|7|27|2813.07
8016007|"corpmaxi #7"|19|49|2810.50
7011008|"amalgnameless #8"|17|28|2808.36
10009013|"maxiunivamalg #13"|9|0|2808.00
1004001|"edu packamalg #1"|8|43|2807.72
6003005|"exporticorp #5"|18|53|2807.64
3002001|"importoexporti #1"|17|43|2806.70
4002001|"importoedu pack #1"|6|4|2804.40
4001001|"amalgedu pack #1"|19|1|2804.39
3004002|"edu packexporti #2"|17|16|2803.56
7008007|"namelessbrand #7"|17|33|2802.92
10011009|"amalgamalgamalg #9"|18|0|2800.73
10014010|"edu packamalgamalg #10"|19|38|2799.06
2001002|"amalgimporto #2"|17|33|2798.28
8016003|"corpmaxi #3"|9|49|2796.50
6015005|"scholarbrand #5"|7|16|2795.00
7009010|"maxibrand #10"|6|33|2794.80
8005008|"scholarnameless #8"|9|25|2792.88
5001001|"amalgscholar #1"|9|39|2792.25
6009002|"maxicorp #2"|17|7|2792.13
4004002|"edu packedu pack #2"|18|0|2789.63
4004002|"edu packedu pack #2"|17|44|2788.93
1004001|"edu packamalg #1"|17|9|2787.30
3004001|"edu packexporti #1"|8|26|2786.64
4002001|"importoedu pack #1"|19|14|2786.41
4004002|"edu packedu pack #2"|9|50|2785.90
9011008|"amalgunivamalg #8"|9|27|2785.87
6015004|"scholarbrand #4"|9|57|2785.36
9010009|"univunivamalg #9"|19|48|2784.60
8008009|"namelessnameless #9"|7|1|2777.28
10016016|"corpamalgamalg #16"|17|8|2776.50
4004001|"edu packedu pack #1"|17|18|2775.60
9014003|"edu packunivamalg #3"|8|46|2772.40
8012006|"importomaxi #6"|6|54|2770.20
6011008|"amalgbrand #8"|17|17|2769.25
8010005|"univmaxi #5"|19|35|2769.00
4003001|"exportiedu pack #1"|17|18|2768.25
9011008|"amalgunivamalg #8"|9|17|2764.50
7009003|"maxibrand #3"|17|16|2763.60
5001002|"amalgscholar #2"|9|9|2760.45
8002009|"importonameless #9"|18|6|2759.64
10007012|"brandunivamalg #12"|9|4|2757.85
8014005|"edu packmaxi #5"|18|17|2757.60
10003011|"exportiunivamalg #11"|8|12|2757.45
7002009|"importobrand #9"|18|3|2757.09
3004001|"edu packexporti #1"|8|12|2755.76
3003001|"exportiexporti #1"|7|38|2755.02
4003001|"exportiedu pack #1"|19|44|2754.81
6003003|"exporticorp #3"|9|48|2752.00
8003003|"exportinameless #3"|6|7|2751.21
3003002|"exportiexporti #2"|17|47|2751.20
5003002|"exportischolar #2"|18|36|2747.36
4001001|"amalgedu pack #1"|8|40|2744.86
9012005|"importounivamalg #5"|8|30|2743.50
3003002|"exportiexporti #2"|17|3|2742.26
6003003|"exporticorp #3"|19|51|2741.70
8005001|"scholarnameless #1"|19|39|2740.05
1003002|"exportiamalg #2"|7|58|2739.96
9009009|"maximaxi #9"|17|37|2739.16
4003001|"exportiedu pack #1"|19|35|2736.90
1001002|"amalgamalg #2"|18|48|2735.25
3004001|"edu packexporti #1"|9|28|2735.24
7002009|"importobrand #9"|9|56|2734.97
4002001|"importoedu pack #1"|18|36|2734.16
10012002|"importoamalgamalg #2"|18|1|2733.76
3003001|"exportiexporti #1"|18|1|2733.39
5002001|"importoscholar #1"|9|53|2733.23
1004002|"edu packamalg #2"|18|21|2732.96
2004002|"edu packimporto #2"|18|51|2732.40
7006009|"corpbrand #9"|19|31|2731.92
5002001|"importoscholar #1"|17|14|2731.08
4002002|"importoedu pack #2"|8|40|2731.01
8010009|"univmaxi #9"|18|54|2730.24
3004001|"edu packexporti #1"|8|51|2729.76
3004002|"edu packexporti #2"|9|41|2729.52
6011003|"amalgbrand #3"|8|20|2728.75
6013007|"exportibrand #7"|17|1|2726.40
5004001|"edu packscholar #1"|18|10|2725.63
4002002|"importoedu pack #2"|18|31|2725.60
1001002|"amalgamalg #2"|17|34|2724.24
5004002|"edu packscholar #2"|19|55|2723.62
5002001|"importoscholar #1"|19|59|2722.04
4002001|"importoedu pack #1"|7|20|2721.84
8008009|"namelessnameless #9"|17|58|2721.32
1003002|"exportiamalg #2"|17|39|2720.25
9006009|"corpmaxi #9"|18|33|2720.20
9014002|"edu packunivamalg #2"|19|1|2718.39
4004002|"edu packedu pack #2"|9|52|2716.81
2003002|"exportiimporto #2"|18|32|2714.93
10009006|"maxiunivamalg #6"|9|45|2714.36
4003001|"exportiedu pack #1"|19|46|2714.16
9009005|"maximaxi #5"|17|52|2713.74
4004002|"edu packedu pack #2"|17|45|2713.20
1001002|"amalgamalg #2"|6|29|2711.22
6008005|"namelesscorp #5"|19|1|2710.68
6003003|"exporticorp #3"|18|52|2710.60
1003001|"exportiamalg #1"|17|35|2710.08
7014009|"edu packnameless #9"|19|28|2709.86
7002009|"importobrand #9"|6|17|2709.63
4003001|"exportiedu pack #1"|17|3|2708.10
10003007|"exportiunivamalg #7"|19|57|2706.84
10007002|"brandunivamalg #2"|8|16|2706.33
5003002|"exportischolar #2"|18|27|2706.12
6016005|"corpbrand #5"|19|59|2705.04
10009013|"maxiunivamalg #13"|8|44|2704.32
10008002|"namelessunivamalg #2"|8|55|2703.80
3003001|"exportiexporti #1"|7|52|2702.49
9003011|"exportimaxi #11"|9|31|2701.92
5003001|"exportischolar #1"|19|5|2701.52
10009009|"maxiunivamalg #9"|9|57|2701.12
2002002|"importoimporto #2"|17|39|2698.82
6006007|"corpcorp #7"|18|41|2697.60
8004005|"edu packnameless #5"|18|5|2697.10
7006004|NULL|9|36|2694.66
9015011|"scholarunivamalg #11"|9|19|2693.25
8009005|"maxinameless #5"|19|31|2692.80
9005009|"scholarmaxi #9"|8|26|2692.80
5003002|"exportischolar #2"|18|57|2692.04
6012008|"importobrand #8"|9|4|2691.00
9006002|"corpmaxi #2"|18|26|2689.50
4004001|"edu packedu pack #1"|19|19|2689.28
10010001|"univamalgamalg #1"|19|37|2688.78
8010002|"univmaxi #2"|18|42|2687.85
6001007|"amalgcorp #7"|18|46|2686.68
10002012|"importounivamalg #12"|19|42|2686.25
1001002|"amalgamalg #2"|19|49|2684.00
7001009|"amalgbrand #9"|17|17|2683.46
4001002|"amalgedu pack #2"|19|27|2682.40
1002002|"importoamalg #2"|8|19|2680.65
3001002|"amalgexporti #2"|9|4|2679.94
2003002|"exportiimporto #2"|17|40|2678.90
2003002|"exportiimporto #2"|17|31|2676.80
10016013|"corpamalgamalg #13"|9|0|2674.64
8003003|"exportinameless #3"|19|40|2673.30
7011008|"amalgnameless #8"|18|0|2670.57
5002001|"importoscholar #1"|19|49|2670.34
10016007|"corpamalgamalg #7"|17|57|2669.74
2004002|"edu packimporto #2"|17|16|2669.10
6003003|"exporticorp #3"|8|47|2667.77
1004002|"edu packamalg #2"|19|1|2667.60
4001002|"amalgedu pack #2"|18|23|2667.52
6016003|"corpbrand #3"|17|52|2667.46
6005001|"scholarcorp #1"|9|3|2665.60
9002003|"importomaxi #3"|7|3|2661.12
2004002|"edu packimporto #2"|18|33|2657.85
9012005|"importounivamalg #5"|19|29|2657.20
8004003|"edu packnameless #3"|9|32|2655.80
9015005|"scholarunivamalg #5"|8|37|2655.57
2002001|"importoimporto #1"|19|33|2655.36
3004001|"edu packexporti #1"|7|12|2654.56
8006009|"corpnameless #9"|9|54|2654.30
7015007|"scholarnameless #7"|8|38|2653.30
7009003|"maxibrand #3"|9|14|2652.93
1004001|"edu packamalg #1"|9|59|2652.05
6012008|"importobrand #8"|17|24|2651.74
10002007|"importounivamalg #7"|17|18|2650.56
8004003|"edu packnameless #3"|18|38|2647.20
7007010|"brandbrand #10"|9|51|2646.80
3004001|"edu packexporti #1"|18|27|2645.02
7009005|"maxibrand #5"|19|13|2643.28
3001002|"amalgexporti #2"|9|52|2642.22
2001002|"amalgimporto #2"|9|9|2642.13
8006009|"corpnameless #9"|17|38|2641.78
6011003|"amalgbrand #3"|18|39|2641.20
10007015|"brandunivamalg #15"|17|10|2639.77
10012010|"importoamalgamalg #10"|17|39|2639.77
8016007|"corpmaxi #7"|19|11|2638.00
1001002|"amalgamalg #2"|8|13|2637.96
3003001|"exportiexporti #1"|9|34|2637.54
4001001|"amalgedu pack #1"|18|35|2637.18
6005001|"scholarcorp #1"|18|43|2635.92
10008012|"namelessunivamalg #12"|18|28|2635.50
2003001|"exportiimporto #1"|9|32|2634.10
6010002|"univbrand #2"|7|35|2630.10
8016001|"corpmaxi #1"|8|30|2628.78
7012010|"importonameless #10"|17|30|2624.16
7004008|"edu packbrand #8"|8|49|2622.78
7001005|"amalgbrand #5"|8|44|2622.14
4003002|"exportiedu pack #2"|17|58|2619.76
1002001|"importoamalg #1"|18|4|2619.23
10016001|"corpamalgamalg #1"|17|24|2618.84
4001001|"amalgedu pack #1"|18|40|2616.57
6009003|"maxicorp #3"|6|49|2616.03
5004001|"edu packscholar #1"|18|28|2615.08
9006011|"corpmaxi #11"|17|15|2612.93
9006011|"corpmaxi #11"|8|34|2610.60
1003002|"exportiamalg #2"|19|53|2610.58
8005010|"scholarnameless #10"|18|7|2610.00
6005008|"scholarcorp #8"|19|17|2609.12
6006003|"corpcorp #3"|19|4|2608.00
7002008|"importobrand #8"|6|40|2607.36
8004009|"edu packnameless #9"|19|32|2606.79
7005006|"scholarbrand #6"|9|23|2606.61
7012009|"importonameless #9"|17|57|2605.86
6001008|"amalgcorp #8"|18|49|2605.44
3001002|"amalgexporti #2"|17|3|2604.84
6009007|"maxicorp #7"|8|9|2604.45
7004009|"edu packbrand #9"|8|0|2603.79
9013009|"exportiunivamalg #9"|17|46|2603.38
5004001|"edu packscholar #1"|19|36|2603.25
3003001|"exportiexporti #1"|8|16|2601.72
2003001|"exportiimporto #1"|19|4|2600.59
6012002|"importobrand #2"|18|28|2599.96
10016006|"corpamalgamalg #6"|17|43|2598.48
7008009|"namelessbrand #9"|8|28|2597.70
9011009|"amalgunivamalg #9"|19|16|2597.00
2002001|"importoimporto #1"|18|33|2596.00
7010008|"univnameless #8"|19|30|2595.78
3001002|"amalgexporti #2"|9|18|2595.05
9005009|"scholarmaxi #9"|9|15|2593.76
10006008|"corpunivamalg #8"|19|58|2590.80
5002002|"importoscholar #2"|18|30|2590.50
8008003|"namelessnameless #3"|18|46|2589.84
9003003|"exportimaxi #3"|9|50|2588.40
10012002|"importoamalgamalg #2"|17|41|2588.18
9013009|"exportiunivamalg #9"|18|40|2587.78
7014002|"edu packnameless #2"|9|7|2586.66
9015003|"scholarunivamalg #3"|17|45|2579.40
9015003|"scholarunivamalg #3"|17|32|2576.35
9009005|"maximaxi #5"|17|12|2575.80
8005008|"scholarnameless #8"|9|50|2575.00
10016003|"corpamalgamalg #3"|18|41|2574.00
10006008|"corpunivamalg #8"|8|8|2573.15
9014002|"edu packunivamalg #2"|19|3|2571.76
1001002|"amalgamalg #2"|19|50|2569.86
6005008|"scholarcorp #8"|18|45|2569.50
9004008|"edu packmaxi #8"|17|49|2569.00
10011009|"amalgamalgamalg #9"|19|47|2568.28
8014005|"edu packmaxi #5"|8|20|2568.24
9001008|"amalgmaxi #8"|19|8|2567.72
10004004|"edu packunivamalg #4"|17|3|2566.66
2002001|"importoimporto #1"|17|42|2565.76
7004004|"edu packbrand #4"|9|48|2564.94
2003002|"exportiimporto #2"|8|28|2564.21
1002001|"importoamalg #1"|8|4|2564.16
1001002|"amalgamalg #2"|19|25|2563.60
7013009|"exportinameless #9"|19|29|2560.80
5002001|"importoscholar #1"|17|5|2560.41
10016013|"corpamalgamalg #13"|9|1|2560.35
7010001|"univnameless #1"|19|49|2559.92
10016002|"corpamalgamalg #2"|9|12|2559.65
7008005|"namelessbrand #5"|17|29|2559.60
8005005|"scholarnameless #5"|17|41|2559.20
2002001|"importoimporto #1"|18|22|2557.00
7001008|"amalgbrand #8"|18|43|2555.78
9002008|"importomaxi #8"|17|7|2555.61
2001001|"amalgimporto #1"|9|16|2554.47
1004002|"edu packamalg #2"|7|30|2554.44
4003001|"exportiedu pack #1"|18|12|2553.67
1002001|"importoamalg #1"|9|41|2551.36
3002001|"importoexporti #1"|19|34|2548.45
2003002|"exportiimporto #2"|18|29|2546.80
4001001|"amalgedu pack #1"|18|50|2545.92
8014004|"edu packmaxi #4"|8|14|2545.64
3003002|"exportiexporti #2"|18|48|2545.41
2001002|"amalgimporto #2"|17|13|2544.00
4003002|"exportiedu pack #2"|17|17|2542.39
7004009|"edu packbrand #9"|18|31|2541.33
2003001|"exportiimporto #1"|8|47|2538.25
5001002|"amalgscholar #2"|9|5|2538.23
1002001|"importoamalg #1"|7|23|2537.99
8016006|"corpmaxi #6"|18|54|2537.97
8011008|"amalgmaxi #8"|18|35|2535.30
10014010|"edu packamalgamalg #10"|9|50|2533.83
1004001|"edu packamalg #1"|9|13|2533.68
1002002|"importoamalg #2"|18|32|2532.64
8008003|"namelessnameless #3"|18|55|2529.28
2003001|"exportiimporto #1"|8|48|2529.20
7003009|"exportibrand #9"|8|58|2528.92
10012011|"importoamalgamalg #11"|17|27|2528.14
5001001|"amalgscholar #1"|19|19|2528.00
4004001|"edu packedu pack #1"|9|21|2527.35
4003001|"exportiedu pack #1"|17|2|2525.86
10003004|"exportiunivamalg #4"|9|5|2524.88
9003011|"exportimaxi #11"|17|56|2524.64
9015011|"scholarunivamalg #11"|9|9|2524.20
4001001|"amalgedu pack #1"|6|16|2522.34
8006009|"corpnameless #9"|8|21|2520.32
7008009|"namelessbrand #9"|17|5|2519.65
2001001|"amalgimporto #1"|17|34|2518.68
6016003|"corpbrand #3"|9|4|2518.56
3002002|"importoexporti #2"|19|51|2515.76
1002002|"importoamalg #2"|17|23|2515.26
8011008|"amalgmaxi #8"|17|12|2511.80
8010009|"univmaxi #9"|17|55|2511.60
1004002|"edu packamalg #2"|9|19|2511.15
1004001|"edu packamalg #1"|7|48|2510.08
8006009|"corpnameless #9"|8|11|2509.92
1001001|"amalgamalg #1"|19|26|2509.76
4003001|"exportiedu pack #1"|17|40|2509.50
1001002|"amalgamalg #2"|17|40|2509.43
9001011|"amalgmaxi #11"|17|47|2508.86
3001002|"amalgexporti #2"|9|12|2507.67
3003001|"exportiexporti #1"|9|6|2507.54
9011009|"amalgunivamalg #9"|9|9|2507.04
10008012|"namelessunivamalg #12"|19|45|2506.90
6016005|"corpbrand #5"|17|44|2502.40
10013003|"exportiamalgamalg #3"|18|48|2499.00
5003001|"exportischolar #1"|18|52|2497.95
8008009|"namelessnameless #9"|9|33|2496.90
1001001|"amalgamalg #1"|17|33|2494.76
7006008|"corpbrand #8"|19|30|2494.29
5003002|"exportischolar #2"|18|38|2492.40
8004003|"edu packnameless #3"|18|45|2491.85
6011003|"amalgbrand #3"|18|22|2491.50
7010009|"univnameless #9"|18|53|2490.67
10012010|"importoamalgamalg #10"|9|35|2490.60
10007014|"brandunivamalg #14"|18|57|2489.67
10012006|"importoamalgamalg #6"|8|41|2489.12
8004001|"edu packnameless #1"|8|8|2488.84
5002001|"importoscholar #1"|18|26|2487.10
9009009|"maximaxi #9"|9|35|2486.69
7008007|"namelessbrand #7"|7|47|2486.44
5003002|"exportischolar #2"|6|27|2484.89
6010002|"univbrand #2"|9|12|2484.30
6012008|"importobrand #8"|8|18|2484.27
7009005|"maxibrand #5"|18|0|2484.03
6001007|"amalgcorp #7"|19|8|2483.76
9002003|"importomaxi #3"|19|27|2482.80
9015002|"scholarunivamalg #2"|7|41|2482.20
4002001|"importoedu pack #1"|18|17|2481.58
5003001|"exportischolar #1"|18|28|2477.46
1004001|"edu packamalg #1"|17|13|2476.89
8008009|"namelessnameless #9"|6|14|2475.06
8009010|"maxinameless #10"|19|4|2474.57
8010001|"univmaxi #1"|17|40|2473.74
4004001|"edu packedu pack #1"|19|56|2472.60
6003003|"exporticorp #3"|18|7|2470.70
1003002|"exportiamalg #2"|17|45|2469.69
2004001|"edu packimporto #1"|18|2|2467.20
2002001|"importoimporto #1"|19|21|2466.40
2004002|"edu packimporto #2"|17|23|2466.06
2002001|"importoimporto #1"|17|15|2465.12
10004015|"edu packunivamalg #15"|8|29|2464.60
3004001|"edu packexporti #1"|9|47|2464.02
1003002|"exportiamalg #2"|9|39|2464.00
7002009|"importobrand #9"|8|40|2460.46
10015017|"scholaramalgamalg #17"|17|53|2459.37
1004002|"edu packamalg #2"|19|57|2459.10
4003001|"exportiedu pack #1"|19|1|2454.48
3002001|"importoexporti #1"|7|46|2453.90
9005009|"scholarmaxi #9"|17|10|2453.34
6009003|"maxicorp #3"|9|40|2452.21
9003008|"exportimaxi #8"|9|17|2452.00
9015011|"scholarunivamalg #11"|17|52|2451.80
8007007|"brandnameless #7"|17|20|2451.36
10016003|"corpamalgamalg #3"|17|18|2449.36
10008015|"namelessunivamalg #15"|17|52|2447.67
6013005|"exportibrand #5"|19|22|2447.12
3002001|"importoexporti #1"|17|33|2445.86
3001002|"amalgexporti #2"|17|17|2444.81
3002002|"importoexporti #2"|17|12|2444.12
1003002|"exportiamalg #2"|19|34|2443.47
6003003|"exporticorp #3"|17|34|2443.20
8004005|"edu packnameless #5"|18|40|2442.07
5004001|"edu packscholar #1"|8|54|2441.95
4001001|"amalgedu pack #1"|18|48|2441.80
9003011|"exportimaxi #11"|18|16|2440.80
2002001|"importoimporto #1"|19|17|2440.47
2004001|"edu packimporto #1"|6|42|2440.35
3004001|"edu packexporti #1"|19|1|2439.79
6001002|"amalgcorp #2"|9|12|2438.93
5004002|"edu packscholar #2"|7|9|2437.56
5001001|"amalgscholar #1"|19|16|2436.84
10007015|"brandunivamalg #15"|19|58|2435.30
2001001|"amalgimporto #1"|17|31|2434.80
1001001|"amalgamalg #1"|8|58|2431.17
8010009|"univmaxi #9"|18|19|2430.50
10016001|"corpamalgamalg #1"|18|49|2429.84
3001001|"amalgexporti #1"|19|59|2428.92
9013009|"exportiunivamalg #9"|7|15|2428.92
9006011|"corpmaxi #11"|8|35|2428.40
8011008|"amalgmaxi #8"|17|56|2427.98
5001001|"amalgscholar #1"|17|40|2426.99
4002001|"importoedu pack #1"|7|25|2424.88
9007011|"brandmaxi #11"|18|21|2424.66
10016008|"corpamalgamalg #8"|9|50|2424.00
1004001|"edu packamalg #1"|18|12|2423.81
5002002|"importoscholar #2"|18|48|2422.50
2003001|"exportiimporto #1"|17|7|2422.38
1001002|"amalgamalg #2"|17|20|2420.60
8015008|"scholarmaxi #8"|19|3|2420.40
3004002|"edu packexporti #2"|19|55|2420.00
8011008|"amalgmaxi #8"|17|22|2419.24
8010009|"univmaxi #9"|18|57|2418.32
9012008|"importounivamalg #8"|8|41|2417.40
3002002|"importoexporti #2"|17|34|2415.66
2004001|"edu packimporto #1"|17|50|2414.16
4002002|"importoedu pack #2"|17|5|2412.00
1004001|"edu packamalg #1"|9|48|2411.10
2004002|"edu packimporto #2"|17|37|2411.10
6005001|"scholarcorp #1"|9|38|2410.98
3004001|"edu packexporti #1"|9|18|2410.28
1002001|"importoamalg #1"|8|31|2409.75
2001001|"amalgimporto #1"|19|36|2409.32
10003016|"exportiunivamalg #16"|9|19|2409.30
3004001|"edu packexporti #1"|9|53|2409.12
10014010|"edu packamalgamalg #10"|19|15|2408.85
3004002|"edu packexporti #2"|18|25|2408.27
6011001|"amalgbrand #1"|18|58|2406.60
10007005|"brandunivamalg #5"|19|11|2406.00
2004002|"edu packimporto #2"|8|28|2405.76
9011008|"amalgunivamalg #8"|17|6|2405.60
6001007|"amalgcorp #7"|17|23|2405.26
3001001|"amalgexporti #1"|19|28|2404.35
2003001|"exportiimporto #1"|17|46|2402.60
2002001|"importoimporto #1"|17|51|2401.68
1003002|"exportiamalg #2"|18|15|2401.65
5001002|"amalgscholar #2"|19|34|2401.50
3003001|"exportiexporti #1"|8|46|2400.84
6015005|"scholarbrand #5"|9|40|2400.40
1003002|"exportiamalg #2"|18|30|2399.78
4004002|"edu packedu pack #2"|18|21|2398.66
10010017|"univamalgamalg #17"|19|2|2398.44
6015005|"scholarbrand #5"|17|40|2397.80
10003011|"exportiunivamalg #11"|9|47|2397.54
10016009|"corpamalgamalg #9"|9|50|2397.50
10003015|"exportiunivamalg #15"|19|25|2396.16
9013009|"exportiunivamalg #9"|19|20|2395.20
1001001|"amalgamalg #1"|19|51|2394.55
9009005|"maximaxi #5"|9|42|2394.00
9008011|"namelessmaxi #11"|17|40|2393.16
3004001|"edu packexporti #1"|19|47|2392.86
1002002|"importoamalg #2"|17|21|2392.41
10005013|"scholarunivamalg #13"|9|17|2391.90
9007005|"brandmaxi #5"|17|36|2391.20
7008005|"namelessbrand #5"|17|13|2390.40
10012006|"importoamalgamalg #6"|7|55|2389.95
4004001|"edu packedu pack #1"|17|36|2389.80
2003002|"exportiimporto #2"|6|42|2389.74
3003002|"exportiexporti #2"|9|55|2388.55
8008004|"namelessnameless #4"|17|14|2387.28
1001002|"amalgamalg #2"|18|13|2387.04
10010008|"univamalgamalg #8"|18|46|2386.69
4002001|"importoedu pack #1"|17|11|2386.20
7012009|"importonameless #9"|17|54|2386.07
3001001|"amalgexporti #1"|9|43|2385.64
8007001|"brandnameless #1"|9|33|2385.00
6013005|"exportibrand #5"|17|0|2384.34
7008009|"namelessbrand #9"|19|13|2384.20
9012011|"importounivamalg #11"|8|21|2383.92
7016001|"corpnameless #1"|18|13|2382.51
10006003|"corpunivamalg #3"|19|47|2381.99
6003005|"exporticorp #5"|9|7|2381.68
8005006|"scholarnameless #6"|9|6|2380.98
10008009|"namelessunivamalg #9"|19|55|2380.68
2003002|"exportiimporto #2"|18|23|2380.07
8012010|"importomaxi #10"|17|33|2379.15
7008005|"namelessbrand #5"|18|24|2378.67
7014002|"edu packnameless #2"|8|29|2377.90
1004002|"edu packamalg #2"|8|42|2377.60
7009003|"maxibrand #3"|17|36|2377.60
3003002|"exportiexporti #2"|9|9|2377.01
10012005|"importoamalgamalg #5"|9|26|2375.38
3001002|"amalgexporti #2"|7|20|2374.98
10006017|"corpunivamalg #17"|8|57|2374.91
10015001|"scholaramalgamalg #1"|18|5|2374.08
6006004|"corpcorp #4"|18|32|2373.54
10003014|"exportiunivamalg #14"|17|23|2373.50
9016003|"corpunivamalg #3"|19|25|2373.14
9007003|"brandmaxi #3"|19|56|2372.20
7016007|"corpnameless #7"|8|11|2371.60
4003001|"exportiedu pack #1"|19|24|2370.89
9012011|"importounivamalg #11"|19|22|2370.60
9003003|"exportimaxi #3"|9|53|2369.46
3001002|"amalgexporti #2"|9|47|2369.28
4003001|"exportiedu pack #1"|18|17|2367.68
5004002|"edu packscholar #2"|17|49|2367.21
4002002|"importoedu pack #2"|17|49|2366.29
2004001|"edu packimporto #1"|17|7|2365.72
6008003|"namelesscorp #3"|6|56|2364.80
7006003|"corpbrand #3"|8|54|2364.70
3001001|"amalgexporti #1"|17|43|2364.67
7015003|"scholarnameless #3"|9|33|2362.53
8008002|"namelessnameless #2"|18|40|2362.24
9007003|"brandmaxi #3"|17|39|2362.20
7006009|"corpbrand #9"|6|48|2360.88
8009010|"maxinameless #10"|9|19|2360.16
1003001|"exportiamalg #1"|9|47|2358.00
5002001|"importoscholar #1"|8|4|2356.45
6016001|"corpbrand #1"|8|38|2355.84
2003002|"exportiimporto #2"|9|24|2355.05
6016008|"corpbrand #8"|19|50|2353.65
3003001|"exportiexporti #1"|19|58|2350.60
9011008|"amalgunivamalg #8"|18|22|2350.00
2004001|"edu packimporto #1"|18|7|2349.10
4003001|"exportiedu pack #1"|19|0|2347.95
10014016|"edu packamalgamalg #16"|8|38|2347.38
6011007|"amalgbrand #7"|17|4|2346.30
6005007|"scholarcorp #7"|19|7|2345.76
9001008|"amalgmaxi #8"|19|30|2344.80
1001002|"amalgamalg #2"|17|0|2342.84
3002001|"importoexporti #1"|18|45|2342.52
6010002|"univbrand #2"|19|52|2341.54
10010006|"univamalgamalg #6"|19|42|2340.78
2002001|"importoimporto #1"|9|35|2339.64
3001001|"amalgexporti #1"|9|49|2338.20
6006007|"corpcorp #7"|8|48|2336.31
9014008|"edu packunivamalg #8"|19|32|2335.80
2004002|"edu packimporto #2"|18|55|2333.45
3003001|"exportiexporti #1"|19|22|2332.20
7010009|"univnameless #9"|19|18|2328.48
10008015|"namelessunivamalg #15"|7|37|2320.44
7010004|"univnameless #4"|19|13|2318.61
5001001|"amalgscholar #1"|9|1|2317.12
10016006|"corpamalgamalg #6"|18|9|2315.83
4004002|"edu packedu pack #2"|8|29|2315.55
2001001|"amalgimporto #1"|18|45|2314.56
8015003|"scholarmaxi #3"|8|35|2313.36
10012011|"importoamalgamalg #11"|18|13|2310.36
2003001|"exportiimporto #1"|8|28|2308.12
3003001|"exportiexporti #1"|8|36|2307.80
6003005|"exporticorp #5"|17|35|2307.36
8016004|"corpmaxi #4"|17|41|2306.66
5002001|"importoscholar #1"|18|24|2305.00
1004002|"edu packamalg #2"|8|18|2303.38
2004001|"edu packimporto #1"|19|8|2303.10
6011005|"amalgbrand #5"|17|0|2301.44
3003002|"exportiexporti #2"|19|27|2301.00
9006011|"corpmaxi #11"|9|45|2301.00
9003011|"exportimaxi #11"|18|54|2300.78
2001001|"amalgimporto #1"|19|50|2300.22
3002001|"importoexporti #1"|18|8|2299.71
3003001|"exportiexporti #1"|18|58|2298.78
8004003|"edu packnameless #3"|19|45|2296.76
1001001|"amalgamalg #1"|17|27|2296.70
5004001|"edu packscholar #1"|8|56|2296.50
6001001|"amalgcorp #1"|17|39|2295.48
6005001|"scholarcorp #1"|17|48|2294.71
2004001|"edu packimporto #1"|17|11|2294.22
1003001|"exportiamalg #1"|17|32|2294.08
4001001|"amalgedu pack #1"|19|6|2292.68
7001005|"amalgbrand #5"|17|9|2287.89
7004009|"edu packbrand #9"|18|50|2286.20
7009005|"maxibrand #5"|18|39|2285.64
9016005|"corpunivamalg #5"|19|42|2285.28
5003001|"exportischolar #1"|17|54|2281.28
3002002|"importoexporti #2"|8|23|2280.29
8007005|"brandnameless #5"|17|10|2280.18
3003001|"exportiexporti #1"|9|5|2277.51
5001001|"amalgscholar #1"|17|34|2276.96
5003001|"exportischolar #1"|18|55|2275.91
10006002|"corpunivamalg #2"|8|30|2275.90
6015008|"scholarbrand #8"|8|36|2275.82
4004001|"edu packedu pack #1"|19|30|2275.56
2004001|"edu packimporto #1"|19|12|2274.60
6006007|"corpcorp #7"|7|11|2273.70
1001001|"amalgamalg #1"|17|10|2273.60
7012009|"importonameless #9"|9|12|2273.04
1003001|"exportiamalg #1"|19|33|2273.02
9015009|"scholarunivamalg #9"|19|1|2272.90
8008007|"namelessnameless #7"|19|20|2272.40
10003008|"exportiunivamalg #8"|8|52|2271.06
2004002|"edu packimporto #2"|17|22|2269.54
10012017|"importoamalgamalg #17"|17|58|2269.54
6005001|"scholarcorp #1"|9|21|2267.56
6002001|"importocorp #1"|19|0|2267.37
8010009|"univmaxi #9"|18|24|2266.72
1001001|"amalgamalg #1"|8|5|2266.06
5001001|"amalgscholar #1"|19|37|2265.94
9001003|"amalgmaxi #3"|8|50|2265.78
4002002|"importoedu pack #2"|18|13|2264.40
1003001|"exportiamalg #1"|8|22|2262.65
4003002|"exportiedu pack #2"|18|35|2260.80
5003002|"exportischolar #2"|9|39|2259.26
3001002|"amalgexporti #2"|17|19|2258.57
4004001|"edu packedu pack #1"|9|48|2257.80
7004004|"edu packbrand #4"|19|54|2257.00
1004002|"edu packamalg #2"|18|28|2252.80
6011005|"amalgbrand #5"|17|54|2252.77
1001001|"amalgamalg #1"|9|8|2252.74
3004002|"edu packexporti #2"|8|15|2252.12
9008002|"namelessmaxi #2"|17|31|2252.12
4002001|"importoedu pack #1"|19|46|2251.84
6003007|"exporticorp #7"|6|18|2251.20
4001001|"amalgedu pack #1"|8|21|2251.15
9001003|"amalgmaxi #3"|19|19|2250.36
5004001|"edu packscholar #1"|8|24|2249.40
6010004|"univbrand #4"|8|23|2248.84
8009003|"maxinameless #3"|17|35|2248.64
2002001|"importoimporto #1"|19|20|2248.62
1003001|"exportiamalg #1"|18|55|2248.03
7010003|"univnameless #3"|18|0|2247.51
9014011|"edu packunivamalg #11"|18|12|2247.50
7010010|"univnameless #10"|18|40|2245.86
3004001|"edu packexporti #1"|8|20|2245.47
7016007|"corpnameless #7"|9|51|2244.66
8009010|"maxinameless #10"|18|50|2244.30
5003001|"exportischolar #1"|9|36|2244.28
1002001|"importoamalg #1"|9|25|2242.80
5003002|"exportischolar #2"|19|15|2241.75
5004001|"edu packscholar #1"|19|9|2241.29
8005009|"scholarnameless #9"|19|32|2240.94
5003001|"exportischolar #1"|17|28|2240.48
5003001|"exportischolar #1"|8|9|2240.16
8003009|"exportinameless #9"|9|9|2239.30
1001002|"amalgamalg #2"|18|49|2239.12
4004002|"edu packedu pack #2"|6|30|2239.00
6014007|"edu packbrand #7"|18|9|2236.80
10001017|"amalgunivamalg #17"|17|28|2236.08
10016009|"corpamalgamalg #9"|18|13|2235.84
9007008|"brandmaxi #8"|19|36|2235.60
10007015|"brandunivamalg #15"|8|22|2235.09
5001002|"amalgscholar #2"|19|36|2234.40
10004015|"edu packunivamalg #15"|19|19|2233.63
9013011|"exportiunivamalg #11"|17|9|2233.07
2004001|"edu packimporto #1"|18|38|2231.46
7010004|"univnameless #4"|18|33|2230.20
7008005|"namelessbrand #5"|19|38|2229.42
5002001|"importoscholar #1"|7|58|2229.20
8005009|"scholarnameless #9"|19|55|2229.00
6005007|"scholarcorp #7"|19|53|2228.47
9016005|"corpunivamalg #5"|9|50|2228.05
2001001|"amalgimporto #1"|8|15|2226.61
3001001|"amalgexporti #1"|8|14|2226.59
1003002|"exportiamalg #2"|6|45|2225.86
6014004|"edu packbrand #4"|8|46|2224.88
2002002|"importoimporto #2"|19|4|2222.96
6005003|"scholarcorp #3"|19|58|2221.56
6016005|"corpbrand #5"|18|45|2220.24
2002001|"importoimporto #1"|19|49|2219.49
5002001|"importoscholar #1"|8|47|2217.60
2002001|"importoimporto #1"|8|45|2217.24
10012002|"importoamalgamalg #2"|19|19|2217.00
10009008|"maxiunivamalg #8"|19|50|2216.99
8013004|"exportimaxi #4"|18|4|2216.40
4001002|"amalgedu pack #2"|18|56|2216.28
2004002|"edu packimporto #2"|17|51|2215.95
6005001|"scholarcorp #1"|8|43|2215.08
10005013|"scholarunivamalg #13"|9|23|2215.08
1004002|"edu packamalg #2"|9|0|2213.28
7001005|"amalgbrand #5"|17|5|2212.08
1001002|"amalgamalg #2"|9|37|2210.84
6015006|"scholarbrand #6"|9|17|2210.63
5001001|"amalgscholar #1"|8|12|2209.52
9008008|"namelessmaxi #8"|18|44|2209.35
8010009|"univmaxi #9"|19|39|2208.90
6006004|"corpcorp #4"|7|45|2208.80
4001002|"amalgedu pack #2"|19|42|2208.48
9015003|"scholarunivamalg #3"|17|53|2208.36
10003004|"exportiunivamalg #4"|18|16|2207.82
6015008|"scholarbrand #8"|8|22|2207.40
10013015|"exportiamalgamalg #15"|8|0|2205.92
8003010|"exportinameless #10"|18|28|2205.32
7012009|"importonameless #9"|17|46|2205.00
9011008|"amalgunivamalg #8"|18|51|2205.00
2002001|"importoimporto #1"|19|45|2204.84
1003001|"exportiamalg #1"|17|45|2203.52
4002001|"importoedu pack #1"|19|45|2203.46
9003003|"exportimaxi #3"|17|48|2203.11
9006009|"corpmaxi #9"|19|5|2201.78
3004001|"edu packexporti #1"|18|4|2201.55
3003001|"exportiexporti #1"|19|1|2200.92
3003001|"exportiexporti #1"|19|59|2200.10
3002001|"importoexporti #1"|18|53|2199.20
8001003|"amalgnameless #3"|17|22|2198.88
5003002|"exportischolar #2"|19|14|2198.35
6005003|"scholarcorp #3"|17|46|2198.11
10006003|"corpunivamalg #3"|9|10|2196.73
6004003|"edu packcorp #3"|17|56|2196.32
5002002|"importoscholar #2"|9|0|2195.37
2004002|"edu packimporto #2"|17|38|2195.04
7004004|"edu packbrand #4"|18|38|2194.92
1001001|"amalgamalg #1"|8|56|2194.72
9003005|"exportimaxi #5"|7|51|2194.71
1002001|"importoamalg #1"|17|36|2193.40
6015008|"scholarbrand #8"|18|12|2193.21
9001008|"amalgmaxi #8"|6|42|2193.21
7010009|"univnameless #9"|18|26|2192.08
8014004|"edu packmaxi #4"|19|55|2192.03
2003002|"exportiimporto #2"|17|0|2191.36
4004001|"edu packedu pack #1"|18|53|2190.48
3004001|"edu packexporti #1"|17|7|2189.79
5001002|"amalgscholar #2"|18|17|2189.29
9016002|"corpunivamalg #2"|7|39|2188.92
6009003|"maxicorp #3"|18|28|2188.30
8004005|"edu packnameless #5"|19|56|2186.74
7010009|"univnameless #9"|7|4|2185.76
2001001|"amalgimporto #1"|8|48|2185.46
10005010|"scholarunivamalg #10"|19|59|2183.80
4004001|"edu packedu pack #1"|19|2|2182.54
7013009|"exportinameless #9"|9|16|2182.26
3002001|"importoexporti #1"|9|43|2182.14
6014006|"edu packbrand #6"|18|36|2182.00
10011017|"amalgamalgamalg #17"|18|53|2181.76
6012001|"importobrand #1"|17|55|2181.66
5003002|"exportischolar #2"|17|13|2179.89
9013002|"exportiunivamalg #2"|18|15|2178.62
7011001|"amalgnameless #1"|19|13|2177.13
4001001|"amalgedu pack #1"|19|43|2177.10
2001001|"amalgimporto #1"|8|6|2176.83
7004009|"edu packbrand #9"|17|3|2176.72
7016001|"corpnameless #1"|19|41|2175.90
3003001|"exportiexporti #1"|8|42|2175.15
8008004|"namelessnameless #4"|19|54|2173.20
8001003|"amalgnameless #3"|19|44|2172.42
7016001|"corpnameless #1"|19|24|2172.18
4001001|"amalgedu pack #1"|18|6|2171.73
10013002|"exportiamalgamalg #2"|8|25|2171.66
9010009|"univunivamalg #9"|19|18|2171.62
6003003|"exporticorp #3"|7|35|2169.80
6011005|"amalgbrand #5"|18|25|2168.70
4002001|"importoedu pack #1"|7|55|2168.46
1004002|"edu packamalg #2"|19|38|2167.75
4001002|"amalgedu pack #2"|9|13|2167.29
6003007|"exporticorp #7"|19|39|2167.20
1004001|"edu packamalg #1"|9|5|2165.80
9007011|"brandmaxi #11"|8|5|2165.04
8012010|"importomaxi #10"|17|39|2164.95
1001001|"amalgamalg #1"|9|59|2164.45
7013007|"exportinameless #7"|18|13|2163.60
3003001|"exportiexporti #1"|7|51|2163.35
9006009|"corpmaxi #9"|8|48|2162.93
3003001|"exportiexporti #1"|18|55|2162.65
4002001|"importoedu pack #1"|8|38|2162.40
5004002|"edu packscholar #2"|19|5|2160.20
2003002|"exportiimporto #2"|9|27|2159.66
4002001|"importoedu pack #1"|9|44|2159.46
6015008|"scholarbrand #8"|7|13|2157.88
2001001|"amalgimporto #1"|18|42|2157.40
3003001|"exportiexporti #1"|17|57|2157.28
10012001|"importoamalgamalg #1"|17|19|2155.60
1002002|"importoamalg #2"|17|10|2154.90
9009002|"maximaxi #2"|17|46|2153.69
2002002|"importoimporto #2"|19|17|2152.20
3001002|"amalgexporti #2"|19|42|2152.15
9006011|"corpmaxi #11"|9|43|2151.18
8003009|"exportinameless #9"|7|11|2150.04
4004002|"edu packedu pack #2"|17|51|2149.00
6011005|"amalgbrand #5"|18|4|2148.90
10015001|"scholaramalgamalg #1"|17|4|2148.84
10014007|"edu packamalgamalg #7"|8|41|2148.50
1004002|"edu packamalg #2"|19|35|2148.09
6005001|"scholarcorp #1"|17|31|2148.00
1001001|"amalgamalg #1"|18|39|2147.44
9004011|"edu packmaxi #11"|17|1|2146.80
8015007|"scholarmaxi #7"|19|31|2145.28
3003002|"exportiexporti #2"|18|41|2142.00
2002002|"importoimporto #2"|9|3|2141.70
9001005|"amalgmaxi #5"|9|43|2141.68
9007005|"brandmaxi #5"|19|54|2140.90
1001001|"amalgamalg #1"|17|53|2140.63
3003001|"exportiexporti #1"|19|0|2138.85
9011008|"amalgunivamalg #8"|18|24|2137.57
8008007|"namelessnameless #7"|17|7|2135.42
8005003|"scholarnameless #3"|19|1|2134.80
4002002|"importoedu pack #2"|17|31|2134.74
7009003|"maxibrand #3"|8|11|2134.65
10016002|"corpamalgamalg #2"|7|54|2133.45
6009003|"maxicorp #3"|17|56|2133.00
5001001|"amalgscholar #1"|19|38|2132.76
5001002|"amalgscholar #2"|9|16|2132.73
5003002|"exportischolar #2"|9|55|2131.92
4001001|"amalgedu pack #1"|17|22|2131.80
3001001|"amalgexporti #1"|18|54|2131.64
4003001|"exportiedu pack #1"|18|28|2130.80
8009005|"maxinameless #5"|6|5|2130.52
2002001|"importoimporto #1"|17|48|2130.20
10012017|"importoamalgamalg #17"|9|28|2126.04
9009002|"maximaxi #2"|17|45|2125.12
9010009|"univunivamalg #9"|18|29|2122.05
10016009|"corpamalgamalg #9"|18|49|2122.00
10016017|"corpamalgamalg #17"|18|42|2121.93
9005009|"scholarmaxi #9"|17|30|2120.87
6010006|"univbrand #6"|17|15|2120.43
7002009|"importobrand #9"|18|45|2119.04
9003011|"exportimaxi #11"|19|39|2119.04
3001002|"amalgexporti #2"|19|3|2117.25
8003003|"exportinameless #3"|19|46|2115.85
8006008|"corpnameless #8"|17|20|2115.65
1001001|"amalgamalg #1"|6|14|2113.96
8011007|"amalgmaxi #7"|18|47|2113.28
10012017|"importoamalgamalg #17"|18|40|2113.10
7007010|"brandbrand #10"|17|54|2112.43
2003002|"exportiimporto #2"|8|22|2112.18
6003008|"exporticorp #8"|18|43|2110.68
1001002|"amalgamalg #2"|19|28|2110.28
2004002|"edu packimporto #2"|19|15|2108.70
7002010|"importobrand #10"|17|8|2108.64
7013001|"exportinameless #1"|8|19|2108.16
7001005|"amalgbrand #5"|17|20|2106.72
10003011|"exportiunivamalg #11"|9|23|2105.98
1002001|"importoamalg #1"|9|15|2105.32
8008004|"namelessnameless #4"|18|45|2104.90
9015003|"scholarunivamalg #3"|18|22|2104.00
4001002|"amalgedu pack #2"|18|51|2103.66
3002002|"importoexporti #2"|8|18|2103.35
9004011|"edu packmaxi #11"|8|49|2100.28
7006009|"corpbrand #9"|17|0|2100.24
6016006|"corpbrand #6"|18|33|2097.92
6011001|"amalgbrand #1"|17|18|2092.86
4004001|"edu packedu pack #1"|6|32|2092.23
1004001|"edu packamalg #1"|17|18|2091.20
7016001|"corpnameless #1"|19|20|2089.35
8013009|"exportimaxi #9"|7|17|2087.40
2002001|"importoimporto #1"|18|53|2087.17
3004001|"edu packexporti #1"|8|39|2086.84
10004015|"edu packunivamalg #15"|17|8|2086.83
10003011|"exportiunivamalg #11"|17|54|2086.66
6005007|"scholarcorp #7"|19|52|2086.50
1003001|"exportiamalg #1"|19|58|2086.24
4001002|"amalgedu pack #2"|17|37|2086.16
7013002|"exportinameless #2"|8|45|2084.13
9003008|"exportimaxi #8"|17|30|2083.82
8010009|"univmaxi #9"|9|9|2083.80
3004001|"edu packexporti #1"|17|44|2082.84
3001001|"amalgexporti #1"|18|5|2082.08
5002002|"importoscholar #2"|18|45|2082.08
7010008|"univnameless #8"|17|34|2081.04
8015005|"scholarmaxi #5"|19|23|2080.62
4004001|"edu packedu pack #1"|7|57|2080.34
9011008|"amalgunivamalg #8"|9|5|2079.42
10006013|"corpunivamalg #13"|19|45|2078.66
9008008|"namelessmaxi #8"|18|51|2077.90
10016003|"corpamalgamalg #3"|17|24|2076.55
6009002|"maxicorp #2"|18|45|2075.19
8009009|"maxinameless #9"|17|8|2074.50
3003002|"exportiexporti #2"|17|1|2074.00
5003001|"exportischolar #1"|9|31|2073.93
7009001|"maxibrand #1"|19|7|2073.60
8006009|"corpnameless #9"|7|32|2073.60
4001002|"amalgedu pack #2"|17|3|2072.80
10009017|"maxiunivamalg #17"|9|16|2072.31
8004003|"edu packnameless #3"|17|7|2072.17
3001002|"amalgexporti #2"|8|41|2069.10
8012010|"importomaxi #10"|19|57|2069.01
8005001|"scholarnameless #1"|6|52|2068.86
3002001|"importoexporti #1"|9|17|2068.82
3003002|"exportiexporti #2"|8|44|2068.22
2003002|"exportiimporto #2"|19|0|2067.48
3002001|"importoexporti #1"|17|45|2067.12
1001001|"amalgamalg #1"|18|59|2065.98
4004001|"edu packedu pack #1"|18|38|2065.35
4002001|"importoedu pack #1"|9|17|2064.94
4001002|"amalgedu pack #2"|9|51|2064.86
9001011|"amalgmaxi #11"|17|22|2064.66
2002001|"importoimporto #1"|9|55|2064.60
2001002|"amalgimporto #2"|6|10|2063.52
10016001|"corpamalgamalg #1"|17|41|2062.25
9008005|"namelessmaxi #5"|19|24|2061.84
3004001|"edu packexporti #1"|9|12|2060.92
7004006|"edu packbrand #6"|6|11|2060.74
8015005|"scholarmaxi #5"|19|18|2059.88
2003002|"exportiimporto #2"|18|0|2059.80
3002001|"importoexporti #1"|7|18|2057.57
9003005|"exportimaxi #5"|19|24|2057.55
7002003|"importobrand #3"|18|18|2057.14
5004001|"edu packscholar #1"|19|44|2056.95
5001001|"amalgscholar #1"|19|52|2055.04
2003002|"exportiimporto #2"|18|45|2054.00
1004001|"edu packamalg #1"|17|35|2053.95
10013013|"exportiamalgamalg #13"|9|54|2053.70
7006004|NULL|17|32|2052.05
5001001|"amalgscholar #1"|9|28|2051.60
1003001|"exportiamalg #1"|6|56|2050.50
8009005|"maxinameless #5"|19|30|2050.14
2003001|"exportiimporto #1"|9|1|2049.20
6008005|"namelesscorp #5"|18|47|2048.47
2003002|"exportiimporto #2"|17|27|2048.45
2003002|"exportiimporto #2"|17|6|2047.20
9001008|"amalgmaxi #8"|9|35|2046.66
4002001|"importoedu pack #1"|17|0|2046.00
2004002|"edu packimporto #2"|8|13|2045.52
10006013|"corpunivamalg #13"|8|46|2045.44
4002002|"importoedu pack #2"|18|36|2044.02
10005010|"scholarunivamalg #10"|17|33|2043.45
7002008|"importobrand #8"|17|27|2043.06
9007011|"brandmaxi #11"|9|40|2039.65
6016005|"corpbrand #5"|18|37|2038.32
1001002|"amalgamalg #2"|18|15|2037.00
8011007|"amalgmaxi #7"|19|44|2037.00
2002001|"importoimporto #1"|9|22|2036.92
8005003|"scholarnameless #3"|9|53|2036.68
9007003|"brandmaxi #3"|17|41|2036.58
2004001|"edu packimporto #1"|18|5|2036.04
2002001|"importoimporto #1"|18|2|2034.22
7013009|"exportinameless #9"|18|50|2033.90
6002001|"importocorp #1"|17|45|2033.68
6013007|"exportibrand #7"|17|13|2031.54
2001002|"amalgimporto #2"|17|3|2031.52
5001001|"amalgscholar #1"|9|6|2030.87
8002009|"importonameless #9"|19|45|2030.40
1002001|"importoamalg #1"|19|2|2030.21
4004001|"edu packedu pack #1"|18|2|2030.00
5001002|"amalgscholar #2"|17|51|2029.76
7008009|"namelessbrand #9"|7|38|2029.12
9014002|"edu packunivamalg #2"|18|44|2028.60
9008005|"namelessmaxi #5"|7|9|2027.84
4002001|"importoedu pack #1"|6|25|2027.74
9004008|"edu packmaxi #8"|9|9|2027.50
10010006|"univamalgamalg #6"|9|14|2027.20
4001001|"amalgedu pack #1"|17|23|2027.16
3001001|"amalgexporti #1"|17|1|2026.08
7002009|"importobrand #9"|17|10|2025.66
2004002|"edu packimporto #2"|8|45|2024.46
7003003|"exportibrand #3"|9|25|2023.68
7006009|"corpbrand #9"|8|35|2023.00
7015007|"scholarnameless #7"|17|11|2023.00
4001001|"amalgedu pack #1"|17|21|2022.72
3003002|"exportiexporti #2"|6|48|2022.28
7011008|"amalgnameless #8"|9|54|2020.95
8011007|"amalgmaxi #7"|19|43|2020.11
6006002|"corpcorp #2"|8|15|2018.25
4001001|"amalgedu pack #1"|19|54|2017.98
10012010|"importoamalgamalg #10"|18|7|2016.84
10012010|"importoamalgamalg #10"|17|35|2016.52
3002001|"importoexporti #1"|19|24|2016.30
7001007|"amalgbrand #7"|9|8|2015.52
7003001|"exportibrand #1"|18|59|2015.31
5001001|"amalgscholar #1"|18|5|2015.16
4001002|"amalgedu pack #2"|18|27|2015.13
6003008|"exporticorp #8"|18|57|2014.92
4004001|"edu packedu pack #1"|8|20|2014.85
7009003|"maxibrand #3"|19|12|2014.80
1001001|"amalgamalg #1"|18|42|2011.72
4003001|"exportiedu pack #1"|6|20|2010.24
2004002|"edu packimporto #2"|8|14|2009.62
3004001|"edu packexporti #1"|8|25|2009.60
5001001|"amalgscholar #1"|9|18|2009.44
3004001|"edu packexporti #1"|19|35|2007.92
1002001|"importoamalg #1"|19|15|2006.46
5003001|"exportischolar #1"|9|54|2006.40
4002001|"importoedu pack #1"|8|28|2006.22
1003001|"exportiamalg #1"|6|36|2005.49
10004015|"edu packunivamalg #15"|8|53|2005.20
8006008|"corpnameless #8"|17|32|2005.17
2004001|"edu packimporto #1"|9|59|2004.96
8006009|"corpnameless #9"|19|31|2004.81
1004001|"edu packamalg #1"|18|22|2003.76
5001001|"amalgscholar #1"|8|58|2003.30
9006009|"corpmaxi #9"|19|57|2003.04
3001001|"amalgexporti #1"|9|32|2002.86
4001001|"amalgedu pack #1"|19|7|2000.88
5001001|"amalgscholar #1"|17|52|1999.48
9004003|"edu packmaxi #3"|7|31|1995.93
7009009|"maxibrand #9"|17|54|1995.84
7001005|"amalgbrand #5"|17|50|1993.86
6014004|"edu packbrand #4"|19|24|1993.20
7007010|"brandbrand #10"|18|25|1991.84
10009006|"maxiunivamalg #6"|8|23|1991.22
4004002|"edu packedu pack #2"|19|49|1990.02
9014005|"edu packunivamalg #5"|18|7|1989.45
10003008|"exportiunivamalg #8"|19|25|1989.00
3002001|"importoexporti #1"|18|4|1988.70
8005005|"scholarnameless #5"|9|49|1988.58
9012003|"importounivamalg #3"|9|30|1987.89
9016005|"corpunivamalg #5"|9|23|1987.03
2001002|"amalgimporto #2"|8|38|1986.64
3002001|"importoexporti #1"|6|16|1985.28
3004001|"edu packexporti #1"|17|52|1984.92
9003003|"exportimaxi #3"|17|28|1984.71
6009002|"maxicorp #2"|18|49|1984.36
6016003|"corpbrand #3"|17|29|1984.24
1004002|"edu packamalg #2"|19|55|1983.96
1002002|"importoamalg #2"|17|50|1982.97
9006011|"corpmaxi #11"|9|9|1981.54
9011008|"amalgunivamalg #8"|17|57|1981.32
1004002|"edu packamalg #2"|18|39|1980.16
6006004|"corpcorp #4"|19|47|1980.16
2004002|"edu packimporto #2"|18|50|1978.73
10002012|"importounivamalg #12"|6|38|1978.72
8002009|"importonameless #9"|18|36|1978.25
4001001|"amalgedu pack #1"|17|20|1978.20
2004001|"edu packimporto #1"|8|50|1977.78
6002003|"importocorp #3"|9|53|1977.60
7012009|"importonameless #9"|18|0|1975.68
9006008|"corpmaxi #8"|17|6|1975.32
2002001|"importoimporto #1"|17|11|1974.70
9006009|"corpmaxi #9"|19|16|1974.51
4001001|"amalgedu pack #1"|9|48|1973.34
1001001|"amalgamalg #1"|8|27|1973.30
9002003|"importomaxi #3"|19|59|1972.37
1003002|"exportiamalg #2"|8|8|1972.23
2003002|"exportiimporto #2"|17|18|1972.10
6015004|"scholarbrand #4"|19|20|1971.28
2001001|"amalgimporto #1"|8|5|1971.20
7010001|"univnameless #1"|17|26|1970.47
4002001|"importoedu pack #1"|7|27|1969.31
10016016|"corpamalgamalg #16"|17|43|1968.12
1001001|"amalgamalg #1"|9|52|1967.94
2004001|"edu packimporto #1"|7|57|1967.76
9002011|"importomaxi #11"|18|50|1967.63
2003002|"exportiimporto #2"|6|47|1966.56
4002001|"importoedu pack #1"|17|51|1965.76
8004003|"edu packnameless #3"|17|26|1965.14
10015010|"scholaramalgamalg #10"|19|30|1964.56
2004002|"edu packimporto #2"|17|3|1964.36
6015006|"scholarbrand #6"|8|57|1964.30
7015009|"scholarnameless #9"|9|10|1964.04
6012003|"importobrand #3"|17|16|1963.38
4004001|"edu packedu pack #1"|19|46|1963.28
4002002|"importoedu pack #2"|18|57|1962.90
9002003|"importomaxi #3"|18|51|1961.74
5002001|"importoscholar #1"|9|3|1960.70
6014004|"edu packbrand #4"|17|53|1960.42
9003005|"exportimaxi #5"|7|21|1960.00
9014002|"edu packunivamalg #2"|17|20|1958.13
9009002|"maximaxi #2"|18|54|1957.20
6007007|"brandcorp #7"|19|20|1954.68
5001001|"amalgscholar #1"|19|29|1954.50
9005009|"scholarmaxi #9"|17|5|1954.40
8003003|"exportinameless #3"|17|24|1954.06
5003001|"exportischolar #1"|9|21|1954.02
1001001|"amalgamalg #1"|17|20|1953.75
8004005|"edu packnameless #5"|6|26|1951.95
8004009|"edu packnameless #9"|9|32|1951.60
1001001|"amalgamalg #1"|18|38|1951.30
6016003|"corpbrand #3"|9|35|1950.35
5001001|"amalgscholar #1"|19|23|1950.12
10012001|"importoamalgamalg #1"|18|57|1950.00
5002002|"importoscholar #2"|19|28|1949.90
9013011|"exportiunivamalg #11"|7|33|1949.50
10016006|"corpamalgamalg #6"|19|20|1949.40
4004001|"edu packedu pack #1"|19|8|1949.09
10015012|"scholaramalgamalg #12"|9|13|1948.80
2002002|"importoimporto #2"|19|12|1948.10
3004002|"edu packexporti #2"|8|49|1947.47
8012010|"importomaxi #10"|19|20|1947.18
1002001|"importoamalg #1"|6|23|1946.74
1001001|"amalgamalg #1"|9|25|1946.25
4003001|"exportiedu pack #1"|8|21|1945.80
1002002|"importoamalg #2"|18|11|1945.63
1003002|"exportiamalg #2"|9|58|1945.03
5004002|"edu packscholar #2"|8|23|1944.93
2004001|"edu packimporto #1"|8|57|1942.92
1004002|"edu packamalg #2"|9|30|1942.13
8014005|"edu packmaxi #5"|7|22|1940.95
8010006|"univmaxi #6"|8|46|1939.02
7015009|"scholarnameless #9"|19|59|1938.24
6006007|"corpcorp #7"|19|4|1938.05
4004001|"edu packedu pack #1"|18|39|1938.00
7008005|"namelessbrand #5"|17|30|1937.95
8008007|"namelessnameless #7"|9|45|1936.98
7004007|"edu packbrand #7"|18|16|1936.08
8012010|"importomaxi #10"|9|18|1935.00
8016009|"corpmaxi #9"|7|12|1935.00
6014004|"edu packbrand #4"|17|14|1933.78
1004001|"edu packamalg #1"|19|51|1933.25
6004003|"edu packcorp #3"|17|57|1932.75
9014008|"edu packunivamalg #8"|19|31|1932.42
1001002|"amalgamalg #2"|18|35|1931.80
7013001|"exportinameless #1"|9|38|1931.77
4001002|"amalgedu pack #2"|18|42|1931.76
6016005|"corpbrand #5"|9|26|1930.68
2001001|"amalgimporto #1"|17|8|1930.50
6015008|"scholarbrand #8"|17|52|1929.43
10005010|"scholarunivamalg #10"|7|20|1929.13
2002002|"importoimporto #2"|9|15|1928.85
8004004|"edu packnameless #4"|8|41|1928.71
3004001|"edu packexporti #1"|18|5|1927.53
9015009|"scholarunivamalg #9"|9|35|1927.10
1002002|"importoamalg #2"|19|16|1926.98
7012003|"importonameless #3"|17|37|1926.72
5004001|"edu packscholar #1"|18|57|1926.38
10008012|"namelessunivamalg #12"|18|34|1926.32
10009006|"maxiunivamalg #6"|9|28|1926.02
3004001|"edu packexporti #1"|9|17|1925.10
8008003|"namelessnameless #3"|18|8|1923.65
2003002|"exportiimporto #2"|18|5|1918.82
6005001|"scholarcorp #1"|17|9|1918.50
9009002|"maximaxi #2"|17|59|1918.20
8010006|"univmaxi #6"|9|25|1917.80
4004001|"edu packedu pack #1"|17|35|1917.13
1001001|"amalgamalg #1"|9|28|1916.16
1001001|"amalgamalg #1"|18|36|1914.08
10016016|"corpamalgamalg #16"|8|26|1913.60
3004002|"edu packexporti #2"|18|41|1913.52
2003002|"exportiimporto #2"|8|29|1912.59
3001001|"amalgexporti #1"|6|21|1912.43
2004001|"edu packimporto #1"|18|58|1912.24
9015005|"scholarunivamalg #5"|19|18|1910.81
6008005|"namelesscorp #5"|17|10|1909.96
3002001|"importoexporti #1"|19|32|1907.88
8010002|"univmaxi #2"|18|56|1907.40
10007012|"brandunivamalg #12"|19|45|1906.84
2003002|"exportiimporto #2"|17|25|1906.52
7010001|"univnameless #1"|18|59|1905.64
1002001|"importoamalg #1"|19|27|1905.42
3003002|"exportiexporti #2"|7|49|1905.33
9011008|"amalgunivamalg #8"|18|11|1904.64
5004001|"edu packscholar #1"|17|8|1903.61
3003002|"exportiexporti #2"|19|7|1902.81
6001007|"amalgcorp #7"|17|13|1901.52
9013008|"exportiunivamalg #8"|8|25|1901.52
6015007|"scholarbrand #7"|18|23|1900.86
1001002|"amalgamalg #2"|17|52|1900.80
10011017|"amalgamalgamalg #17"|19|23|1899.80
3003002|"exportiexporti #2"|17|48|1899.24
8011008|"amalgmaxi #8"|17|45|1899.21
1003001|"exportiamalg #1"|18|37|1899.04
3003001|"exportiexporti #1"|8|0|1897.29
10009009|"maxiunivamalg #9"|17|16|1896.48
3002001|"importoexporti #1"|9|24|1896.25
9001008|"amalgmaxi #8"|18|39|1896.00
4003001|"exportiedu pack #1"|19|48|1895.96
10016016|"corpamalgamalg #16"|17|16|1895.25
10015005|"scholaramalgamalg #5"|17|44|1894.48
10002007|"importounivamalg #7"|19|26|1894.40
10006008|"corpunivamalg #8"|18|10|1894.05
8009005|"maxinameless #5"|7|28|1892.63
8011007|"amalgmaxi #7"|19|50|1892.56
3001002|"amalgexporti #2"|9|36|1891.89
8008003|"namelessnameless #3"|7|31|1891.12
4004002|"edu packedu pack #2"|19|17|1890.00
8002009|"importonameless #9"|18|48|1890.00
6006003|"corpcorp #3"|19|16|1889.76
7004008|"edu packbrand #8"|17|56|1889.17
7007004|"brandbrand #4"|19|47|1889.00
6006002|"corpcorp #2"|17|46|1888.56
4003001|"exportiedu pack #1"|17|20|1884.74
10016008|"corpamalgamalg #8"|17|57|1884.35
5004002|"edu packscholar #2"|7|20|1883.36
6016003|"corpbrand #3"|19|31|1882.39
1002001|"importoamalg #1"|18|38|1881.99
5001001|"amalgscholar #1"|19|0|1881.62
4003001|"exportiedu pack #1"|17|4|1880.26
5002001|"importoscholar #1"|19|37|1878.24
3004002|"edu packexporti #2"|18|58|1874.25
7004009|"edu packbrand #9"|19|53|1874.04
4002002|"importoedu pack #2"|19|0|1873.50
7008006|"namelessbrand #6"|19|25|1871.46
8011007|"amalgmaxi #7"|9|16|1871.05
1001002|"amalgamalg #2"|17|29|1871.00
10003004|"exportiunivamalg #4"|9|42|1870.56
6001001|"amalgcorp #1"|17|8|1870.08
8011008|"amalgmaxi #8"|18|23|1869.76
4002002|"importoedu pack #2"|8|18|1868.57
6016003|"corpbrand #3"|19|23|1867.60
2001002|"amalgimporto #2"|18|7|1867.14
3004001|"edu packexporti #1"|18|17|1866.90
2002001|"importoimporto #1"|17|25|1865.07
6006003|"corpcorp #3"|7|55|1863.90
7012010|"importonameless #10"|17|12|1862.38
9012008|"importounivamalg #8"|18|20|1861.16
6007003|"brandcorp #3"|19|6|1860.04
8006008|"corpnameless #8"|18|16|1860.00
5003002|"exportischolar #2"|7|37|1858.92
5002001|"importoscholar #1"|18|14|1858.78
4003001|"exportiedu pack #1"|17|50|1858.56
5003002|"exportischolar #2"|17|27|1854.00
1004002|"edu packamalg #2"|18|15|1853.24
9016002|"corpunivamalg #2"|18|43|1850.10
4003001|"exportiedu pack #1"|9|36|1850.00
4002002|"importoedu pack #2"|18|18|1847.16
10012006|"importoamalgamalg #6"|18|53|1847.00
8004005|"edu packnameless #5"|7|9|1846.16
8008009|"namelessnameless #9"|17|1|1845.90
8005005|"scholarnameless #5"|9|10|1845.22
8016003|"corpmaxi #3"|17|56|1844.37
5004002|"edu packscholar #2"|17|6|1844.15
1003002|"exportiamalg #2"|18|19|1843.01
6015004|"scholarbrand #4"|17|57|1842.12
5001001|"amalgscholar #1"|8|40|1840.83
6015006|"scholarbrand #6"|9|49|1840.49
10008002|"namelessunivamalg #2"|17|43|1840.30
3004001|"edu packexporti #1"|18|21|1838.42
6012005|"importobrand #5"|18|42|1836.76
1003002|"exportiamalg #2"|19|8|1836.60
2002001|"importoimporto #1"|9|36|1836.20
3004002|"edu packexporti #2"|7|17|1835.73
6008005|"namelesscorp #5"|19|21|1835.24
7006008|"corpbrand #8"|17|39|1835.10
10011004|"amalgamalgamalg #4"|17|6|1835.05
7001005|"amalgbrand #5"|18|0|1834.95
5001001|"amalgscholar #1"|9|0|1833.92
6007007|"brandcorp #7"|19|22|1833.56
7010004|"univnameless #4"|9|2|1832.80
3004001|"edu packexporti #1"|8|32|1831.50
7013009|"exportinameless #9"|18|27|1831.24
4002001|"importoedu pack #1"|7|6|1831.20
2002001|"importoimporto #1"|18|17|1831.18
8008007|"namelessnameless #7"|19|8|1830.84
4003001|"exportiedu pack #1"|19|26|1830.01
2001001|"amalgimporto #1"|19|57|1828.75
10006013|"corpunivamalg #13"|9|18|1828.20
4004002|"edu packedu pack #2"|7|13|1827.75
10009008|"maxiunivamalg #8"|17|8|1827.52
10005013|"scholarunivamalg #13"|9|34|1827.14
1001002|"amalgamalg #2"|19|46|1826.00
9008005|"namelessmaxi #5"|17|32|1825.20
10016001|"corpamalgamalg #1"|9|15|1825.20
3004001|"edu packexporti #1"|7|32|1824.66
8003003|"exportinameless #3"|17|34|1824.51
7002008|"importobrand #8"|8|18|1823.80
5004001|"edu packscholar #1"|9|16|1823.64
3004001|"edu packexporti #1"|19|54|1823.29
9001011|"amalgmaxi #11"|8|55|1821.60
2002001|"importoimporto #1"|17|19|1821.00
9001011|"amalgmaxi #11"|18|29|1820.52
1003002|"exportiamalg #2"|8|52|1819.17
7007010|"brandbrand #10"|9|52|1818.66
10008015|"namelessunivamalg #15"|9|36|1816.31
5001002|"amalgscholar #2"|17|53|1812.72
5004001|"edu packscholar #1"|9|27|1811.64
1001001|"amalgamalg #1"|9|40|1811.28
1004002|"edu packamalg #2"|17|37|1810.12
6002005|"importocorp #5"|19|52|1808.80
6001007|"amalgcorp #7"|18|41|1808.44
4003002|"exportiedu pack #2"|9|13|1807.76
10015012|"scholaramalgamalg #12"|18|12|1806.87
10012004|"importoamalgamalg #4"|19|15|1805.05
8005003|"scholarnameless #3"|9|19|1804.44
8007007|"brandnameless #7"|19|54|1804.00
6003007|"exporticorp #7"|17|19|1803.56
10013013|"exportiamalgamalg #13"|9|3|1802.71
1001002|"amalgamalg #2"|8|1|1802.64
4003001|"exportiedu pack #1"|18|4|1802.16
3001001|"amalgexporti #1"|17|5|1802.04
3001001|"amalgexporti #1"|18|19|1801.17
1004002|"edu packamalg #2"|18|4|1800.89
3001002|"amalgexporti #2"|9|35|1799.28
9011009|"amalgunivamalg #9"|17|31|1798.23
9016008|"corpunivamalg #8"|19|42|1796.76
9003008|"exportimaxi #8"|19|14|1796.58
9001008|"amalgmaxi #8"|18|57|1795.42
2004001|"edu packimporto #1"|19|40|1793.45
2001002|"amalgimporto #2"|19|9|1792.14
10012010|"importoamalgamalg #10"|9|54|1790.88
1001002|"amalgamalg #2"|19|26|1787.94
9001003|"amalgmaxi #3"|9|25|1785.99
1003001|"exportiamalg #1"|8|50|1785.00
4003001|"exportiedu pack #1"|17|19|1784.36
3001001|"amalgexporti #1"|19|22|1783.18
5003001|"exportischolar #1"|19|4|1783.04
3002002|"importoexporti #2"|17|5|1782.87
8010001|"univmaxi #1"|18|45|1781.60
9012003|"importounivamalg #3"|9|6|1781.20
9003008|"exportimaxi #8"|8|39|1780.24
6010002|"univbrand #2"|6|35|1778.75
9003005|"exportimaxi #5"|17|42|1776.50
10016001|"corpamalgamalg #1"|18|29|1775.02
7009010|"maxibrand #10"|9|26|1774.32
1001001|"amalgamalg #1"|17|13|1773.08
8005010|"scholarnameless #10"|9|48|1771.90
1003001|"exportiamalg #1"|17|0|1770.69
6011003|"amalgbrand #3"|8|7|1769.95
10016003|"corpamalgamalg #3"|18|32|1769.87
2004002|"edu packimporto #2"|9|23|1768.02
7013007|"exportinameless #7"|17|38|1768.00
10002007|"importounivamalg #7"|18|21|1766.28
4002002|"importoedu pack #2"|17|37|1766.17
3002001|"importoexporti #1"|18|10|1765.76
3001001|"amalgexporti #1"|9|30|1765.62
6012003|"importobrand #3"|17|30|1765.06
10011017|"amalgamalgamalg #17"|8|52|1764.21
7010008|"univnameless #8"|17|29|1763.84
4002002|"importoedu pack #2"|19|38|1763.00
2003001|"exportiimporto #1"|18|11|1762.80
6010005|"univbrand #5"|17|12|1761.46
2002002|"importoimporto #2"|8|1|1761.12
3001001|"amalgexporti #1"|19|36|1760.70
2001002|"amalgimporto #2"|6|57|1760.30
5004002|"edu packscholar #2"|19|37|1759.10
10005013|"scholarunivamalg #13"|17|20|1758.72
6006003|"corpcorp #3"|8|16|1758.33
9002003|"importomaxi #3"|6|27|1758.32
2004002|"edu packimporto #2"|19|49|1757.35
7010001|"univnameless #1"|19|56|1756.95
10003007|"exportiunivamalg #7"|17|16|1756.65
7015002|"scholarnameless #2"|17|24|1755.12
7007010|"brandbrand #10"|17|12|1754.40
6012008|"importobrand #8"|18|47|1753.92
10010017|"univamalgamalg #17"|19|40|1751.68
4001001|"amalgedu pack #1"|19|49|1751.50
5004001|"edu packscholar #1"|9|40|1751.39
8015005|"scholarmaxi #5"|17|53|1750.85
10002007|"importounivamalg #7"|18|19|1749.30
5004002|"edu packscholar #2"|9|31|1748.04
9013008|"exportiunivamalg #8"|6|40|1746.92
9003008|"exportimaxi #8"|9|12|1746.39
4002001|"importoedu pack #1"|9|53|1746.24
1004002|"edu packamalg #2"|9|4|1746.00
7016007|"corpnameless #7"|19|28|1745.50
7015003|"scholarnameless #3"|9|42|1745.01
4004002|"edu packedu pack #2"|8|35|1743.46
5001002|"amalgscholar #2"|9|18|1742.79
6012005|"importobrand #5"|19|38|1742.76
4002002|"importoedu pack #2"|19|32|1742.00
8005005|"scholarnameless #5"|9|18|1741.65
7006003|"corpbrand #3"|18|22|1741.32
7005006|"scholarbrand #6"|9|2|1741.22
1002001|"importoamalg #1"|8|27|1739.10
8004001|"edu packnameless #1"|6|48|1738.50
10015003|"scholaramalgamalg #3"|17|12|1736.96
6010006|"univbrand #6"|7|6|1736.77
7004004|"edu packbrand #4"|8|1|1736.28
10012005|"importoamalgamalg #5"|8|3|1733.55
10011017|"amalgamalgamalg #17"|17|2|1733.28
6015004|"scholarbrand #4"|9|27|1733.01
10015012|"scholaramalgamalg #12"|9|37|1731.80
3004002|"edu packexporti #2"|17|17|1731.68
2001002|"amalgimporto #2"|19|17|1731.36
5004001|"edu packscholar #1"|19|15|1731.03
2001001|"amalgimporto #1"|8|8|1730.55
7003003|"exportibrand #3"|18|23|1730.19
10006003|"corpunivamalg #3"|18|30|1730.16
10013013|"exportiamalgamalg #13"|9|22|1729.60
8009005|"maxinameless #5"|19|54|1727.73
7010010|"univnameless #10"|9|57|1727.55
7007004|"brandbrand #4"|9|0|1727.54
5001001|"amalgscholar #1"|8|55|1726.50
6003007|"exporticorp #7"|9|22|1725.46
2003002|"exportiimporto #2"|19|11|1725.30
3004001|"edu packexporti #1"|18|29|1725.21
6015006|"scholarbrand #6"|9|13|1724.92
6010002|"univbrand #2"|17|49|1724.58
9014002|"edu packunivamalg #2"|9|18|1724.41
2002001|"importoimporto #1"|18|28|1721.44
9016008|"corpunivamalg #8"|9|11|1720.81
4003001|"exportiedu pack #1"|9|22|1719.48
9015009|"scholarunivamalg #9"|18|59|1719.12
7014009|"edu packnameless #9"|19|7|1718.64
4002002|"importoedu pack #2"|8|17|1718.55
2002001|"importoimporto #1"|19|56|1717.56
8016003|"corpmaxi #3"|18|46|1716.14
2001001|"amalgimporto #1"|17|44|1715.64
6016003|"corpbrand #3"|9|41|1715.57
3004002|"edu packexporti #2"|8|39|1715.49
7009005|"maxibrand #5"|17|23|1715.20
8002009|"importonameless #9"|9|1|1714.44
6009004|"maxicorp #4"|17|33|1714.28
1002002|"importoamalg #2"|8|2|1713.14
8009009|"maxinameless #9"|19|30|1712.75
7009009|"maxibrand #9"|9|28|1712.28
6006002|"corpcorp #2"|19|52|1712.04
3002002|"importoexporti #2"|19|35|1711.46
2002002|"importoimporto #2"|17|48|1710.41
7010004|"univnameless #4"|17|22|1710.03
4003001|"exportiedu pack #1"|8|43|1709.60
6015006|"scholarbrand #6"|9|14|1709.34
1003002|"exportiamalg #2"|7|14|1708.84
5001001|"amalgscholar #1"|19|11|1707.58
9009002|"maximaxi #2"|9|4|1707.48
1003002|"exportiamalg #2"|17|8|1706.88
2003001|"exportiimporto #1"|17|26|1705.69
10010017|"univamalgamalg #17"|8|21|1704.00
2004002|"edu packimporto #2"|9|3|1701.18
10005014|"scholarunivamalg #14"|9|14|1701.00
4001002|"amalgedu pack #2"|17|41|1700.79
6003003|"exporticorp #3"|9|19|1700.79
6015008|"scholarbrand #8"|19|21|1700.48
10013013|"exportiamalgamalg #13"|17|32|1697.64
4002001|"importoedu pack #1"|18|18|1697.40
10006008|"corpunivamalg #8"|17|11|1696.64
7012010|"importonameless #10"|18|41|1695.56
1003002|"exportiamalg #2"|17|52|1694.88
10006017|"corpunivamalg #17"|18|17|1694.72
1003001|"exportiamalg #1"|19|48|1694.55
6011008|"amalgbrand #8"|18|51|1694.16
9002011|"importomaxi #11"|6|4|1694.00
10012001|"importoamalgamalg #1"|17|2|1693.80
10007014|"brandunivamalg #14"|7|54|1693.62
6005007|"scholarcorp #7"|9|31|1693.28
7010004|"univnameless #4"|7|35|1693.20
4002001|"importoedu pack #1"|19|13|1693.02
6012001|"importobrand #1"|19|35|1690.65
9008005|"namelessmaxi #5"|18|8|1689.66
10016016|"corpamalgamalg #16"|19|30|1689.60
1003001|"exportiamalg #1"|17|14|1689.30
8014005|"edu packmaxi #5"|18|32|1688.05
10006017|"corpunivamalg #17"|19|44|1686.36
1001001|"amalgamalg #1"|17|31|1685.80
10016007|"corpamalgamalg #7"|18|1|1684.20
3003001|"exportiexporti #1"|9|7|1683.99
8008005|"namelessnameless #5"|19|43|1683.88
6015004|"scholarbrand #4"|17|43|1681.35
7007004|"brandbrand #4"|19|35|1681.25
3001002|"amalgexporti #2"|18|34|1680.36
2001001|"amalgimporto #1"|17|49|1679.68
6003007|"exporticorp #7"|18|13|1678.95
9001005|"amalgmaxi #5"|18|55|1678.34
4003001|"exportiedu pack #1"|19|3|1678.30
5002002|"importoscholar #2"|9|9|1677.56
9007009|"brandmaxi #9"|17|17|1676.78
9010009|"univunivamalg #9"|9|53|1676.52
10012010|"importoamalgamalg #10"|9|17|1675.45
8015005|"scholarmaxi #5"|18|11|1674.93
7004006|"edu packbrand #6"|19|29|1674.22
9011008|"amalgunivamalg #8"|9|58|1672.40
10014001|"edu packamalgamalg #1"|18|23|1672.33
4004002|"edu packedu pack #2"|9|11|1670.72
6002003|"importocorp #3"|18|10|1669.96
1002002|"importoamalg #2"|17|55|1669.72
6012002|"importobrand #2"|9|45|1668.45
10006009|"corpunivamalg #9"|17|50|1667.13
7005006|"scholarbrand #6"|18|54|1666.60
9015003|"scholarunivamalg #3"|6|33|1666.56
5004001|"edu packscholar #1"|18|48|1666.50
5003001|"exportischolar #1"|19|42|1666.17
6003008|"exporticorp #8"|9|44|1666.08
5002001|"importoscholar #1"|19|55|1665.91
3003001|"exportiexporti #1"|9|42|1665.20
7005007|"scholarbrand #7"|19|50|1663.44
4004002|"edu packedu pack #2"|19|36|1662.08
6012001|"importobrand #1"|18|51|1661.91
6011003|"amalgbrand #3"|18|2|1661.85
6015006|"scholarbrand #6"|19|31|1660.80
10013002|"exportiamalgamalg #2"|17|26|1659.96
5004001|"edu packscholar #1"|19|41|1658.88
3003001|"exportiexporti #1"|17|11|1658.28
8013009|"exportimaxi #9"|8|36|1657.53
6015008|"scholarbrand #8"|17|12|1657.38
7012010|"importonameless #10"|17|8|1657.12
2001002|"amalgimporto #2"|8|23|1656.96
10014016|"edu packamalgamalg #16"|8|12|1656.48
1004001|"edu packamalg #1"|18|38|1656.43
5004001|"edu packscholar #1"|19|33|1656.27
7009003|"maxibrand #3"|18|6|1656.00
1004002|"edu packamalg #2"|17|13|1655.97
6015006|"scholarbrand #6"|17|10|1655.55
8004003|"edu packnameless #3"|9|16|1655.50
4002001|"importoedu pack #1"|18|28|1654.62
10015001|"scholaramalgamalg #1"|17|58|1653.59
6007007|"brandcorp #7"|8|29|1653.24
1004002|"edu packamalg #2"|18|55|1653.08
6009004|"maxicorp #4"|18|29|1652.78
3001001|"amalgexporti #1"|8|7|1652.20
8010008|"univmaxi #8"|17|48|1652.13
3002001|"importoexporti #1"|17|58|1651.66
2001001|"amalgimporto #1"|9|38|1651.42
8010006|"univmaxi #6"|9|48|1651.26
3002001|"importoexporti #1"|17|31|1651.20
10015013|"scholaramalgamalg #13"|18|41|1649.70
2003002|"exportiimporto #2"|9|35|1649.52
6012001|"importobrand #1"|6|55|1648.66
4002002|"importoedu pack #2"|17|50|1648.64
2004001|"edu packimporto #1"|9|45|1648.08
7006004|NULL|18|23|1647.64
4002001|"importoedu pack #1"|19|23|1647.36
4004002|"edu packedu pack #2"|18|48|1646.86
10012005|"importoamalgamalg #5"|18|7|1646.82
8011009|"amalgmaxi #9"|17|29|1644.69
5003001|"exportischolar #1"|7|55|1643.88
10003015|"exportiunivamalg #15"|19|49|1643.56
6011003|"amalgbrand #3"|19|32|1643.52
10014001|"edu packamalgamalg #1"|7|26|1642.62
9015003|"scholarunivamalg #3"|9|3|1641.69
7010001|"univnameless #1"|7|20|1640.64
9007003|"brandmaxi #3"|9|47|1639.84
8011007|"amalgmaxi #7"|17|39|1639.04
10008002|"namelessunivamalg #2"|17|25|1639.00
9006011|"corpmaxi #11"|17|22|1638.90
4003001|"exportiedu pack #1"|17|47|1637.64
5001002|"amalgscholar #2"|17|29|1637.02
7007010|"brandbrand #10"|17|46|1636.48
7010004|"univnameless #4"|19|37|1635.75
9015002|"scholarunivamalg #2"|8|59|1635.75
7005006|"scholarbrand #6"|19|13|1633.70
1004001|"edu packamalg #1"|19|18|1633.21
6005001|"scholarcorp #1"|18|20|1632.96
5004001|"edu packscholar #1"|17|18|1632.39
8009003|"maxinameless #3"|19|49|1631.28
8010009|"univmaxi #9"|9|41|1630.86
2001002|"amalgimporto #2"|17|21|1630.40
1001001|"amalgamalg #1"|6|47|1629.95
9007009|"brandmaxi #9"|18|46|1628.80
7015002|"scholarnameless #2"|18|25|1628.55
7012005|"importonameless #5"|9|47|1626.56
7008009|"namelessbrand #9"|17|9|1626.40
6006007|"corpcorp #7"|17|35|1625.88
9005009|"scholarmaxi #9"|9|25|1624.50
9001011|"amalgmaxi #11"|19|37|1624.35
5004002|"edu packscholar #2"|17|21|1623.60
3003002|"exportiexporti #2"|18|36|1623.37
3001001|"amalgexporti #1"|8|23|1623.27
7001007|"amalgbrand #7"|9|59|1623.19
8011008|"amalgmaxi #8"|9|6|1622.26
1002001|"importoamalg #1"|17|48|1621.62
4002001|"importoedu pack #1"|18|53|1621.62
7001009|"amalgbrand #9"|17|38|1621.20
1001001|"amalgamalg #1"|18|54|1620.80
10004008|"edu packunivamalg #8"|18|46|1620.36
7012005|"importonameless #5"|18|49|1618.72
5001002|"amalgscholar #2"|17|54|1617.21
6008003|"namelesscorp #3"|9|35|1616.34
10008002|"namelessunivamalg #2"|7|18|1616.25
9006008|"corpmaxi #8"|6|41|1615.95
6015005|"scholarbrand #5"|18|41|1615.05
8004009|"edu packnameless #9"|8|34|1614.84
10006003|"corpunivamalg #3"|9|18|1614.48
9011008|"amalgunivamalg #8"|19|30|1612.71
7012010|"importonameless #10"|9|20|1612.53
NULL|NULL|18|35|1612.00
10003011|"exportiunivamalg #11"|8|18|1611.60
7013009|"exportinameless #9"|8|40|1611.21
10016004|"corpamalgamalg #4"|8|58|1610.08
9014011|"edu packunivamalg #11"|17|45|1610.00
6008005|"namelesscorp #5"|8|24|1609.52
4004002|"edu packedu pack #2"|19|13|1608.96
2004002|"edu packimporto #2"|9|28|1607.04
1003002|"exportiamalg #2"|17|24|1606.84
8008004|"namelessnameless #4"|17|11|1606.64
10004015|"edu packunivamalg #15"|9|27|1606.46
7016007|"corpnameless #7"|7|6|1605.99
10009013|"maxiunivamalg #13"|18|41|1604.64
5002001|"importoscholar #1"|19|56|1604.28
3002001|"importoexporti #1"|18|24|1603.00
1001001|"amalgamalg #1"|9|51|1600.83
3002001|"importoexporti #1"|19|35|1600.63
5003002|"exportischolar #2"|8|28|1600.55
1004002|"edu packamalg #2"|17|14|1599.92
3003001|"exportiexporti #1"|17|48|1599.78
3003001|"exportiexporti #1"|9|56|1599.00
2003001|"exportiimporto #1"|9|12|1597.71
3003001|"exportiexporti #1"|8|21|1597.32
10016002|"corpamalgamalg #2"|7|43|1597.14
7003003|"exportibrand #3"|19|18|1596.79
1003002|"exportiamalg #2"|19|0|1596.51
3001002|"amalgexporti #2"|9|1|1595.44
9007003|"brandmaxi #3"|18|58|1595.18
5003001|"exportischolar #1"|18|18|1594.71
5001001|"amalgscholar #1"|19|27|1594.08
7007010|"brandbrand #10"|17|24|1593.60
7004004|"edu packbrand #4"|18|58|1593.15
8005009|"scholarnameless #9"|18|51|1592.90
3002001|"importoexporti #1"|19|23|1592.86
9013008|"exportiunivamalg #8"|17|39|1592.68
8008005|"namelessnameless #5"|8|51|1591.60
7003009|"exportibrand #9"|9|53|1591.42
9009003|"maximaxi #3"|8|15|1591.23
10006013|"corpunivamalg #13"|18|22|1590.50
8012004|"importomaxi #4"|9|31|1590.40
1003001|"exportiamalg #1"|7|35|1590.36
1004001|"edu packamalg #1"|19|16|1588.57
9014002|"edu packunivamalg #2"|9|53|1588.23
1003002|"exportiamalg #2"|18|11|1587.20
4002002|"importoedu pack #2"|9|30|1586.62
3002002|"importoexporti #2"|8|19|1585.74
8010009|"univmaxi #9"|19|4|1585.71
6008005|"namelesscorp #5"|6|26|1585.22
5003002|"exportischolar #2"|9|4|1584.72
10016016|"corpamalgamalg #16"|17|40|1584.44
2004002|"edu packimporto #2"|9|17|1584.15
4001001|"amalgedu pack #1"|18|14|1584.00
7013009|"exportinameless #9"|8|7|1584.00
9007005|"brandmaxi #5"|19|45|1583.01
1004002|"edu packamalg #2"|18|19|1582.96
10016002|"corpamalgamalg #2"|7|21|1582.86
2003001|"exportiimporto #1"|9|41|1582.20
9009002|"maximaxi #2"|17|6|1581.58
9011008|"amalgunivamalg #8"|19|56|1581.30
10009006|"maxiunivamalg #6"|17|23|1580.04
10015004|"scholaramalgamalg #4"|19|30|1579.50
2003001|"exportiimporto #1"|19|32|1578.50
6009003|"maxicorp #3"|19|15|1578.45
9016005|"corpunivamalg #5"|18|57|1578.45
9014003|"edu packunivamalg #3"|17|21|1578.26
2002001|"importoimporto #1"|19|31|1578.02
8009009|"maxinameless #9"|18|7|1577.07
5004001|"edu packscholar #1"|9|24|1576.20
5002001|"importoscholar #1"|18|22|1575.44
3003001|"exportiexporti #1"|19|55|1575.42
9012011|"importounivamalg #11"|18|20|1575.22
6001008|"amalgcorp #8"|9|57|1575.20
1001002|"amalgamalg #2"|19|18|1575.00
6015007|"scholarbrand #7"|19|34|1574.70
7016001|"corpnameless #1"|7|59|1574.63
2002001|"importoimporto #1"|19|40|1573.37
6010006|"univbrand #6"|19|15|1573.04
7011008|"amalgnameless #8"|17|11|1572.51
10011017|"amalgamalgamalg #17"|19|7|1572.25
2003001|"exportiimporto #1"|18|57|1571.64
10015013|"scholaramalgamalg #13"|17|12|1571.40
2001002|"amalgimporto #2"|18|22|1571.15
5004001|"edu packscholar #1"|18|26|1569.15
2002001|"importoimporto #1"|9|53|1568.16
8004003|"edu packnameless #3"|17|44|1567.83
6008007|"namelesscorp #7"|19|17|1567.80
1001002|"amalgamalg #2"|19|36|1567.69
1001002|"amalgamalg #2"|18|9|1567.44
6015005|"scholarbrand #5"|19|19|1566.74
7011008|"amalgnameless #8"|9|47|1565.60
9009002|"maximaxi #2"|9|11|1564.50
5002001|"importoscholar #1"|19|16|1564.29
8012001|"importomaxi #1"|17|43|1564.13
7010010|"univnameless #10"|6|46|1563.15
7012010|"importonameless #10"|18|25|1563.00
6006007|"corpcorp #7"|17|14|1562.82
1002001|"importoamalg #1"|8|24|1562.25
1001001|"amalgamalg #1"|9|5|1561.76
4002001|"importoedu pack #1"|17|57|1561.76
10016004|"corpamalgamalg #4"|9|23|1561.28
7010009|"univnameless #9"|9|30|1561.17
5001001|"amalgscholar #1"|9|19|1560.93
3001001|"amalgexporti #1"|17|31|1560.72
2002002|"importoimporto #2"|17|49|1560.40
8005008|"scholarnameless #8"|19|0|1559.87
5004001|"edu packscholar #1"|17|5|1559.52
8005009|"scholarnameless #9"|18|29|1559.46
2001002|"amalgimporto #2"|18|33|1559.28
9008005|"namelessmaxi #5"|17|14|1558.92
1001001|"amalgamalg #1"|9|3|1557.60
2001001|"amalgimporto #1"|7|12|1557.58
9015002|"scholarunivamalg #2"|9|49|1556.64
10012017|"importoamalgamalg #17"|18|52|1555.20
5004001|"edu packscholar #1"|17|26|1555.19
3003001|"exportiexporti #1"|8|22|1554.72
9013011|"exportiunivamalg #11"|17|16|1554.28
10009006|"maxiunivamalg #6"|6|41|1554.28
4001001|"amalgedu pack #1"|19|9|1554.17
10006002|"corpunivamalg #2"|18|29|1554.00
5003002|"exportischolar #2"|19|42|1553.31
7007010|"brandbrand #10"|18|41|1552.32
6003005|"exporticorp #5"|18|38|1551.72
10013002|"exportiamalgamalg #2"|9|3|1550.66
9003005|"exportimaxi #5"|9|48|1550.25
1003001|"exportiamalg #1"|8|37|1550.12
9011008|"amalgunivamalg #8"|8|16|1550.06
6003003|"exporticorp #3"|18|59|1549.38
9002003|"importomaxi #3"|17|39|1548.26
2004001|"edu packimporto #1"|19|53|1545.22
4003002|"exportiedu pack #2"|17|38|1544.89
8003009|"exportinameless #9"|9|25|1544.75
10015004|"scholaramalgamalg #4"|19|43|1544.22
1003001|"exportiamalg #1"|18|44|1542.24
10015001|"scholaramalgamalg #1"|18|35|1540.50
5004001|"edu packscholar #1"|17|41|1540.35
4004001|"edu packedu pack #1"|18|9|1540.24
6012002|"importobrand #2"|19|50|1539.99
7003003|"exportibrand #3"|9|47|1539.72
6003007|"exporticorp #7"|9|59|1538.78
7004009|"edu packbrand #9"|17|7|1538.72
8013004|"exportimaxi #4"|17|42|1537.65
4004002|"edu packedu pack #2"|19|52|1536.72
5003002|"exportischolar #2"|19|39|1536.42
2003002|"exportiimporto #2"|19|32|1536.08
10015010|"scholaramalgamalg #10"|18|56|1535.73
9003011|"exportimaxi #11"|9|8|1535.58
1004001|"edu packamalg #1"|9|27|1535.40
1003002|"exportiamalg #2"|19|55|1535.25
7003005|"exportibrand #5"|6|32|1534.24
3002002|"importoexporti #2"|17|10|1533.84
5004002|"edu packscholar #2"|17|25|1532.58
9006008|"corpmaxi #8"|8|24|1532.18
3002002|"importoexporti #2"|19|37|1530.76
2001002|"amalgimporto #2"|18|25|1529.92
8005008|"scholarnameless #8"|17|6|1528.64
2004001|"edu packimporto #1"|19|16|1528.56
2002001|"importoimporto #1"|18|21|1527.97
5004001|"edu packscholar #1"|17|52|1527.68
4003002|"exportiedu pack #2"|8|10|1527.60
1003002|"exportiamalg #2"|7|8|1526.04
3001001|"amalgexporti #1"|8|1|1525.89
2003001|"exportiimporto #1"|6|23|1525.26
3001001|"amalgexporti #1"|9|7|1523.98
2004002|"edu packimporto #2"|19|29|1523.74
8008005|"namelessnameless #5"|9|52|1523.50
9016008|"corpunivamalg #8"|8|5|1523.37
8004003|"edu packnameless #3"|18|40|1522.10
5004001|"edu packscholar #1"|9|43|1522.08
6014007|"edu packbrand #7"|17|53|1522.08
4002002|"importoedu pack #2"|18|43|1520.56
1001001|"amalgamalg #1"|9|29|1519.98
3004001|"edu packexporti #1"|17|2|1519.00
7013007|"exportinameless #7"|17|22|1518.00
7012003|"importonameless #3"|9|46|1517.77
5002002|"importoscholar #2"|17|58|1517.60
2003001|"exportiimporto #1"|19|7|1517.50
4003001|"exportiedu pack #1"|9|52|1517.48
8010005|"univmaxi #5"|19|21|1516.83
3001002|"amalgexporti #2"|19|58|1516.08
7001009|"amalgbrand #9"|17|41|1515.36
7016007|"corpnameless #7"|17|56|1515.15
10003015|"exportiunivamalg #15"|17|29|1513.44
4004002|"edu packedu pack #2"|8|53|1513.22
1004001|"edu packamalg #1"|6|38|1513.00
9011008|"amalgunivamalg #8"|17|14|1512.00
9015011|"scholarunivamalg #11"|19|29|1511.48
7004009|"edu packbrand #9"|8|52|1510.40
6016005|"corpbrand #5"|18|15|1509.48
8010008|"univmaxi #8"|17|46|1509.00
2003001|"exportiimporto #1"|18|54|1508.53
6015005|"scholarbrand #5"|6|46|1508.43
9013009|"exportiunivamalg #9"|18|30|1508.24
8008003|"namelessnameless #3"|8|7|1505.10
9015011|"scholarunivamalg #11"|7|8|1504.75
8009005|"maxinameless #5"|19|47|1504.14
5001001|"amalgscholar #1"|19|46|1503.58
10006002|"corpunivamalg #2"|9|6|1503.18
6012003|"importobrand #3"|19|17|1503.09
8016004|"corpmaxi #4"|17|51|1502.90
9006008|"corpmaxi #8"|9|15|1502.13
6011001|"amalgbrand #1"|17|24|1501.10
8010005|"univmaxi #5"|18|35|1499.88
4004002|"edu packedu pack #2"|7|47|1499.76
10014001|"edu packamalgamalg #1"|18|0|1497.87
9012011|"importounivamalg #11"|9|39|1496.88
3003001|"exportiexporti #1"|19|36|1496.61
2003001|"exportiimporto #1"|19|45|1496.32
1004002|"edu packamalg #2"|6|37|1494.00
9009002|"maximaxi #2"|6|9|1494.00
10002014|"importounivamalg #14"|9|43|1493.80
8003003|"exportinameless #3"|8|20|1493.22
1004001|"edu packamalg #1"|18|58|1492.75
7001007|"amalgbrand #7"|19|35|1492.48
7003003|"exportibrand #3"|18|17|1492.05
3001001|"amalgexporti #1"|18|47|1490.93
2002002|"importoimporto #2"|19|2|1490.89
10016008|"corpamalgamalg #8"|19|3|1490.89
9015011|"scholarunivamalg #11"|8|44|1490.88
10015012|"scholaramalgamalg #12"|17|13|1489.92
1004001|"edu packamalg #1"|6|33|1489.75
4001001|"amalgedu pack #1"|17|10|1488.62
6012004|"importobrand #4"|17|19|1488.56
3002001|"importoexporti #1"|9|8|1485.60
6007007|"brandcorp #7"|6|3|1485.55
1003002|"exportiamalg #2"|17|23|1485.38
4001002|"amalgedu pack #2"|19|16|1485.12
10004015|"edu packunivamalg #15"|9|5|1483.96
3003001|"exportiexporti #1"|9|48|1483.56
3002001|"importoexporti #1"|19|49|1483.03
6003003|"exporticorp #3"|7|31|1482.12
2001001|"amalgimporto #1"|9|48|1479.52
7014002|"edu packnameless #2"|8|17|1479.00
2002002|"importoimporto #2"|17|5|1478.40
2002002|"importoimporto #2"|7|15|1478.00
7014002|"edu packnameless #2"|9|43|1477.44
1002002|"importoamalg #2"|19|55|1475.20
10004015|"edu packunivamalg #15"|19|58|1474.80
7015003|"scholarnameless #3"|18|22|1473.90
6005008|"scholarcorp #8"|19|35|1473.75
6008005|"namelesscorp #5"|7|1|1473.54
3003002|"exportiexporti #2"|19|53|1473.12
6015004|"scholarbrand #4"|9|8|1471.89
4001002|"amalgedu pack #2"|7|36|1471.77
9006002|"corpmaxi #2"|19|17|1471.10
6005003|"scholarcorp #3"|7|20|1470.15
7014002|"edu packnameless #2"|18|5|1470.08
7015002|"scholarnameless #2"|7|30|1469.46
4003001|"exportiedu pack #1"|8|20|1469.08
2001001|"amalgimporto #1"|9|42|1468.70
10015001|"scholaramalgamalg #1"|17|7|1468.48
1004002|"edu packamalg #2"|6|29|1468.39
2004002|"edu packimporto #2"|9|29|1468.16
10011014|"amalgamalgamalg #14"|9|35|1468.00
10015003|"scholaramalgamalg #3"|18|26|1468.00
4004001|"edu packedu pack #1"|9|26|1467.69
9013002|"exportiunivamalg #2"|19|26|1466.08
1004002|"edu packamalg #2"|18|8|1465.53
6016005|"corpbrand #5"|6|29|1465.10
9013009|"exportiunivamalg #9"|9|30|1464.38
4001002|"amalgedu pack #2"|18|24|1464.12
3004001|"edu packexporti #1"|6|55|1463.94
7005006|"scholarbrand #6"|9|5|1463.70
10008002|"namelessunivamalg #2"|19|4|1463.60
8009003|"maxinameless #3"|19|48|1462.61
4001001|"amalgedu pack #1"|9|38|1462.00
10016002|"corpamalgamalg #2"|19|24|1461.03
6002003|"importocorp #3"|19|51|1460.76
8004001|"edu packnameless #1"|18|36|1460.76
3004001|"edu packexporti #1"|6|21|1460.58
5001001|"amalgscholar #1"|17|7|1460.25
9006011|"corpmaxi #11"|17|5|1459.77
9012005|"importounivamalg #5"|8|23|1459.20
4002001|"importoedu pack #1"|6|14|1458.73
7003009|"exportibrand #9"|8|18|1458.60
4001001|"amalgedu pack #1"|19|58|1458.56
10002011|"importounivamalg #11"|17|32|1458.26
5001001|"amalgscholar #1"|9|27|1458.06
10010008|"univamalgamalg #8"|19|46|1457.90
7001005|"amalgbrand #5"|8|8|1457.10
3004001|"edu packexporti #1"|6|0|1456.92
8011007|"amalgmaxi #7"|8|31|1455.76
9006011|"corpmaxi #11"|9|15|1455.75
10015003|"scholaramalgamalg #3"|17|8|1454.76
8014004|"edu packmaxi #4"|17|51|1454.50
8011009|"amalgmaxi #9"|19|37|1454.32
1004001|"edu packamalg #1"|17|47|1452.36
2002002|"importoimporto #2"|7|4|1452.33
3004001|"edu packexporti #1"|8|22|1450.68
6003007|"exporticorp #7"|9|7|1450.65
4001001|"amalgedu pack #1"|9|4|1449.92
7004009|"edu packbrand #9"|18|49|1449.56
10014016|"edu packamalgamalg #16"|9|11|1448.85
6005008|"scholarcorp #8"|18|39|1448.40
1004001|"edu packamalg #1"|17|33|1447.60
2002001|"importoimporto #1"|19|43|1447.48
1002001|"importoamalg #1"|9|2|1447.28
8002009|"importonameless #9"|19|47|1447.08
10006009|"corpunivamalg #9"|18|47|1446.69
9013009|"exportiunivamalg #9"|17|57|1445.50
6012005|"importobrand #5"|8|45|1445.40
3003002|"exportiexporti #2"|8|13|1443.96
9012003|"importounivamalg #3"|18|18|1443.81
2004002|"edu packimporto #2"|19|35|1443.48
8014005|"edu packmaxi #5"|17|23|1443.25
10012017|"importoamalgamalg #17"|8|36|1441.37
8005005|"scholarnameless #5"|19|37|1439.90
4003002|"exportiedu pack #2"|9|44|1439.40
10009013|"maxiunivamalg #13"|19|0|1439.02
8004003|"edu packnameless #3"|17|40|1437.49
8001003|"amalgnameless #3"|8|37|1437.35
7006004|NULL|19|46|1437.00
6012004|"importobrand #4"|19|51|1435.47
6015008|"scholarbrand #8"|18|47|1435.20
5004001|"edu packscholar #1"|18|49|1434.88
5003001|"exportischolar #1"|17|43|1434.36
7001005|"amalgbrand #5"|17|42|1434.24
7009010|"maxibrand #10"|19|34|1434.24
8005009|"scholarnameless #9"|17|27|1434.00
4003001|"exportiedu pack #1"|8|48|1433.08
8004004|"edu packnameless #4"|8|6|1432.20
8010008|"univmaxi #8"|17|24|1431.32
10004015|"edu packunivamalg #15"|17|38|1431.20
2003002|"exportiimporto #2"|19|19|1431.08
1002001|"importoamalg #1"|19|50|1430.39
2004002|"edu packimporto #2"|17|41|1428.96
2001001|"amalgimporto #1"|17|0|1428.80
1004002|"edu packamalg #2"|17|17|1428.33
6014006|"edu packbrand #6"|19|11|1428.30
6001001|"amalgcorp #1"|19|29|1427.25
1002001|"importoamalg #1"|9|57|1426.88
5004002|"edu packscholar #2"|19|4|1423.96
9003008|"exportimaxi #8"|9|36|1423.50
1001002|"amalgamalg #2"|9|42|1423.39
4003001|"exportiedu pack #1"|18|49|1421.20
10015017|"scholaramalgamalg #17"|18|34|1421.00
6009003|"maxicorp #3"|18|8|1420.98
8010006|"univmaxi #6"|9|19|1420.92
9013009|"exportiunivamalg #9"|17|27|1420.38
9002011|"importomaxi #11"|8|3|1420.32
8005008|"scholarnameless #8"|17|50|1420.20
6012005|"importobrand #5"|18|1|1420.02
8009005|"maxinameless #5"|9|21|1419.85
6005001|"scholarcorp #1"|6|57|1419.40
8004003|"edu packnameless #3"|19|22|1417.68
7006008|"corpbrand #8"|8|3|1417.12
9010009|"univunivamalg #9"|7|59|1416.48
3001002|"amalgexporti #2"|19|54|1416.36
10014016|"edu packamalgamalg #16"|19|40|1416.11
5002001|"importoscholar #1"|17|53|1415.46
4004002|"edu packedu pack #2"|9|51|1415.19
9001008|"amalgmaxi #8"|19|19|1414.70
9002011|"importomaxi #11"|9|3|1414.17
10008012|"namelessunivamalg #12"|8|58|1413.90
7005006|"scholarbrand #6"|17|52|1413.31
10015003|"scholaramalgamalg #3"|6|25|1413.20
9015002|"scholarunivamalg #2"|9|5|1413.12
4002001|"importoedu pack #1"|17|54|1412.95
1003001|"exportiamalg #1"|7|27|1412.64
10012004|"importoamalgamalg #4"|18|5|1412.25
7016001|"corpnameless #1"|8|33|1412.18
10001004|"amalgunivamalg #4"|18|5|1410.94
8004003|"edu packnameless #3"|17|54|1410.32
5001001|"amalgscholar #1"|8|15|1409.76
5004001|"edu packscholar #1"|9|20|1408.85
8007005|"brandnameless #5"|9|9|1408.50
3002001|"importoexporti #1"|9|31|1407.64
4001001|"amalgedu pack #1"|7|29|1407.28
2001001|"amalgimporto #1"|8|56|1406.79
7001005|"amalgbrand #5"|19|22|1406.24
7002009|"importobrand #9"|17|42|1406.22
3004001|"edu packexporti #1"|9|16|1406.08
2003001|"exportiimporto #1"|19|2|1404.60
7016005|"corpnameless #5"|9|57|1402.61
9003011|"exportimaxi #11"|9|19|1401.85
2004001|"edu packimporto #1"|17|41|1400.68
4004002|"edu packedu pack #2"|8|51|1400.49
2004002|"edu packimporto #2"|8|59|1400.27
3004002|"edu packexporti #2"|18|28|1399.41
1001002|"amalgamalg #2"|9|31|1399.35
4002001|"importoedu pack #1"|17|44|1397.94
9014011|"edu packunivamalg #11"|18|26|1396.98
10006009|"corpunivamalg #9"|17|4|1396.80
8004004|"edu packnameless #4"|19|55|1395.64
1003002|"exportiamalg #2"|19|59|1392.88
10016004|"corpamalgamalg #4"|9|38|1392.60
10004015|"edu packunivamalg #15"|7|23|1391.70
4004002|"edu packedu pack #2"|19|53|1391.45
7010004|"univnameless #4"|19|42|1391.28
6010004|"univbrand #4"|9|30|1391.27
5003002|"exportischolar #2"|19|9|1388.70
7001005|"amalgbrand #5"|17|18|1388.52
9011008|"amalgunivamalg #8"|18|8|1387.98
8014005|"edu packmaxi #5"|9|32|1387.68
8015007|"scholarmaxi #7"|19|37|1387.20
4002002|"importoedu pack #2"|9|46|1386.90
7001005|"amalgbrand #5"|9|27|1385.88
2003002|"exportiimporto #2"|18|57|1384.87
5003002|"exportischolar #2"|19|51|1384.56
1002001|"importoamalg #1"|17|40|1382.52
5001002|"amalgscholar #2"|18|7|1381.95
3003002|"exportiexporti #2"|6|37|1378.50
3004002|"edu packexporti #2"|6|25|1378.26
7009001|"maxibrand #1"|6|30|1378.05
6006007|"corpcorp #7"|17|16|1377.64
2004002|"edu packimporto #2"|8|25|1376.65
10009001|"maxiunivamalg #1"|19|30|1376.65
10001017|"amalgunivamalg #17"|19|56|1376.55
7015003|"scholarnameless #3"|17|58|1375.43
7009003|"maxibrand #3"|19|57|1375.30
4003002|"exportiedu pack #2"|18|9|1375.20
1002002|"importoamalg #2"|8|46|1374.36
8015005|"scholarmaxi #5"|17|2|1373.40
6014002|"edu packbrand #2"|7|10|1372.42
2001001|"amalgimporto #1"|6|34|1368.96
1002001|"importoamalg #1"|6|21|1368.00
4002002|"importoedu pack #2"|17|12|1368.00
9009005|"maximaxi #5"|19|52|1367.04
10011004|"amalgamalgamalg #4"|18|52|1365.82
2002002|"importoimporto #2"|8|26|1365.00
5002002|"importoscholar #2"|18|3|1363.40
6014002|"edu packbrand #2"|18|17|1362.72
5004001|"edu packscholar #1"|7|21|1362.53
6014002|"edu packbrand #2"|19|32|1361.81
8010008|"univmaxi #8"|19|7|1361.70
7008005|"namelessbrand #5"|8|17|1361.57
4001001|"amalgedu pack #1"|19|38|1361.43
7006009|"corpbrand #9"|6|36|1360.59
7016001|"corpnameless #1"|17|23|1359.81
1002001|"importoamalg #1"|7|50|1359.71
10008012|"namelessunivamalg #12"|19|9|1357.76
6012003|"importobrand #3"|18|48|1357.42
9008002|"namelessmaxi #2"|18|57|1357.20
5001001|"amalgscholar #1"|19|18|1356.44
10010011|"univamalgamalg #11"|9|37|1356.08
10014010|"edu packamalgamalg #10"|19|36|1355.10
7008009|"namelessbrand #9"|17|54|1354.60
6002005|"importocorp #5"|18|20|1354.01
6006003|"corpcorp #3"|9|36|1353.46
7001007|"amalgbrand #7"|18|7|1353.24
4004001|"edu packedu pack #1"|17|41|1352.52
3001001|"amalgexporti #1"|18|22|1351.80
4002001|"importoedu pack #1"|17|12|1351.50
8011009|"amalgmaxi #9"|18|14|1351.08
4001002|"amalgedu pack #2"|8|59|1350.70
9016003|"corpunivamalg #3"|9|21|1349.40
5002001|"importoscholar #1"|19|10|1349.37
9011008|"amalgunivamalg #8"|7|20|1349.15
6015008|"scholarbrand #8"|6|22|1349.04
3003001|"exportiexporti #1"|17|0|1347.75
7016007|"corpnameless #7"|7|57|1346.40
7002009|"importobrand #9"|18|35|1346.15
8010006|"univmaxi #6"|9|38|1345.74
6002003|"importocorp #3"|7|7|1344.86
10014001|"edu packamalgamalg #1"|9|15|1344.78
2001002|"amalgimporto #2"|9|6|1344.63
10009009|"maxiunivamalg #9"|17|54|1344.00
6001007|"amalgcorp #7"|17|18|1343.04
4004002|"edu packedu pack #2"|17|33|1342.80
10012005|"importoamalgamalg #5"|9|29|1342.71
8005010|"scholarnameless #10"|18|39|1342.44
6011003|"amalgbrand #3"|19|36|1342.16
4001001|"amalgedu pack #1"|17|36|1341.81
6016005|"corpbrand #5"|17|4|1341.39
8005006|"scholarnameless #6"|19|30|1340.45
10006002|"corpunivamalg #2"|8|48|1339.10
2004001|"edu packimporto #1"|19|49|1338.60
5001001|"amalgscholar #1"|19|39|1338.48
6011003|"amalgbrand #3"|19|58|1338.40
2004001|"edu packimporto #1"|18|6|1337.56
5004001|"edu packscholar #1"|9|39|1337.23
7013007|"exportinameless #7"|8|59|1337.04
5002002|"importoscholar #2"|17|51|1336.68
6015007|"scholarbrand #7"|8|10|1336.63
9015011|"scholarunivamalg #11"|17|38|1336.32
2001001|"amalgimporto #1"|7|3|1335.07
8004005|"edu packnameless #5"|17|53|1334.46
9009002|"maximaxi #2"|18|48|1333.81
7001001|"amalgbrand #1"|17|39|1333.80
9016003|"corpunivamalg #3"|19|1|1333.80
2004002|"edu packimporto #2"|19|22|1333.71
8015005|"scholarmaxi #5"|8|16|1333.36
1003002|"exportiamalg #2"|9|4|1333.32
2001002|"amalgimporto #2"|17|31|1333.20
8009003|"maxinameless #3"|17|11|1332.85
3002001|"importoexporti #1"|17|26|1332.30
1001002|"amalgamalg #2"|8|8|1331.81
7001007|"amalgbrand #7"|19|11|1331.64
10006009|"corpunivamalg #9"|9|27|1330.56
10010004|"univamalgamalg #4"|6|29|1330.50
3004001|"edu packexporti #1"|17|35|1328.60
1002001|"importoamalg #1"|18|10|1328.34
10006003|"corpunivamalg #3"|17|41|1327.94
8009005|"maxinameless #5"|7|41|1327.30
10004001|"edu packunivamalg #1"|8|42|1327.20
5002001|"importoscholar #1"|17|35|1326.78
8010006|"univmaxi #6"|17|42|1325.94
3001002|"amalgexporti #2"|19|37|1325.50
9011009|"amalgunivamalg #9"|17|12|1324.80
9012003|"importounivamalg #3"|8|23|1324.05
8008007|"namelessnameless #7"|9|12|1323.63
9012011|"importounivamalg #11"|19|55|1323.09
4003002|"exportiedu pack #2"|9|56|1319.76
3001001|"amalgexporti #1"|8|37|1319.50
4004001|"edu packedu pack #1"|18|18|1318.99
1003001|"exportiamalg #1"|9|11|1318.68
5003001|"exportischolar #1"|17|22|1317.84
1001002|"amalgamalg #2"|8|5|1317.54
9014011|"edu packunivamalg #11"|17|40|1317.00
8013007|"exportimaxi #7"|18|35|1316.70
1004001|"edu packamalg #1"|17|29|1315.83
3003002|"exportiexporti #2"|6|1|1315.46
4003001|"exportiedu pack #1"|9|14|1313.76
8005005|"scholarnameless #5"|17|54|1313.64
1001001|"amalgamalg #1"|7|28|1313.00
10009009|"maxiunivamalg #9"|18|35|1312.74
1004002|"edu packamalg #2"|19|4|1312.20
5002001|"importoscholar #1"|17|20|1312.06
2002001|"importoimporto #1"|9|24|1311.84
6010005|"univbrand #5"|8|40|1311.73
9001005|"amalgmaxi #5"|18|24|1311.60
4001002|"amalgedu pack #2"|8|6|1310.70
8010009|"univmaxi #9"|18|53|1310.40
2002001|"importoimporto #1"|19|25|1310.10
9006005|"corpmaxi #5"|9|21|1310.01
5003001|"exportischolar #1"|19|43|1309.24
9013009|"exportiunivamalg #9"|19|2|1309.14
1001001|"amalgamalg #1"|7|42|1309.11
4002001|"importoedu pack #1"|17|14|1309.00
6009002|"maxicorp #2"|6|27|1308.78
7013002|"exportinameless #2"|17|29|1308.32
7008009|"namelessbrand #9"|7|33|1308.00
2004001|"edu packimporto #1"|7|27|1307.58
8008007|"namelessnameless #7"|7|6|1307.52
10001004|"amalgunivamalg #4"|17|10|1307.28
10016009|"corpamalgamalg #9"|9|49|1306.76
7012005|"importonameless #5"|19|11|1306.65
10004015|"edu packunivamalg #15"|19|41|1304.10
7007010|"brandbrand #10"|9|2|1302.00
9012005|"importounivamalg #5"|9|47|1302.00
9001008|"amalgmaxi #8"|17|59|1301.30
1001001|"amalgamalg #1"|18|52|1301.16
6011005|"amalgbrand #5"|17|32|1300.50
1002002|"importoamalg #2"|9|47|1299.00
1004002|"edu packamalg #2"|8|16|1297.89
8008005|"namelessnameless #5"|7|9|1297.89
4004001|"edu packedu pack #1"|18|47|1297.80
4004002|"edu packedu pack #2"|9|16|1297.65
3003001|"exportiexporti #1"|7|59|1297.56
4004002|"edu packedu pack #2"|18|57|1296.96
7001007|"amalgbrand #7"|9|16|1296.73
5004001|"edu packscholar #1"|8|3|1296.68
5002001|"importoscholar #1"|9|46|1296.42
1004001|"edu packamalg #1"|6|2|1296.30
5002001|"importoscholar #1"|18|50|1296.25
10007005|"brandunivamalg #5"|19|1|1296.08
8008007|"namelessnameless #7"|7|53|1295.10
1004001|"edu packamalg #1"|18|43|1295.00
6008002|"namelesscorp #2"|19|26|1295.00
7011008|"amalgnameless #8"|17|54|1294.30
10007002|"brandunivamalg #2"|19|45|1294.20
2004001|"edu packimporto #1"|9|58|1294.02
9013009|"exportiunivamalg #9"|9|40|1293.60
7006005|"corpbrand #5"|17|55|1292.40
7013002|"exportinameless #2"|18|7|1291.50
1001001|"amalgamalg #1"|7|37|1291.20
1001001|"amalgamalg #1"|9|14|1291.00
1003002|"exportiamalg #2"|18|0|1288.96
8003003|"exportinameless #3"|17|45|1288.96
9001005|"amalgmaxi #5"|18|47|1288.10
7006008|"corpbrand #8"|18|29|1288.08
1004002|"edu packamalg #2"|8|44|1287.78
4004001|"edu packedu pack #1"|8|58|1286.99
9015002|"scholarunivamalg #2"|17|7|1286.55
10002012|"importounivamalg #12"|17|57|1286.50
9007003|"brandmaxi #3"|17|43|1286.31
8005003|"scholarnameless #3"|8|55|1286.25
9016003|"corpunivamalg #3"|19|4|1285.73
5003001|"exportischolar #1"|19|3|1284.25
2002002|"importoimporto #2"|18|49|1283.48
8007010|"brandnameless #10"|17|43|1282.56
3003002|"exportiexporti #2"|18|46|1280.92
6005001|"scholarcorp #1"|17|1|1280.80
4001001|"amalgedu pack #1"|19|19|1280.30
5004002|"edu packscholar #2"|9|32|1279.80
9014003|"edu packunivamalg #3"|19|54|1279.09
6005001|"scholarcorp #1"|8|37|1278.40
7011008|"amalgnameless #8"|18|5|1278.20
9009009|"maximaxi #9"|19|7|1278.06
3003001|"exportiexporti #1"|7|25|1277.92
4002001|"importoedu pack #1"|7|31|1277.78
6008002|"namelesscorp #2"|19|52|1277.64
4002002|"importoedu pack #2"|18|40|1277.50
1002001|"importoamalg #1"|18|48|1277.37
4002001|"importoedu pack #1"|8|12|1277.08
7001009|"amalgbrand #9"|19|50|1277.04
6014007|"edu packbrand #7"|9|16|1276.80
9002003|"importomaxi #3"|18|2|1276.80
3004002|"edu packexporti #2"|17|21|1276.29
4001001|"amalgedu pack #1"|8|44|1276.23
4002001|"importoedu pack #1"|19|19|1275.60
8005009|"scholarnameless #9"|18|6|1273.60
1004002|"edu packamalg #2"|18|2|1273.51
7009010|"maxibrand #10"|19|36|1273.50
5001001|"amalgscholar #1"|17|32|1273.09
2004002|"edu packimporto #2"|19|24|1272.74
8013004|"exportimaxi #4"|19|27|1272.04
3004001|"edu packexporti #1"|8|37|1271.35
6016005|"corpbrand #5"|18|12|1270.72
1003001|"exportiamalg #1"|18|11|1270.70
6011001|"amalgbrand #1"|19|26|1270.08
4002001|"importoedu pack #1"|19|32|1269.60
9011009|"amalgunivamalg #9"|9|51|1269.60
4003001|"exportiedu pack #1"|8|0|1269.24
4002001|"importoedu pack #1"|9|2|1269.10
6011003|"amalgbrand #3"|7|37|1269.00
7015003|"scholarnameless #3"|17|9|1268.12
4004001|"edu packedu pack #1"|9|50|1268.10
4003002|"exportiedu pack #2"|18|40|1267.14
3004001|"edu packexporti #1"|17|19|1266.89
9012003|"importounivamalg #3"|7|32|1266.35
10006002|"corpunivamalg #2"|9|48|1266.35
4001002|"amalgedu pack #2"|17|18|1266.18
4002002|"importoedu pack #2"|6|2|1266.15
10003014|"exportiunivamalg #14"|18|25|1265.55
1002001|"importoamalg #1"|17|23|1265.40
1002002|"importoamalg #2"|9|30|1263.57
9008002|"namelessmaxi #2"|18|56|1263.50
6008003|"namelesscorp #3"|18|38|1263.36
9006011|"corpmaxi #11"|17|39|1263.27
10015012|"scholaramalgamalg #12"|9|23|1262.17
2002002|"importoimporto #2"|9|0|1261.52
2001002|"amalgimporto #2"|8|32|1260.46
9015003|"scholarunivamalg #3"|9|33|1259.65
4002002|"importoedu pack #2"|9|37|1258.48
1001002|"amalgamalg #2"|17|30|1257.84
7015002|"scholarnameless #2"|8|20|1257.69
10012004|"importoamalgamalg #4"|19|14|1257.05
8015008|"scholarmaxi #8"|9|51|1256.86
6015004|"scholarbrand #4"|6|22|1256.58
10009013|"maxiunivamalg #13"|18|32|1255.76
5003002|"exportischolar #2"|19|50|1255.74
9006005|"corpmaxi #5"|17|38|1255.00
3002001|"importoexporti #1"|17|1|1254.86
6016003|"corpbrand #3"|18|14|1253.70
10016001|"corpamalgamalg #1"|7|17|1253.43
6005001|"scholarcorp #1"|9|41|1253.20
8009005|"maxinameless #5"|7|0|1252.44
2002001|"importoimporto #1"|18|26|1251.95
10010017|"univamalgamalg #17"|17|27|1251.60
3003001|"exportiexporti #1"|18|28|1250.28
1004001|"edu packamalg #1"|9|47|1250.20
10016017|"corpamalgamalg #17"|18|51|1249.20
6014006|"edu packbrand #6"|9|39|1248.80
3004001|"edu packexporti #1"|9|24|1248.33
5004001|"edu packscholar #1"|17|53|1248.25
6002003|"importocorp #3"|8|22|1248.00
7016001|"corpnameless #1"|7|20|1247.86
8008005|"namelessnameless #5"|9|28|1247.44
9003003|"exportimaxi #3"|17|24|1247.40
1001002|"amalgamalg #2"|7|31|1244.04
3004001|"edu packexporti #1"|9|30|1243.52
9015002|"scholarunivamalg #2"|17|42|1243.40
7013001|"exportinameless #1"|8|18|1243.32
3002001|"importoexporti #1"|9|42|1242.90
1002002|"importoamalg #2"|6|43|1242.75
7014002|"edu packnameless #2"|18|3|1241.85
8009005|"maxinameless #5"|8|36|1240.26
4004002|"edu packedu pack #2"|8|34|1239.75
5004002|"edu packscholar #2"|17|13|1239.68
4003001|"exportiedu pack #1"|19|15|1239.64
7001007|"amalgbrand #7"|19|31|1237.98
2003001|"exportiimporto #1"|19|56|1237.83
8008009|"namelessnameless #9"|17|21|1236.21
8011009|"amalgmaxi #9"|6|4|1236.20
9015009|"scholarunivamalg #9"|8|26|1235.70
9002003|"importomaxi #3"|9|39|1235.52
10009001|"maxiunivamalg #1"|17|8|1235.52
5001001|"amalgscholar #1"|18|4|1235.20
9002003|"importomaxi #3"|9|20|1234.88
5004001|"edu packscholar #1"|17|55|1234.77
1002001|"importoamalg #1"|18|37|1234.71
10015005|"scholaramalgamalg #5"|18|0|1234.22
4002002|"importoedu pack #2"|17|43|1233.54
5001001|"amalgscholar #1"|7|35|1233.28
3004002|"edu packexporti #2"|9|20|1233.05
8006009|"corpnameless #9"|17|19|1232.25
10005013|"scholarunivamalg #13"|8|33|1230.84
6015006|"scholarbrand #6"|9|25|1230.39
4004002|"edu packedu pack #2"|19|5|1228.50
1003001|"exportiamalg #1"|17|26|1227.51
2003002|"exportiimporto #2"|17|8|1227.45
10015001|"scholaramalgamalg #1"|8|16|1225.12
7011008|"amalgnameless #8"|9|40|1224.76
8004005|"edu packnameless #5"|9|17|1224.63
4001002|"amalgedu pack #2"|18|16|1224.60
8001001|"amalgnameless #1"|19|57|1224.60
5002001|"importoscholar #1"|8|8|1223.78
7008009|"namelessbrand #9"|9|58|1222.10
10016009|"corpamalgamalg #9"|19|18|1221.35
10007005|"brandunivamalg #5"|19|31|1220.94
8013009|"exportimaxi #9"|19|23|1220.71
8005005|"scholarnameless #5"|9|41|1220.45
9001011|"amalgmaxi #11"|8|53|1220.13
8011007|"amalgmaxi #7"|17|18|1219.92
8008003|"namelessnameless #3"|9|19|1219.50
10012005|"importoamalgamalg #5"|19|34|1218.91
6014007|"edu packbrand #7"|9|9|1218.24
4001001|"amalgedu pack #1"|9|23|1218.00
1002002|"importoamalg #2"|8|38|1217.92
9004008|"edu packmaxi #8"|17|39|1217.52
10016001|"corpamalgamalg #1"|18|47|1217.16
7004006|"edu packbrand #6"|19|4|1216.95
3002002|"importoexporti #2"|8|45|1216.50
9006005|"corpmaxi #5"|9|53|1216.47
2004002|"edu packimporto #2"|9|46|1216.44
9006009|"corpmaxi #9"|6|14|1216.16
10009015|"maxiunivamalg #15"|19|1|1216.15
5004001|"edu packscholar #1"|19|27|1216.06
10003007|"exportiunivamalg #7"|17|6|1215.54
10014016|"edu packamalgamalg #16"|17|19|1215.25
10016009|"corpamalgamalg #9"|19|47|1214.20
6009003|"maxicorp #3"|17|59|1213.94
2001001|"amalgimporto #1"|9|11|1213.91
7008007|"namelessbrand #7"|17|55|1213.48
7008005|"namelessbrand #5"|9|56|1213.46
8009009|"maxinameless #9"|9|30|1212.42
4004002|"edu packedu pack #2"|8|55|1211.84
10016004|"corpamalgamalg #4"|19|59|1211.82
9011009|"amalgunivamalg #9"|9|32|1211.76
7006003|"corpbrand #3"|18|6|1211.62
4003001|"exportiedu pack #1"|17|7|1211.56
2004001|"edu packimporto #1"|18|8|1210.17
1004001|"edu packamalg #1"|18|42|1209.56
7016001|"corpnameless #1"|9|51|1207.25
6003003|"exporticorp #3"|8|5|1206.80
6005001|"scholarcorp #1"|19|4|1206.70
6009007|"maxicorp #7"|9|22|1206.38
4003001|"exportiedu pack #1"|19|37|1203.90
7009005|"maxibrand #5"|17|43|1202.80
3004001|"edu packexporti #1"|18|19|1202.50
10006002|"corpunivamalg #2"|19|20|1202.26
4002002|"importoedu pack #2"|9|19|1201.75
6016003|"corpbrand #3"|19|42|1201.69
5003001|"exportischolar #1"|19|51|1201.50
2002002|"importoimporto #2"|17|41|1201.20
7003001|"exportibrand #1"|9|41|1200.00
4001001|"amalgedu pack #1"|9|26|1199.20
10008009|"namelessunivamalg #9"|18|21|1198.46
8014005|"edu packmaxi #5"|17|52|1198.45
10006009|"corpunivamalg #9"|6|50|1197.00
2003002|"exportiimporto #2"|18|27|1195.51
7011001|"amalgnameless #1"|9|14|1195.48
7016001|"corpnameless #1"|7|4|1195.00
5001001|"amalgscholar #1"|9|51|1194.93
1004001|"edu packamalg #1"|9|55|1193.94
10007005|"brandunivamalg #5"|18|28|1193.64
10016016|"corpamalgamalg #16"|19|9|1192.82
4004001|"edu packedu pack #1"|18|17|1191.52
3001001|"amalgexporti #1"|9|31|1191.03
8008007|"namelessnameless #7"|19|27|1190.45
4002002|"importoedu pack #2"|9|12|1190.16
2004001|"edu packimporto #1"|9|13|1188.18
8004004|"edu packnameless #4"|17|35|1188.00
6016008|"corpbrand #8"|19|28|1187.70
3001001|"amalgexporti #1"|8|24|1187.36
7015009|"scholarnameless #9"|17|49|1186.64
10011014|"amalgamalgamalg #14"|18|10|1186.50
9006008|"corpmaxi #8"|17|27|1186.49
3001001|"amalgexporti #1"|17|0|1186.24
5004001|"edu packscholar #1"|18|51|1185.85
10016004|"corpamalgamalg #4"|17|43|1185.66
8005003|"scholarnameless #3"|18|53|1184.04
6004004|"edu packcorp #4"|7|28|1183.65
6003003|"exporticorp #3"|18|36|1183.40
10006008|"corpunivamalg #8"|9|56|1183.36
6016008|"corpbrand #8"|7|10|1182.66
9007003|"brandmaxi #3"|7|47|1182.60
8006003|"corpnameless #3"|17|16|1182.48
8011009|"amalgmaxi #9"|9|48|1181.41
10013002|"exportiamalgamalg #2"|19|58|1180.96
9006005|"corpmaxi #5"|17|13|1180.73
2002001|"importoimporto #1"|17|16|1180.20
8008009|"namelessnameless #9"|18|51|1178.08
6016006|"corpbrand #6"|19|35|1177.66
4002001|"importoedu pack #1"|7|16|1176.75
4001002|"amalgedu pack #2"|8|11|1176.00
10009015|"maxiunivamalg #15"|18|37|1173.11
3004001|"edu packexporti #1"|19|14|1173.06
2001001|"amalgimporto #1"|17|43|1171.29
5001001|"amalgscholar #1"|6|21|1171.04
1002001|"importoamalg #1"|17|54|1170.18
10008015|"namelessunivamalg #15"|18|22|1170.05
7006005|"corpbrand #5"|18|51|1170.00
2001002|"amalgimporto #2"|17|43|1169.70
1004002|"edu packamalg #2"|6|0|1169.28
5002001|"importoscholar #1"|19|42|1169.14
9008005|"namelessmaxi #5"|9|53|1169.14
9012003|"importounivamalg #3"|9|47|1168.31
4004001|"edu packedu pack #1"|6|9|1167.84
3002002|"importoexporti #2"|17|36|1166.90
4004001|"edu packedu pack #1"|19|51|1166.90
7004001|"edu packbrand #1"|17|50|1166.88
4002001|"importoedu pack #1"|9|33|1166.37
9008011|"namelessmaxi #11"|18|59|1166.22
7002009|"importobrand #9"|17|37|1165.50
3002002|"importoexporti #2"|8|43|1165.32
1002002|"importoamalg #2"|17|25|1165.23
9010009|"univunivamalg #9"|17|40|1165.08
10001004|"amalgunivamalg #4"|9|23|1164.24
4002001|"importoedu pack #1"|6|28|1164.15
5003002|"exportischolar #2"|9|59|1162.48
7001009|"amalgbrand #9"|9|36|1162.35
10007015|"brandunivamalg #15"|9|27|1162.35
9011008|"amalgunivamalg #8"|19|10|1162.20
9012005|"importounivamalg #5"|19|0|1162.20
2002001|"importoimporto #1"|17|47|1160.64
10003004|"exportiunivamalg #4"|8|35|1160.58
6012008|"importobrand #8"|9|13|1160.52
8005005|"scholarnameless #5"|18|48|1158.30
6011005|"amalgbrand #5"|9|2|1158.16
4003001|"exportiedu pack #1"|17|16|1157.94
5001002|"amalgscholar #2"|18|56|1157.80
6015004|"scholarbrand #4"|19|27|1157.49
8009005|"maxinameless #5"|18|53|1155.96
5004001|"edu packscholar #1"|8|59|1155.52
5004001|"edu packscholar #1"|8|51|1155.44
4001002|"amalgedu pack #2"|9|24|1154.30
3004002|"edu packexporti #2"|19|43|1153.60
6012002|"importobrand #2"|8|22|1153.60
5001001|"amalgscholar #1"|18|27|1153.56
1001001|"amalgamalg #1"|17|0|1153.16
6006003|"corpcorp #3"|17|35|1151.82
1004002|"edu packamalg #2"|9|36|1149.12
5004001|"edu packscholar #1"|17|3|1148.43
3001001|"amalgexporti #1"|18|55|1148.00
5003002|"exportischolar #2"|9|31|1146.75
3002001|"importoexporti #1"|18|55|1146.60
4001001|"amalgedu pack #1"|18|7|1146.50
7010003|"univnameless #3"|18|43|1146.30
7006001|"corpbrand #1"|9|24|1146.24
6001007|"amalgcorp #7"|19|11|1146.15
10009015|"maxiunivamalg #15"|17|6|1145.97
1004001|"edu packamalg #1"|18|10|1145.88
4001002|"amalgedu pack #2"|18|6|1145.50
8005009|"scholarnameless #9"|9|36|1144.45
6009002|"maxicorp #2"|17|0|1141.40
5004002|"edu packscholar #2"|17|43|1141.01
7014002|"edu packnameless #2"|17|25|1140.75
9004003|"edu packmaxi #3"|8|3|1139.60
5001001|"amalgscholar #1"|17|16|1139.50
7007005|"brandbrand #5"|17|15|1139.50
5004001|"edu packscholar #1"|19|54|1139.40
10005014|"scholarunivamalg #14"|18|12|1139.17
8001004|"amalgnameless #4"|6|33|1139.04
7015007|"scholarnameless #7"|8|47|1138.48
3003002|"exportiexporti #2"|6|26|1137.35
9009002|"maximaxi #2"|8|57|1137.18
10016001|"corpamalgamalg #1"|18|5|1136.40
6016003|"corpbrand #3"|17|57|1135.50
8010001|"univmaxi #1"|9|52|1134.54
8010008|"univmaxi #8"|19|24|1134.24
7004004|"edu packbrand #4"|7|44|1133.86
6005003|"scholarcorp #3"|9|10|1133.37
5001001|"amalgscholar #1"|19|33|1132.92
10013013|"exportiamalgamalg #13"|9|24|1131.84
8013009|"exportimaxi #9"|17|55|1129.95
7001005|"amalgbrand #5"|8|45|1128.16
4004002|"edu packedu pack #2"|19|8|1127.88
5003001|"exportischolar #1"|9|59|1127.84
2004002|"edu packimporto #2"|19|9|1127.46
3004002|"edu packexporti #2"|18|15|1126.77
6012007|"importobrand #7"|9|57|1126.68
9010009|"univunivamalg #9"|17|38|1125.72
8009009|"maxinameless #9"|17|55|1125.60
5002002|"importoscholar #2"|18|18|1125.20
8004003|"edu packnameless #3"|9|34|1125.08
7011001|"amalgnameless #1"|19|21|1125.04
5002002|"importoscholar #2"|17|43|1124.64
1004001|"edu packamalg #1"|17|30|1123.50
6015008|"scholarbrand #8"|8|37|1123.02
2002002|"importoimporto #2"|8|18|1122.66
3002001|"importoexporti #1"|8|5|1122.01
3002001|"importoexporti #1"|17|34|1121.78
1004001|"edu packamalg #1"|17|0|1121.50
7009009|"maxibrand #9"|8|25|1121.28
1003001|"exportiamalg #1"|18|27|1121.12
1002002|"importoamalg #2"|19|47|1119.42
10012005|"importoamalgamalg #5"|19|40|1119.28
6012005|"importobrand #5"|17|43|1119.16
7001004|"amalgbrand #4"|17|24|1118.84
9003008|"exportimaxi #8"|9|48|1118.25
5001001|"amalgscholar #1"|17|18|1118.10
10010013|"univamalgamalg #13"|19|52|1116.72
5001002|"amalgscholar #2"|19|21|1116.44
1001001|"amalgamalg #1"|18|2|1116.25
5003002|"exportischolar #2"|19|10|1116.18
10003011|"exportiunivamalg #11"|7|3|1116.15
4004002|"edu packedu pack #2"|18|29|1115.10
10003016|"exportiunivamalg #16"|9|0|1115.10
6016008|"corpbrand #8"|17|28|1114.24
6013005|"exportibrand #5"|19|5|1113.78
7009005|"maxibrand #5"|18|2|1113.72
9016009|"corpunivamalg #9"|9|3|1113.20
4004002|"edu packedu pack #2"|9|56|1113.09
8003010|"exportinameless #10"|8|35|1113.08
4001001|"amalgedu pack #1"|19|51|1113.03
2001002|"amalgimporto #2"|19|38|1112.88
5004001|"edu packscholar #1"|6|44|1112.40
8001004|"amalgnameless #4"|7|25|1111.80
4004002|"edu packedu pack #2"|9|29|1111.37
10006013|"corpunivamalg #13"|19|52|1111.35
2004001|"edu packimporto #1"|18|44|1110.12
8010005|"univmaxi #5"|18|22|1108.64
5001002|"amalgscholar #2"|19|20|1108.24
8016009|"corpmaxi #9"|8|14|1108.00
9007008|"brandmaxi #8"|6|26|1107.32
2004002|"edu packimporto #2"|9|43|1107.12
1004001|"edu packamalg #1"|19|14|1106.98
3001001|"amalgexporti #1"|18|10|1106.78
3002002|"importoexporti #2"|18|27|1106.37
10006009|"corpunivamalg #9"|9|14|1106.37
9011008|"amalgunivamalg #8"|19|42|1106.24
3001002|"amalgexporti #2"|18|52|1106.00
10008012|"namelessunivamalg #12"|17|56|1105.68
7010008|"univnameless #8"|19|3|1105.07
10008002|"namelessunivamalg #2"|17|1|1104.88
5001001|"amalgscholar #1"|19|14|1104.51
6004003|"edu packcorp #3"|18|48|1103.90
6003003|"exporticorp #3"|18|29|1103.70
4003001|"exportiedu pack #1"|18|10|1102.96
6006007|"corpcorp #7"|17|11|1102.92
7003001|"exportibrand #1"|19|43|1102.50
4002002|"importoedu pack #2"|18|16|1101.87
5001001|"amalgscholar #1"|18|52|1101.06
2002001|"importoimporto #1"|17|14|1100.38
2003002|"exportiimporto #2"|19|50|1099.84
4002002|"importoedu pack #2"|19|28|1098.94
7010009|"univnameless #9"|19|12|1098.02
8007005|"brandnameless #5"|17|21|1098.02
9006011|"corpmaxi #11"|18|51|1097.75
10007005|"brandunivamalg #5"|18|53|1097.60
10006008|"corpunivamalg #8"|7|13|1097.46
5001001|"amalgscholar #1"|18|30|1096.68
7015002|"scholarnameless #2"|9|15|1096.46
10009006|"maxiunivamalg #6"|6|36|1096.20
2002001|"importoimporto #1"|17|17|1095.30
4002002|"importoedu pack #2"|19|42|1095.11
9004003|"edu packmaxi #3"|9|48|1094.40
4002001|"importoedu pack #1"|17|31|1093.08
4004002|"edu packedu pack #2"|18|20|1092.00
9011009|"amalgunivamalg #9"|19|53|1090.99
8015007|"scholarmaxi #7"|19|32|1090.88
4003002|"exportiedu pack #2"|9|39|1090.44
5002002|"importoscholar #2"|17|39|1090.40
1004001|"edu packamalg #1"|9|41|1089.15
7009010|"maxibrand #10"|8|6|1089.00
10010007|"univamalgamalg #7"|9|24|1089.00
5004001|"edu packscholar #1"|9|59|1088.67
7010004|"univnameless #4"|9|11|1087.56
2002001|"importoimporto #1"|7|22|1086.72
6010006|"univbrand #6"|8|46|1086.63
6012003|"importobrand #3"|9|3|1085.37
3002001|"importoexporti #1"|18|36|1085.25
3002001|"importoexporti #1"|18|3|1084.52
3004002|"edu packexporti #2"|9|26|1082.34
1003002|"exportiamalg #2"|9|50|1081.88
4003001|"exportiedu pack #1"|19|5|1081.41
10010008|"univamalgamalg #8"|17|29|1081.10
9004003|"edu packmaxi #3"|9|35|1081.08
8004003|"edu packnameless #3"|17|15|1080.69
10016013|"corpamalgamalg #13"|6|43|1079.10
10010013|"univamalgamalg #13"|17|15|1078.87
1004002|"edu packamalg #2"|9|34|1078.47
7016001|"corpnameless #1"|8|47|1078.44
7003001|"exportibrand #1"|9|36|1078.40
3004001|"edu packexporti #1"|19|58|1078.16
7005007|"scholarbrand #7"|19|34|1077.75
3002001|"importoexporti #1"|17|6|1077.06
8003009|"exportinameless #9"|8|35|1076.40
1001002|"amalgamalg #2"|19|32|1076.00
10006002|"corpunivamalg #2"|7|56|1075.84
2002001|"importoimporto #1"|17|13|1075.80
8010009|"univmaxi #9"|7|46|1074.06
7012005|"importonameless #5"|19|1|1073.25
8008007|"namelessnameless #7"|17|15|1072.50
1001002|"amalgamalg #2"|18|39|1072.05
2003001|"exportiimporto #1"|7|25|1071.41
3004001|"edu packexporti #1"|7|41|1071.33
4004002|"edu packedu pack #2"|8|15|1071.20
7002003|"importobrand #3"|19|7|1070.85
7002003|"importobrand #3"|19|31|1068.94
9001011|"amalgmaxi #11"|18|26|1068.48
5002001|"importoscholar #1"|18|12|1067.78
8011007|"amalgmaxi #7"|7|16|1067.30
7016001|"corpnameless #1"|18|31|1066.72
6009004|"maxicorp #4"|9|35|1066.08
8004003|"edu packnameless #3"|9|23|1065.90
3004001|"edu packexporti #1"|9|7|1065.33
2001001|"amalgimporto #1"|9|5|1065.15
6015005|"scholarbrand #5"|18|52|1065.12
2001002|"amalgimporto #2"|9|4|1064.88
3004001|"edu packexporti #1"|9|20|1064.88
2003002|"exportiimporto #2"|19|37|1064.29
2001001|"amalgimporto #1"|18|10|1064.00
9015011|"scholarunivamalg #11"|18|0|1063.35
7016001|"corpnameless #1"|7|27|1063.26
10015010|"scholaramalgamalg #10"|18|11|1063.23
8013009|"exportimaxi #9"|7|39|1062.75
7004009|"edu packbrand #9"|18|19|1062.15
10004017|"edu packunivamalg #17"|17|21|1061.25
3003002|"exportiexporti #2"|9|20|1061.10
9003005|"exportimaxi #5"|9|35|1060.51
4001002|"amalgedu pack #2"|8|41|1059.92
10009017|"maxiunivamalg #17"|9|9|1059.66
6015004|"scholarbrand #4"|18|7|1059.36
1002001|"importoamalg #1"|19|4|1058.50
6003007|"exporticorp #7"|18|11|1057.68
9004008|"edu packmaxi #8"|8|39|1057.65
4001002|"amalgedu pack #2"|7|57|1057.08
7002010|"importobrand #10"|18|0|1056.94
2004001|"edu packimporto #1"|19|31|1056.72
3003002|"exportiexporti #2"|19|2|1056.64
10016008|"corpamalgamalg #8"|18|52|1054.90
8005003|"scholarnameless #3"|18|34|1054.56
4004002|"edu packedu pack #2"|9|35|1054.20
8016004|"corpmaxi #4"|9|43|1053.74
9008002|"namelessmaxi #2"|19|47|1053.60
8002009|"importonameless #9"|8|58|1053.36
10007005|"brandunivamalg #5"|17|4|1053.36
10002014|"importounivamalg #14"|19|50|1052.19
7010004|"univnameless #4"|17|19|1051.52
3001001|"amalgexporti #1"|8|17|1050.40
9016009|"corpunivamalg #9"|8|19|1050.09
7006001|"corpbrand #1"|17|32|1050.06
4001001|"amalgedu pack #1"|7|46|1049.95
6005007|"scholarcorp #7"|6|58|1049.81
3004001|"edu packexporti #1"|9|13|1049.76
5001002|"amalgscholar #2"|9|22|1049.75
2001002|"amalgimporto #2"|19|52|1047.75
6016005|"corpbrand #5"|7|29|1047.62
7013009|"exportinameless #9"|6|54|1045.84
9007009|"brandmaxi #9"|8|35|1045.80
2004001|"edu packimporto #1"|9|7|1045.71
9007009|"brandmaxi #9"|18|51|1045.69
2004001|"edu packimporto #1"|18|0|1045.16
5002002|"importoscholar #2"|17|11|1045.14
2001002|"amalgimporto #2"|8|2|1045.10
3001001|"amalgexporti #1"|19|3|1043.46
6012003|"importobrand #3"|17|24|1043.35
1003001|"exportiamalg #1"|19|30|1042.53
4004001|"edu packedu pack #1"|8|14|1042.27
6016003|"corpbrand #3"|6|7|1042.25
9014008|"edu packunivamalg #8"|17|3|1041.97
2002001|"importoimporto #1"|17|41|1041.39
10016001|"corpamalgamalg #1"|18|26|1041.35
3004001|"edu packexporti #1"|18|26|1040.62
9002008|"importomaxi #8"|8|45|1040.11
7016005|"corpnameless #5"|18|37|1040.00
6003008|"exporticorp #8"|9|53|1039.83
2003001|"exportiimporto #1"|19|58|1039.64
9009003|"maximaxi #3"|8|12|1039.64
5002001|"importoscholar #1"|19|29|1039.58
3003002|"exportiexporti #2"|17|15|1039.50
5004002|"edu packscholar #2"|17|11|1038.96
1003001|"exportiamalg #1"|18|40|1038.72
2001002|"amalgimporto #2"|17|30|1038.24
7006003|"corpbrand #3"|17|12|1037.80
2002001|"importoimporto #1"|9|5|1036.21
8006008|"corpnameless #8"|17|11|1035.72
4002001|"importoedu pack #1"|17|33|1035.62
6016006|"corpbrand #6"|17|55|1035.50
1003001|"exportiamalg #1"|17|9|1034.60
6008005|"namelesscorp #5"|9|11|1034.36
9005009|"scholarmaxi #9"|19|15|1034.25
3003001|"exportiexporti #1"|6|40|1033.89
9004008|"edu packmaxi #8"|18|38|1033.56
9002011|"importomaxi #11"|19|42|1033.50
3002002|"importoexporti #2"|8|5|1032.00
1002001|"importoamalg #1"|18|23|1031.22
2002001|"importoimporto #1"|8|0|1030.79
7011008|"amalgnameless #8"|8|40|1030.59
10016002|"corpamalgamalg #2"|17|14|1030.48
7007010|"brandbrand #10"|17|35|1030.35
7010003|"univnameless #3"|17|44|1030.28
4004001|"edu packedu pack #1"|17|24|1029.30
10002007|"importounivamalg #7"|9|55|1028.97
10006009|"corpunivamalg #9"|17|47|1028.95
6014004|"edu packbrand #4"|9|49|1028.30
2004002|"edu packimporto #2"|18|28|1027.67
6012007|"importobrand #7"|17|47|1027.20
8001003|"amalgnameless #3"|7|22|1027.20
7008007|"namelessbrand #7"|18|35|1026.95
1001002|"amalgamalg #2"|9|2|1026.53
1004002|"edu packamalg #2"|18|54|1026.50
7011008|"amalgnameless #8"|17|47|1026.48
1001002|"amalgamalg #2"|18|47|1025.46
7011008|"amalgnameless #8"|9|27|1024.13
9009002|"maximaxi #2"|18|3|1023.75
4004002|"edu packedu pack #2"|18|47|1023.54
10016013|"corpamalgamalg #13"|7|49|1023.30
6012008|"importobrand #8"|8|35|1023.00
6010006|"univbrand #6"|17|34|1021.84
3002002|"importoexporti #2"|9|42|1020.51
10012010|"importoamalgamalg #10"|17|8|1018.98
6008007|"namelesscorp #7"|19|18|1018.80
7004007|"edu packbrand #7"|17|58|1018.35
9012003|"importounivamalg #3"|8|46|1017.60
9009003|"maximaxi #3"|18|19|1017.45
10001017|"amalgunivamalg #17"|9|15|1016.96
5004001|"edu packscholar #1"|18|19|1016.75
10015012|"scholaramalgamalg #12"|8|26|1016.40
9002008|"importomaxi #8"|17|23|1015.55
10004008|"edu packunivamalg #8"|18|39|1015.52
6010002|"univbrand #2"|18|3|1014.64
4003001|"exportiedu pack #1"|9|54|1014.00
4004002|"edu packedu pack #2"|17|27|1013.76
9011009|"amalgunivamalg #9"|19|36|1013.70
10003011|"exportiunivamalg #11"|19|50|1013.50
2001001|"amalgimporto #1"|17|33|1012.92
3001002|"amalgexporti #2"|19|28|1012.90
9004008|"edu packmaxi #8"|19|41|1012.77
2003002|"exportiimporto #2"|17|41|1012.00
2002001|"importoimporto #1"|9|38|1011.67
7008007|"namelessbrand #7"|18|58|1011.12
6005003|"scholarcorp #3"|18|31|1010.80
9014003|"edu packunivamalg #3"|18|56|1010.24
4002002|"importoedu pack #2"|7|27|1010.14
3002001|"importoexporti #1"|18|13|1009.99
4001002|"amalgedu pack #2"|19|33|1009.97
3004001|"edu packexporti #1"|8|47|1008.80
7012010|"importonameless #10"|18|8|1007.64
1003002|"exportiamalg #2"|17|12|1005.33
6014006|"edu packbrand #6"|17|29|1004.18
10002007|"importounivamalg #7"|18|0|1003.80
6015008|"scholarbrand #8"|9|3|1003.70
6001007|"amalgcorp #7"|17|3|1002.36
7014009|"edu packnameless #9"|19|4|1001.77
7009003|"maxibrand #3"|8|57|1001.16
6007003|"brandcorp #3"|17|19|1001.07
3001001|"amalgexporti #1"|17|4|999.78
7015009|"scholarnameless #9"|19|14|999.58
1002001|"importoamalg #1"|18|22|996.97
7003003|"exportibrand #3"|17|41|996.90
5001002|"amalgscholar #2"|18|8|996.20
3001001|"amalgexporti #1"|18|42|995.76
10012010|"importoamalgamalg #10"|18|25|995.28
1001001|"amalgamalg #1"|6|18|994.99
2004002|"edu packimporto #2"|18|29|994.41
5002002|"importoscholar #2"|18|31|993.51
8005003|"scholarnameless #3"|19|34|992.70
1003002|"exportiamalg #2"|17|36|992.25
4003002|"exportiedu pack #2"|17|52|991.80
2001001|"amalgimporto #1"|17|24|990.00
5001002|"amalgscholar #2"|17|23|989.80
10005010|"scholarunivamalg #10"|18|56|989.52
8016009|"corpmaxi #9"|18|42|989.40
8016004|"corpmaxi #4"|18|6|987.10
2002001|"importoimporto #1"|6|8|987.00
7006003|"corpbrand #3"|17|13|986.19
6015008|"scholarbrand #8"|18|10|984.55
3002002|"importoexporti #2"|19|19|983.82
6006002|"corpcorp #2"|9|23|982.55
3004002|"edu packexporti #2"|19|28|982.36
2004001|"edu packimporto #1"|19|35|980.55
9006011|"corpmaxi #11"|17|47|980.40
10002007|"importounivamalg #7"|17|32|979.08
7001009|"amalgbrand #9"|9|53|978.98
2002001|"importoimporto #1"|9|59|978.72
5002002|"importoscholar #2"|18|23|978.50
5001001|"amalgscholar #1"|9|32|977.96
9003003|"exportimaxi #3"|17|13|977.92
3004002|"edu packexporti #2"|9|0|977.74
3001002|"amalgexporti #2"|18|38|977.40
10010011|"univamalgamalg #11"|19|24|977.10
2004001|"edu packimporto #1"|19|1|976.95
2001001|"amalgimporto #1"|18|47|975.60
10012011|"importoamalgamalg #11"|18|38|975.38
9010009|"univunivamalg #9"|18|10|974.49
10003007|"exportiunivamalg #7"|18|13|973.62
4002001|"importoedu pack #1"|9|19|973.59
3004001|"edu packexporti #1"|7|35|972.54
8004003|"edu packnameless #3"|19|13|972.17
4003001|"exportiedu pack #1"|17|51|972.16
2004002|"edu packimporto #2"|7|25|971.86
10002011|"importounivamalg #11"|17|18|970.50
6009007|"maxicorp #7"|17|9|970.02
4002001|"importoedu pack #1"|17|47|969.71
5004001|"edu packscholar #1"|19|37|969.54
8004005|"edu packnameless #5"|8|33|968.24
5003002|"exportischolar #2"|19|48|968.10
9006011|"corpmaxi #11"|18|40|968.07
8012005|"importomaxi #5"|18|0|967.95
7006004|NULL|8|27|967.46
10016001|"corpamalgamalg #1"|18|3|967.26
10016001|"corpamalgamalg #1"|9|1|966.90
1001001|"amalgamalg #1"|17|25|966.46
6003008|"exporticorp #8"|9|51|966.45
8004005|"edu packnameless #5"|17|56|965.02
5003002|"exportischolar #2"|19|12|964.88
1002002|"importoamalg #2"|19|34|964.04
9005009|"scholarmaxi #9"|18|18|963.60
10012006|"importoamalgamalg #6"|17|41|963.60
2003001|"exportiimporto #1"|8|43|963.36
8016004|"corpmaxi #4"|17|16|963.00
3002001|"importoexporti #1"|18|54|962.34
1001002|"amalgamalg #2"|9|26|961.92
3003002|"exportiexporti #2"|18|51|961.75
4001001|"amalgedu pack #1"|8|48|961.38
6003003|"exporticorp #3"|19|6|961.15
6008003|"namelesscorp #3"|19|51|960.96
3001001|"amalgexporti #1"|18|1|960.90
6010005|"univbrand #5"|9|41|960.41
10015013|"scholaramalgamalg #13"|9|5|959.61
1001001|"amalgamalg #1"|8|36|959.56
3001001|"amalgexporti #1"|17|46|958.76
5002002|"importoscholar #2"|9|45|958.55
6001007|"amalgcorp #7"|9|39|958.44
10012011|"importoamalgamalg #11"|17|19|958.30
4001001|"amalgedu pack #1"|9|42|957.82
4003002|"exportiedu pack #2"|9|45|957.03
9014011|"edu packunivamalg #11"|9|28|957.00
3003001|"exportiexporti #1"|19|2|956.54
10004015|"edu packunivamalg #15"|9|1|955.68
10008012|"namelessunivamalg #12"|7|15|955.42
4004002|"edu packedu pack #2"|19|16|955.35
9013011|"exportiunivamalg #11"|9|13|954.72
8012006|"importomaxi #6"|9|42|954.24
NULL|NULL|8|52|954.18
10006013|"corpunivamalg #13"|17|15|954.18
10009017|"maxiunivamalg #17"|18|36|953.80
3001001|"amalgexporti #1"|9|51|953.76
2003001|"exportiimporto #1"|9|2|953.74
2003002|"exportiimporto #2"|9|6|953.70
7008007|"namelessbrand #7"|17|2|953.04
4003001|"exportiedu pack #1"|19|41|952.60
1004002|"edu packamalg #2"|17|9|952.38
9012005|"importounivamalg #5"|17|32|952.32
10016001|"corpamalgamalg #1"|9|31|951.58
7013009|"exportinameless #9"|19|0|951.52
5004001|"edu packscholar #1"|19|51|951.48
4004001|"edu packedu pack #1"|19|41|950.95
7004008|"edu packbrand #8"|18|18|950.82
9010009|"univunivamalg #9"|18|45|950.69
2001002|"amalgimporto #2"|18|40|950.67
10015001|"scholaramalgamalg #1"|17|20|950.40
6001001|"amalgcorp #1"|17|14|950.30
1002002|"importoamalg #2"|7|7|950.04
5001001|"amalgscholar #1"|17|28|950.04
4003001|"exportiedu pack #1"|9|0|949.96
8004003|"edu packnameless #3"|17|11|949.65
8008004|"namelessnameless #4"|7|18|948.05
1002001|"importoamalg #1"|9|35|948.01
2004002|"edu packimporto #2"|19|37|947.29
10015017|"scholaramalgamalg #17"|9|18|946.12
9016008|"corpunivamalg #8"|8|15|946.08
3002001|"importoexporti #1"|19|7|946.05
2003002|"exportiimporto #2"|19|20|945.90
4004001|"edu packedu pack #1"|9|20|945.00
7002003|"importobrand #3"|19|51|944.73
3004001|"edu packexporti #1"|17|58|944.46
9006009|"corpmaxi #9"|17|4|944.10
9009002|"maximaxi #2"|17|2|943.92
6008007|"namelesscorp #7"|19|59|943.00
2002001|"importoimporto #1"|8|35|942.76
9010009|"univunivamalg #9"|19|32|942.04
2004002|"edu packimporto #2"|18|16|941.96
6001002|"amalgcorp #2"|19|56|941.76
4004002|"edu packedu pack #2"|9|44|941.22
10010017|"univamalgamalg #17"|8|33|941.00
10003007|"exportiunivamalg #7"|7|46|940.90
3002001|"importoexporti #1"|19|51|940.50
2003001|"exportiimporto #1"|17|48|940.12
6001007|"amalgcorp #7"|6|44|939.60
8001001|"amalgnameless #1"|18|51|939.25
1004001|"edu packamalg #1"|18|39|939.02
6002005|"importocorp #5"|19|25|938.88
2002001|"importoimporto #1"|19|19|938.80
3004001|"edu packexporti #1"|19|44|938.08
8009009|"maxinameless #9"|7|12|938.08
6016003|"corpbrand #3"|8|14|937.94
6015006|"scholarbrand #6"|9|8|937.92
7009005|"maxibrand #5"|9|42|937.58
2003001|"exportiimporto #1"|9|24|937.44
1004001|"edu packamalg #1"|19|49|937.36
4002002|"importoedu pack #2"|19|7|936.96
1002001|"importoamalg #1"|7|46|936.56
9003011|"exportimaxi #11"|17|38|935.37
9014008|"edu packunivamalg #8"|17|37|935.18
3004002|"edu packexporti #2"|9|15|934.08
8005006|"scholarnameless #6"|8|18|933.90
1001002|"amalgamalg #2"|19|24|933.89
8004003|"edu packnameless #3"|17|41|933.84
10016008|"corpamalgamalg #8"|19|20|933.24
3003001|"exportiexporti #1"|18|16|932.40
5003002|"exportischolar #2"|19|25|930.24
8014004|"edu packmaxi #4"|19|7|927.96
3003001|"exportiexporti #1"|17|28|927.42
9003011|"exportimaxi #11"|19|17|927.22
7003001|"exportibrand #1"|7|40|927.00
3001002|"amalgexporti #2"|9|16|926.60
4002001|"importoedu pack #1"|17|53|925.40
8004004|"edu packnameless #4"|9|28|925.37
7009003|"maxibrand #3"|17|49|924.85
7013007|"exportinameless #7"|9|45|924.66
1002002|"importoamalg #2"|8|20|924.23
4004001|"edu packedu pack #1"|18|56|923.54
7001009|"amalgbrand #9"|6|0|923.40
3004001|"edu packexporti #1"|18|14|923.04
5004001|"edu packscholar #1"|8|8|922.53
1001001|"amalgamalg #1"|17|39|921.24
8016001|"corpmaxi #1"|9|42|921.15
3002001|"importoexporti #1"|6|9|921.10
7015009|"scholarnameless #9"|9|45|920.26
8008007|"namelessnameless #7"|17|47|919.89
1004002|"edu packamalg #2"|17|25|919.80
10005013|"scholarunivamalg #13"|9|48|919.75
7007010|"brandbrand #10"|18|27|919.60
5002002|"importoscholar #2"|17|35|919.45
5004002|"edu packscholar #2"|18|43|917.59
2002001|"importoimporto #1"|18|23|917.44
10006009|"corpunivamalg #9"|19|36|916.98
2002002|"importoimporto #2"|19|59|916.76
2003001|"exportiimporto #1"|17|27|916.76
5004001|"edu packscholar #1"|19|55|916.18
9015009|"scholarunivamalg #9"|9|54|915.38
6010005|"univbrand #5"|17|43|915.09
1001001|"amalgamalg #1"|18|49|914.78
4001001|"amalgedu pack #1"|17|48|914.60
7010001|"univnameless #1"|6|25|914.27
6016005|"corpbrand #5"|8|21|912.45
8016003|"corpmaxi #3"|18|23|911.49
9006002|"corpmaxi #2"|19|1|911.43
3004001|"edu packexporti #1"|9|23|911.12
9001003|"amalgmaxi #3"|8|46|911.07
8015005|"scholarmaxi #5"|19|38|910.74
2003001|"exportiimporto #1"|17|58|910.62
6016001|"corpbrand #1"|18|16|910.51
7011001|"amalgnameless #1"|7|54|909.54
8004005|"edu packnameless #5"|9|23|909.04
8005008|"scholarnameless #8"|9|51|908.61
6007003|"brandcorp #3"|8|6|908.04
9015005|"scholarunivamalg #5"|18|0|908.04
4001001|"amalgedu pack #1"|19|50|907.80
7009005|"maxibrand #5"|8|19|907.20
9008008|"namelessmaxi #8"|9|48|907.14
6002003|"importocorp #3"|9|0|906.50
7010004|"univnameless #4"|18|16|905.85
7012009|"importonameless #9"|18|31|905.77
8005009|"scholarnameless #9"|19|10|905.53
5002001|"importoscholar #1"|9|13|905.52
4004002|"edu packedu pack #2"|19|2|905.10
9001008|"amalgmaxi #8"|8|46|905.10
9004003|"edu packmaxi #3"|7|43|904.40
9010009|"univunivamalg #9"|19|29|902.97
5001001|"amalgscholar #1"|18|58|902.70
6014007|"edu packbrand #7"|18|39|902.00
2003001|"exportiimporto #1"|18|12|901.57
3003002|"exportiexporti #2"|19|48|901.30
9002011|"importomaxi #11"|6|5|901.00
7009005|"maxibrand #5"|7|53|900.90
7014001|"edu packnameless #1"|9|18|899.94
6003008|"exporticorp #8"|17|53|899.64
6006003|"corpcorp #3"|8|14|899.64
7016001|"corpnameless #1"|9|12|899.10
2002001|"importoimporto #1"|18|38|898.92
8015003|"scholarmaxi #3"|19|19|898.88
10015001|"scholaramalgamalg #1"|18|0|898.62
1003001|"exportiamalg #1"|19|28|898.45
9004003|"edu packmaxi #3"|8|53|898.38
7012009|"importonameless #9"|17|27|898.30
5001001|"amalgscholar #1"|9|26|897.71
3001002|"amalgexporti #2"|19|20|897.60
2001002|"amalgimporto #2"|18|45|897.48
1002001|"importoamalg #1"|17|35|897.00
1003001|"exportiamalg #1"|9|24|895.84
4004002|"edu packedu pack #2"|17|18|895.77
10015001|"scholaramalgamalg #1"|9|2|895.69
9011008|"amalgunivamalg #8"|18|23|895.02
8014005|"edu packmaxi #5"|6|5|894.54
1003002|"exportiamalg #2"|19|22|894.25
10003015|"exportiunivamalg #15"|17|47|894.24
4001002|"amalgedu pack #2"|17|12|893.89
6014006|"edu packbrand #6"|17|11|893.76
2001002|"amalgimporto #2"|18|15|893.20
9008011|"namelessmaxi #11"|18|37|893.20
7005010|"scholarbrand #10"|19|50|893.05
3002001|"importoexporti #1"|9|37|892.80
8009010|"maxinameless #10"|6|56|891.80
9009003|"maximaxi #3"|8|5|891.70
7010010|"univnameless #10"|17|22|890.46
1001001|"amalgamalg #1"|9|17|890.40
10011004|"amalgamalgamalg #4"|17|27|889.92
7012003|"importonameless #3"|8|46|889.65
6005003|"scholarcorp #3"|18|42|888.47
9008011|"namelessmaxi #11"|17|12|887.60
3004001|"edu packexporti #1"|18|51|887.25
10009015|"maxiunivamalg #15"|19|14|886.82
8005003|"scholarnameless #3"|17|47|886.52
8005010|"scholarnameless #10"|18|26|886.44
8004005|"edu packnameless #5"|8|42|886.20
5003002|"exportischolar #2"|17|17|885.96
3004002|"edu packexporti #2"|9|2|885.56
5002002|"importoscholar #2"|9|52|885.37
8007001|"brandnameless #1"|17|38|885.19
7004007|"edu packbrand #7"|18|35|885.07
7006004|NULL|18|16|885.02
2004002|"edu packimporto #2"|18|41|882.72
10010004|"univamalgamalg #4"|19|12|882.56
9011009|"amalgunivamalg #9"|18|49|881.28
6001002|"amalgcorp #2"|8|31|881.25
9006005|"corpmaxi #5"|17|44|881.13
4003001|"exportiedu pack #1"|9|9|880.60
9010009|"univunivamalg #9"|18|4|879.84
10007012|"brandunivamalg #12"|17|34|879.69
7013002|"exportinameless #2"|9|7|879.00
7016001|"corpnameless #1"|18|47|878.15
5002001|"importoscholar #1"|8|42|876.96
7007010|"brandbrand #10"|6|15|876.96
6003007|"exporticorp #7"|7|7|876.48
8008003|"namelessnameless #3"|17|39|875.91
6012001|"importobrand #1"|17|4|874.80
6015007|"scholarbrand #7"|8|45|874.80
7013007|"exportinameless #7"|8|22|874.35
2003001|"exportiimporto #1"|9|44|874.08
10014016|"edu packamalgamalg #16"|7|47|873.50
2004002|"edu packimporto #2"|17|55|873.30
1003001|"exportiamalg #1"|17|38|872.67
1003001|"exportiamalg #1"|19|3|871.80
1003001|"exportiamalg #1"|18|26|871.38
5001001|"amalgscholar #1"|17|17|871.24
2004002|"edu packimporto #2"|7|20|870.78
10016001|"corpamalgamalg #1"|8|55|870.45
7010010|"univnameless #10"|9|56|870.21
10010008|"univamalgamalg #8"|9|2|870.10
4001002|"amalgedu pack #2"|18|57|869.54
1001001|"amalgamalg #1"|17|4|869.04
7003009|"exportibrand #9"|18|16|868.70
7010010|"univnameless #10"|17|4|866.88
5001002|"amalgscholar #2"|17|42|865.98
3002001|"importoexporti #1"|18|9|865.50
6003003|"exporticorp #3"|17|12|865.35
5002001|"importoscholar #1"|19|36|865.20
7015002|"scholarnameless #2"|18|8|864.80
7009001|"maxibrand #1"|18|54|864.60
1001001|"amalgamalg #1"|7|55|863.91
4004001|"edu packedu pack #1"|19|43|863.72
6005001|"scholarcorp #1"|7|54|863.63
10009013|"maxiunivamalg #13"|17|30|863.46
2004002|"edu packimporto #2"|17|52|863.45
5001002|"amalgscholar #2"|18|38|863.38
4003002|"exportiedu pack #2"|7|36|863.00
7010009|"univnameless #9"|18|38|862.81
3002001|"importoexporti #1"|9|40|862.68
3003001|"exportiexporti #1"|6|6|862.50
8005003|"scholarnameless #3"|18|39|862.29
4003001|"exportiedu pack #1"|18|47|862.20
6006003|"corpcorp #3"|17|17|862.08
6001001|"amalgcorp #1"|7|14|861.84
1003002|"exportiamalg #2"|7|31|861.51
10012004|"importoamalgamalg #4"|18|25|861.40
1004001|"edu packamalg #1"|17|55|861.12
3002002|"importoexporti #2"|9|38|860.85
8005006|"scholarnameless #6"|19|6|860.70
3004001|"edu packexporti #1"|18|15|860.40
7006008|"corpbrand #8"|17|48|860.20
7010001|"univnameless #1"|18|53|860.09
9001008|"amalgmaxi #8"|7|12|859.20
10014016|"edu packamalgamalg #16"|9|48|859.20
2004001|"edu packimporto #1"|17|43|857.44
10006008|"corpunivamalg #8"|19|45|857.40
4004002|"edu packedu pack #2"|9|48|857.01
10014001|"edu packamalgamalg #1"|19|27|856.84
7008007|"namelessbrand #7"|17|30|856.80
8013007|"exportimaxi #7"|17|7|854.70
9009005|"maximaxi #5"|19|59|854.68
7005006|"scholarbrand #6"|17|24|853.51
9002003|"importomaxi #3"|18|17|853.28
4004001|"edu packedu pack #1"|6|33|853.20
6010006|"univbrand #6"|17|57|852.15
6011008|"amalgbrand #8"|9|36|852.00
4003002|"exportiedu pack #2"|9|0|851.91
6012003|"importobrand #3"|9|15|851.60
8001003|"amalgnameless #3"|18|44|851.46
10014001|"edu packamalgamalg #1"|17|12|851.40
6002001|"importocorp #1"|17|38|850.65
2001002|"amalgimporto #2"|7|22|848.65
10003016|"exportiunivamalg #16"|7|32|847.21
4004002|"edu packedu pack #2"|19|54|846.72
8004005|"edu packnameless #5"|9|8|846.36
2004002|"edu packimporto #2"|18|38|846.30
7009001|"maxibrand #1"|18|25|845.50
5001002|"amalgscholar #2"|9|30|845.46
6014002|"edu packbrand #2"|17|10|843.75
1001002|"amalgamalg #2"|9|10|843.70
2002001|"importoimporto #1"|19|13|843.70
10011004|"amalgamalgamalg #4"|8|40|843.54
8005008|"scholarnameless #8"|17|23|843.08
4004001|"edu packedu pack #1"|18|30|842.80
10012001|"importoamalgamalg #1"|9|27|842.52
9003011|"exportimaxi #11"|17|22|842.24
10001004|"amalgunivamalg #4"|18|3|841.80
10016008|"corpamalgamalg #8"|8|14|841.40
6015005|"scholarbrand #5"|17|24|840.60
9011009|"amalgunivamalg #9"|18|33|840.21
1001001|"amalgamalg #1"|18|5|839.40
9001008|"amalgmaxi #8"|9|15|838.53
9010009|"univunivamalg #9"|8|14|837.90
9006011|"corpmaxi #11"|18|1|837.81
6014004|"edu packbrand #4"|18|19|837.72
4004001|"edu packedu pack #1"|8|8|837.54
1003001|"exportiamalg #1"|19|1|837.30
2003002|"exportiimporto #2"|17|46|836.94
5004002|"edu packscholar #2"|17|51|836.38
4001001|"amalgedu pack #1"|9|13|836.03
4003002|"exportiedu pack #2"|9|59|835.62
3004001|"edu packexporti #1"|8|41|835.00
10016007|"corpamalgamalg #7"|17|56|834.90
8004003|"edu packnameless #3"|19|17|834.70
7008007|"namelessbrand #7"|18|0|834.60
4001001|"amalgedu pack #1"|19|4|834.52
8005005|"scholarnameless #5"|17|56|834.22
3001002|"amalgexporti #2"|19|14|834.05
10004015|"edu packunivamalg #15"|8|59|833.85
10011017|"amalgamalgamalg #17"|17|4|833.77
7006008|"corpbrand #8"|9|48|833.70
6016005|"corpbrand #5"|9|13|833.47
6015006|"scholarbrand #6"|8|25|831.76
7011001|"amalgnameless #1"|8|47|831.00
8008003|"namelessnameless #3"|6|35|831.00
4001001|"amalgedu pack #1"|17|58|830.55
10014001|"edu packamalgamalg #1"|6|32|830.28
6005007|"scholarcorp #7"|18|6|830.06
4002001|"importoedu pack #1"|8|20|829.84
1002002|"importoamalg #2"|19|2|829.71
7012010|"importonameless #10"|18|44|829.00
6005003|"scholarcorp #3"|19|35|828.85
3002002|"importoexporti #2"|9|30|828.59
2004001|"edu packimporto #1"|19|28|828.00
10004015|"edu packunivamalg #15"|9|23|828.00
1002001|"importoamalg #1"|8|48|827.70
6011008|"amalgbrand #8"|19|31|826.59
10004017|"edu packunivamalg #17"|9|39|826.58
6016003|"corpbrand #3"|18|35|825.52
2001001|"amalgimporto #1"|18|6|825.28
1001001|"amalgamalg #1"|19|32|824.12
4004002|"edu packedu pack #2"|18|24|823.70
6002003|"importocorp #3"|9|44|823.60
3002001|"importoexporti #1"|17|25|823.50
8011007|"amalgmaxi #7"|8|46|823.02
10006002|"corpunivamalg #2"|19|33|822.64
8008003|"namelessnameless #3"|19|22|822.56
3003001|"exportiexporti #1"|7|33|822.22
4001001|"amalgedu pack #1"|17|54|821.81
6012001|"importobrand #1"|17|34|821.56
9004011|"edu packmaxi #11"|17|21|821.00
7012003|"importonameless #3"|19|7|820.08
8012004|"importomaxi #4"|7|6|820.08
6001007|"amalgcorp #7"|19|55|820.04
9001008|"amalgmaxi #8"|19|53|820.04
10016017|"corpamalgamalg #17"|8|41|819.36
7015003|"scholarnameless #3"|19|52|819.20
8011009|"amalgmaxi #9"|7|48|819.06
4004001|"edu packedu pack #1"|19|5|817.60
7013009|"exportinameless #9"|18|22|817.35
7016007|"corpnameless #7"|17|44|817.32
8002009|"importonameless #9"|19|12|817.13
9006011|"corpmaxi #11"|17|28|816.87
6014001|"edu packbrand #1"|18|27|815.94
3001001|"amalgexporti #1"|19|46|815.10
1001002|"amalgamalg #2"|9|27|814.72
5003002|"exportischolar #2"|6|1|814.40
9003005|"exportimaxi #5"|18|19|814.26
2003002|"exportiimporto #2"|17|56|813.75
6007007|"brandcorp #7"|18|24|813.10
7006001|"corpbrand #1"|17|42|813.06
1002001|"importoamalg #1"|17|21|812.92
7011001|"amalgnameless #1"|17|19|812.91
4003001|"exportiedu pack #1"|18|58|811.58
7001009|"amalgbrand #9"|18|47|811.44
2003002|"exportiimporto #2"|18|49|811.36
4004001|"edu packedu pack #1"|8|49|811.25
5004001|"edu packscholar #1"|8|32|810.81
2003001|"exportiimporto #1"|9|37|810.48
4004002|"edu packedu pack #2"|17|40|810.48
2003002|"exportiimporto #2"|7|5|810.16
3003001|"exportiexporti #1"|18|0|810.00
5004001|"edu packscholar #1"|18|45|809.99
5004002|"edu packscholar #2"|18|23|809.81
3003001|"exportiexporti #1"|17|50|809.34
7007010|"brandbrand #10"|19|20|809.27
4002002|"importoedu pack #2"|18|37|809.10
8007010|"brandnameless #10"|19|46|808.80
3003001|"exportiexporti #1"|6|59|808.36
10005013|"scholarunivamalg #13"|19|57|808.35
3001001|"amalgexporti #1"|9|3|808.28
8016006|"corpmaxi #6"|17|50|808.08
9008002|"namelessmaxi #2"|9|42|806.60
9010009|"univunivamalg #9"|8|38|805.98
6009002|"maxicorp #2"|8|40|805.32
5004001|"edu packscholar #1"|6|52|805.12
10010017|"univamalgamalg #17"|17|39|804.00
4004002|"edu packedu pack #2"|19|0|803.92
7002009|"importobrand #9"|9|55|803.60
7001004|"amalgbrand #4"|18|59|803.46
7010010|"univnameless #10"|19|0|803.25
6010005|"univbrand #5"|17|48|802.62
9007003|"brandmaxi #3"|17|53|802.35
5002001|"importoscholar #1"|18|5|802.14
5002001|"importoscholar #1"|17|17|801.30
10011009|"amalgamalgamalg #9"|17|57|799.24
7006008|"corpbrand #8"|18|23|798.72
7013002|"exportinameless #2"|9|39|798.00
5004002|"edu packscholar #2"|19|13|797.30
2004002|"edu packimporto #2"|8|50|796.62
1001001|"amalgamalg #1"|18|15|796.09
9004003|"edu packmaxi #3"|18|21|795.99
5003001|"exportischolar #1"|17|40|795.90
7009005|"maxibrand #5"|9|38|795.90
7008009|"namelessbrand #9"|18|58|795.87
8009003|"maxinameless #3"|8|24|795.60
4003001|"exportiedu pack #1"|18|27|795.26
9001008|"amalgmaxi #8"|8|51|795.06
4001001|"amalgedu pack #1"|17|1|794.22
8011007|"amalgmaxi #7"|17|23|793.98
2001001|"amalgimporto #1"|9|46|793.28
2003001|"exportiimporto #1"|9|51|793.20
2004001|"edu packimporto #1"|18|56|793.05
10010004|"univamalgamalg #4"|17|50|792.90
7006004|NULL|18|39|792.12
10014001|"edu packamalgamalg #1"|19|16|792.12
5003001|"exportischolar #1"|9|46|792.00
7015009|"scholarnameless #9"|9|32|791.16
4001002|"amalgedu pack #2"|17|10|790.50
5003001|"exportischolar #1"|9|37|790.40
10016008|"corpamalgamalg #8"|17|18|789.93
4002001|"importoedu pack #1"|9|46|789.47
10010001|"univamalgamalg #1"|17|11|789.43
9009005|"maximaxi #5"|8|19|789.39
1001002|"amalgamalg #2"|19|17|788.94
2002002|"importoimporto #2"|17|0|788.04
9014011|"edu packunivamalg #11"|17|9|787.86
2004002|"edu packimporto #2"|18|49|787.36
3004002|"edu packexporti #2"|7|10|787.05
3001001|"amalgexporti #1"|18|57|786.60
2002001|"importoimporto #1"|9|26|786.47
8008004|"namelessnameless #4"|19|52|786.24
8013004|"exportimaxi #4"|9|22|786.06
1004002|"edu packamalg #2"|8|26|786.00
4004002|"edu packedu pack #2"|9|54|785.88
10013003|"exportiamalgamalg #3"|17|57|784.32
3002002|"importoexporti #2"|9|22|784.16
9002003|"importomaxi #3"|18|19|784.08
9012003|"importounivamalg #3"|9|25|783.99
8014005|"edu packmaxi #5"|17|29|783.75
10011017|"amalgamalgamalg #17"|17|36|783.46
3003001|"exportiexporti #1"|9|20|780.56
8003009|"exportinameless #9"|17|56|780.26
7003003|"exportibrand #3"|18|0|780.12
10004008|"edu packunivamalg #8"|18|15|779.80
9002011|"importomaxi #11"|19|22|779.70
10002014|"importounivamalg #14"|8|15|779.31
9009003|"maximaxi #3"|17|54|778.41
7007005|"brandbrand #5"|8|43|778.36
9003008|"exportimaxi #8"|17|22|778.18
10013013|"exportiamalgamalg #13"|17|6|777.14
3001002|"amalgexporti #2"|9|23|777.00
5001001|"amalgscholar #1"|19|55|776.70
1002001|"importoamalg #1"|8|52|776.44
2002001|"importoimporto #1"|17|39|776.25
9011009|"amalgunivamalg #9"|19|54|775.71
3004001|"edu packexporti #1"|18|53|775.65
7012009|"importonameless #9"|18|52|775.44
1003001|"exportiamalg #1"|18|59|774.84
6001002|"amalgcorp #2"|17|10|773.84
1004002|"edu packamalg #2"|18|5|773.64
3003001|"exportiexporti #1"|9|53|773.12
10012006|"importoamalgamalg #6"|17|19|772.56
1003001|"exportiamalg #1"|18|41|772.48
3002002|"importoexporti #2"|17|52|772.00
10009013|"maxiunivamalg #13"|9|59|771.76
7016001|"corpnameless #1"|17|12|771.30
4001002|"amalgedu pack #2"|9|10|770.70
3004001|"edu packexporti #1"|9|26|770.25
10003007|"exportiunivamalg #7"|17|35|769.82
8004003|"edu packnameless #3"|18|51|769.21
2004002|"edu packimporto #2"|8|0|769.08
10011004|"amalgamalgamalg #4"|7|46|768.12
6007007|"brandcorp #7"|17|43|767.52
10014010|"edu packamalgamalg #10"|19|24|767.34
9005009|"scholarmaxi #9"|9|19|766.74
6005001|"scholarcorp #1"|17|15|766.36
6006003|"corpcorp #3"|19|43|765.87
10004015|"edu packunivamalg #15"|7|27|765.45
1004002|"edu packamalg #2"|9|1|765.44
1004001|"edu packamalg #1"|8|18|764.75
9001008|"amalgmaxi #8"|19|12|764.72
3001002|"amalgexporti #2"|18|4|763.68
8005010|"scholarnameless #10"|9|34|763.68
10013002|"exportiamalgamalg #2"|17|21|763.50
5001001|"amalgscholar #1"|19|8|763.47
9004003|"edu packmaxi #3"|9|24|763.20
9007003|"brandmaxi #3"|19|45|762.91
8015008|"scholarmaxi #8"|17|51|762.88
3004002|"edu packexporti #2"|17|6|762.81
6001007|"amalgcorp #7"|9|43|762.75
9016002|"corpunivamalg #2"|18|24|762.48
5002001|"importoscholar #1"|17|56|761.97
4003001|"exportiedu pack #1"|17|53|761.40
3003001|"exportiexporti #1"|17|43|760.89
3003001|"exportiexporti #1"|9|32|760.80
6006007|"corpcorp #7"|9|29|760.50
4002001|"importoedu pack #1"|19|58|760.32
10016008|"corpamalgamalg #8"|18|23|760.16
2003002|"exportiimporto #2"|9|19|759.60
10016001|"corpamalgamalg #1"|7|35|759.50
6015008|"scholarbrand #8"|18|46|758.22
2004001|"edu packimporto #1"|18|1|757.92
7012010|"importonameless #10"|17|18|757.86
8011009|"amalgmaxi #9"|17|44|757.62
3001001|"amalgexporti #1"|19|57|756.96
10016003|"corpamalgamalg #3"|18|17|756.84
8004004|"edu packnameless #4"|19|51|756.20
2003002|"exportiimporto #2"|8|43|756.16
9006011|"corpmaxi #11"|17|23|755.95
10012004|"importoamalgamalg #4"|9|48|755.58
4001001|"amalgedu pack #1"|18|45|754.86
10014016|"edu packamalgamalg #16"|19|25|754.50
9003011|"exportimaxi #11"|19|8|754.00
6004004|"edu packcorp #4"|8|48|753.84
10016008|"corpamalgamalg #8"|18|57|752.26
6015005|"scholarbrand #5"|19|49|752.08
8001007|"amalgnameless #7"|17|1|751.68
10005013|"scholarunivamalg #13"|17|53|751.47
5004001|"edu packscholar #1"|17|14|751.14
10007002|"brandunivamalg #2"|17|46|750.78
5003002|"exportischolar #2"|18|16|750.72
1001001|"amalgamalg #1"|17|12|750.64
7010001|"univnameless #1"|7|39|750.40
7009010|"maxibrand #10"|18|9|750.24
7016001|"corpnameless #1"|9|48|749.70
9007005|"brandmaxi #5"|9|54|748.22
10015013|"scholaramalgamalg #13"|9|9|748.22
8005006|"scholarnameless #6"|9|48|748.20
3001001|"amalgexporti #1"|8|5|747.91
3004001|"edu packexporti #1"|9|43|747.60
4001001|"amalgedu pack #1"|19|52|747.15
9004011|"edu packmaxi #11"|9|5|747.04
6009003|"maxicorp #3"|18|47|746.59
3001001|"amalgexporti #1"|19|4|746.55
4003002|"exportiedu pack #2"|18|55|744.09
3003002|"exportiexporti #2"|17|42|743.87
4002001|"importoedu pack #1"|17|24|743.50
10011014|"amalgamalgamalg #14"|17|59|742.80
7002008|"importobrand #8"|8|34|742.70
7001005|"amalgbrand #5"|9|33|742.56
10006009|"corpunivamalg #9"|17|14|741.65
7009003|"maxibrand #3"|17|52|741.00
8008002|"namelessnameless #2"|8|11|739.55
3003001|"exportiexporti #1"|18|44|738.90
10002011|"importounivamalg #11"|18|12|738.72
9014011|"edu packunivamalg #11"|17|7|737.94
9007003|"brandmaxi #3"|9|11|737.28
8016007|"corpmaxi #7"|19|59|737.20
6012001|"importobrand #1"|18|11|736.83
4001002|"amalgedu pack #2"|18|2|736.56
10013013|"exportiamalgamalg #13"|19|17|736.56
2004001|"edu packimporto #1"|8|30|736.50
NULL|NULL|9|14|735.66
4002001|"importoedu pack #1"|9|5|735.60
9007003|"brandmaxi #3"|7|20|735.50
3001002|"amalgexporti #2"|9|29|735.30
4001002|"amalgedu pack #2"|8|7|735.20
4001001|"amalgedu pack #1"|18|8|734.85
2001002|"amalgimporto #2"|19|5|734.44
10009009|"maxiunivamalg #9"|17|44|733.85
8011007|"amalgmaxi #7"|8|43|733.72
9013011|"exportiunivamalg #11"|19|22|733.50
3003001|"exportiexporti #1"|9|52|733.44
4002002|"importoedu pack #2"|8|50|732.92
10004004|"edu packunivamalg #4"|19|16|731.97
6008007|"namelesscorp #7"|19|7|731.82
7003002|"exportibrand #2"|8|46|731.43
4004002|"edu packedu pack #2"|8|26|731.00
5001002|"amalgscholar #2"|9|34|730.93
7015002|"scholarnameless #2"|9|47|730.53
6006007|"corpcorp #7"|17|50|729.82
3003001|"exportiexporti #1"|17|52|728.84
5002002|"importoscholar #2"|9|36|728.20
9013008|"exportiunivamalg #8"|8|46|728.08
4003002|"exportiedu pack #2"|18|34|728.06
7004006|"edu packbrand #6"|17|5|727.81
8016001|"corpmaxi #1"|19|40|727.68
9012003|"importounivamalg #3"|19|1|727.61
1001001|"amalgamalg #1"|19|5|727.02
1001002|"amalgamalg #2"|7|17|726.51
2001002|"amalgimporto #2"|18|49|725.99
1004002|"edu packamalg #2"|18|24|725.76
5002001|"importoscholar #1"|9|35|725.25
4002002|"importoedu pack #2"|19|23|725.19
7001001|"amalgbrand #1"|19|41|724.91
5001002|"amalgscholar #2"|17|35|724.62
9008011|"namelessmaxi #11"|17|56|724.10
6012002|"importobrand #2"|19|5|723.60
7009003|"maxibrand #3"|19|23|722.86
8008009|"namelessnameless #9"|19|59|722.61
10004015|"edu packunivamalg #15"|18|20|722.34
10010013|"univamalgamalg #13"|18|2|721.50
4004001|"edu packedu pack #1"|17|37|721.20
5004002|"edu packscholar #2"|19|48|719.80
1003002|"exportiamalg #2"|17|16|718.90
10003004|"exportiunivamalg #4"|18|36|718.90
4002001|"importoedu pack #1"|18|41|718.68
10010011|"univamalgamalg #11"|9|6|717.53
9016005|"corpunivamalg #5"|17|2|716.43
7006009|"corpbrand #9"|19|6|716.40
10015004|"scholaramalgamalg #4"|17|0|716.22
9004011|"edu packmaxi #11"|9|47|715.20
9009002|"maximaxi #2"|17|55|715.05
1004002|"edu packamalg #2"|19|36|714.56
10004008|"edu packunivamalg #8"|18|31|714.40
7004009|"edu packbrand #9"|19|55|713.91
3003002|"exportiexporti #2"|7|30|713.21
3002002|"importoexporti #2"|9|17|713.00
6008002|"namelesscorp #2"|17|19|712.80
2002001|"importoimporto #1"|7|50|712.60
9005009|"scholarmaxi #9"|9|31|712.14
4004001|"edu packedu pack #1"|17|31|711.51
6014001|"edu packbrand #1"|17|7|711.00
8001001|"amalgnameless #1"|17|25|710.94
10002014|"importounivamalg #14"|18|50|710.84
2004002|"edu packimporto #2"|9|27|710.83
9001008|"amalgmaxi #8"|18|7|710.32
5003001|"exportischolar #1"|18|9|709.67
6015007|"scholarbrand #7"|19|38|709.50
1002001|"importoamalg #1"|9|18|709.30
3002002|"importoexporti #2"|9|25|707.85
4003001|"exportiedu pack #1"|18|0|707.25
3002001|"importoexporti #1"|19|5|706.41
3002002|"importoexporti #2"|19|33|706.16
9013011|"exportiunivamalg #11"|17|47|705.81
9012003|"importounivamalg #3"|19|54|704.70
10016007|"corpamalgamalg #7"|18|57|704.34
3002001|"importoexporti #1"|9|20|703.89
2002001|"importoimporto #1"|9|30|703.84
9007009|"brandmaxi #9"|18|21|703.80
4001001|"amalgedu pack #1"|19|47|703.74
7013002|"exportinameless #2"|9|48|703.50
5001001|"amalgscholar #1"|19|6|703.12
10007012|"brandunivamalg #12"|9|41|702.90
1003002|"exportiamalg #2"|8|32|702.81
5003002|"exportischolar #2"|6|14|702.67
5004001|"edu packscholar #1"|19|7|702.66
1004002|"edu packamalg #2"|17|51|702.36
10001017|"amalgunivamalg #17"|9|14|702.26
5003001|"exportischolar #1"|7|36|702.20
8013004|"exportimaxi #4"|8|55|701.67
4004001|"edu packedu pack #1"|8|16|701.24
6006003|"corpcorp #3"|17|9|700.96
3004002|"edu packexporti #2"|18|2|700.54
9014002|"edu packunivamalg #2"|17|4|700.44
4002001|"importoedu pack #1"|6|37|700.04
7015009|"scholarnameless #9"|19|15|700.00
8001004|"amalgnameless #4"|18|13|699.96
9015011|"scholarunivamalg #11"|18|43|699.72
3003002|"exportiexporti #2"|18|25|699.04
6014007|"edu packbrand #7"|17|39|698.76
5004002|"edu packscholar #2"|18|11|698.70
2003002|"exportiimporto #2"|19|7|698.56
1002002|"importoamalg #2"|19|43|698.36
9002011|"importomaxi #11"|8|43|698.36
1004001|"edu packamalg #1"|17|22|698.24
3003002|"exportiexporti #2"|18|54|697.46
4003001|"exportiedu pack #1"|9|45|697.45
7008006|"namelessbrand #6"|18|10|697.00
8007010|"brandnameless #10"|19|22|696.48
1001001|"amalgamalg #1"|17|36|696.16
2001002|"amalgimporto #2"|9|15|696.15
10007002|"brandunivamalg #2"|17|16|695.97
10009008|"maxiunivamalg #8"|17|17|695.89
4001002|"amalgedu pack #2"|18|59|695.33
6012007|"importobrand #7"|18|31|694.98
6012001|"importobrand #1"|17|49|694.40
6006004|"corpcorp #4"|7|54|693.62
10004008|"edu packunivamalg #8"|19|29|693.57
1001001|"amalgamalg #1"|18|51|692.80
9014002|"edu packunivamalg #2"|6|36|692.67
2004002|"edu packimporto #2"|19|20|692.27
8016009|"corpmaxi #9"|9|59|692.16
10003008|"exportiunivamalg #8"|17|0|691.90
2003001|"exportiimporto #1"|18|47|691.52
3002002|"importoexporti #2"|19|27|691.20
2002001|"importoimporto #1"|17|50|690.92
2002001|"importoimporto #1"|17|0|690.50
6004003|"edu packcorp #3"|17|38|690.48
9002003|"importomaxi #3"|17|15|690.20
8006008|"corpnameless #8"|19|4|690.08
10010001|"univamalgamalg #1"|18|26|688.10
4002001|"importoedu pack #1"|19|28|688.00
6005001|"scholarcorp #1"|9|29|687.54
7002003|"importobrand #3"|19|54|687.36
5003001|"exportischolar #1"|9|23|687.25
7003002|"exportibrand #2"|17|31|687.12
7005006|"scholarbrand #6"|17|54|686.49
4001001|"amalgedu pack #1"|19|5|686.00
7016001|"corpnameless #1"|17|32|685.72
6009003|"maxicorp #3"|19|36|684.48
3002002|"importoexporti #2"|19|52|684.45
9012008|"importounivamalg #8"|17|40|684.09
7005006|"scholarbrand #6"|6|25|682.08
3001001|"amalgexporti #1"|19|53|680.60
6016003|"corpbrand #3"|18|11|679.90
2002001|"importoimporto #1"|9|13|679.33
2002001|"importoimporto #1"|18|41|679.25
4001001|"amalgedu pack #1"|9|28|679.14
9008011|"namelessmaxi #11"|19|53|679.14
10016017|"corpamalgamalg #17"|9|19|678.51
10009006|"maxiunivamalg #6"|18|20|678.50
4004002|"edu packedu pack #2"|9|45|678.26
9006002|"corpmaxi #2"|9|50|678.24
6015004|"scholarbrand #4"|19|28|677.32
8009005|"maxinameless #5"|17|19|676.80
8005010|"scholarnameless #10"|8|31|676.28
10013015|"exportiamalgamalg #15"|17|36|675.92
4001002|"amalgedu pack #2"|17|34|675.45
5004001|"edu packscholar #1"|9|17|674.96
1001001|"amalgamalg #1"|19|43|674.90
9006009|"corpmaxi #9"|18|21|674.52
5002002|"importoscholar #2"|17|19|674.24
3004002|"edu packexporti #2"|7|32|672.48
4002002|"importoedu pack #2"|9|29|672.10
9006009|"corpmaxi #9"|17|12|672.00
8009009|"maxinameless #9"|17|38|671.97
4002001|"importoedu pack #1"|17|25|671.52
3002002|"importoexporti #2"|9|32|671.44
3004001|"edu packexporti #1"|17|46|670.20
10012001|"importoamalgamalg #1"|9|26|669.92
5001001|"amalgscholar #1"|9|55|669.12
6001008|"amalgcorp #8"|6|25|668.80
3002001|"importoexporti #1"|17|7|668.36
9002011|"importomaxi #11"|18|23|667.27
5002002|"importoscholar #2"|17|37|667.23
7006001|"corpbrand #1"|18|8|666.90
10005010|"scholarunivamalg #10"|17|43|666.90
2001002|"amalgimporto #2"|6|45|666.12
9005009|"scholarmaxi #9"|18|15|665.55
2001002|"amalgimporto #2"|9|38|665.52
8016003|"corpmaxi #3"|19|4|664.96
7009009|"maxibrand #9"|19|16|664.32
8005001|"scholarnameless #1"|18|19|664.24
9008008|"namelessmaxi #8"|18|5|663.97
5001001|"amalgscholar #1"|6|3|663.78
10005014|"scholarunivamalg #14"|17|7|663.52
2003002|"exportiimporto #2"|9|58|663.39
4001001|"amalgedu pack #1"|9|29|663.06
7010003|"univnameless #3"|19|6|663.00
10008002|"namelessunivamalg #2"|17|24|663.00
2003001|"exportiimporto #1"|6|6|661.50
5003002|"exportischolar #2"|19|4|661.36
2004002|"edu packimporto #2"|9|10|661.32
2003002|"exportiimporto #2"|18|43|661.00
6011005|"amalgbrand #5"|8|30|660.44
9008008|"namelessmaxi #8"|6|45|660.00
2004002|"edu packimporto #2"|17|39|659.88
6003003|"exporticorp #3"|17|35|659.25
10001017|"amalgunivamalg #17"|19|36|658.80
8003010|"exportinameless #10"|9|51|658.35
5004001|"edu packscholar #1"|18|1|657.72
6007003|"brandcorp #3"|17|40|657.11
2002001|"importoimporto #1"|7|16|655.68
6006007|"corpcorp #7"|17|28|654.57
6006004|"corpcorp #4"|19|21|654.16
7007005|"brandbrand #5"|17|50|652.08
9013011|"exportiunivamalg #11"|19|53|651.90
9009002|"maximaxi #2"|19|25|651.42
10016013|"corpamalgamalg #13"|8|24|651.34
4004001|"edu packedu pack #1"|19|14|651.12
7004008|"edu packbrand #8"|17|25|650.52
1002001|"importoamalg #1"|17|14|650.24
6003003|"exporticorp #3"|8|59|650.23
4004002|"edu packedu pack #2"|9|27|649.60
4002002|"importoedu pack #2"|17|44|649.48
10013015|"exportiamalgamalg #15"|19|1|649.40
5001002|"amalgscholar #2"|17|25|649.00
4001001|"amalgedu pack #1"|9|20|648.70
7016001|"corpnameless #1"|19|7|648.14
8008009|"namelessnameless #9"|8|44|647.82
4002001|"importoedu pack #1"|9|29|647.54
10014016|"edu packamalgamalg #16"|18|36|647.29
7012003|"importonameless #3"|6|20|647.04
8003010|"exportinameless #10"|18|46|646.24
1002001|"importoamalg #1"|19|39|646.00
2001001|"amalgimporto #1"|6|37|645.83
3003001|"exportiexporti #1"|19|38|645.38
8008004|"namelessnameless #4"|8|35|645.15
9014008|"edu packunivamalg #8"|19|50|645.00
10009013|"maxiunivamalg #13"|18|39|644.80
10008002|"namelessunivamalg #2"|19|15|644.69
10002011|"importounivamalg #11"|9|0|644.54
6002005|"importocorp #5"|9|7|644.48
10011014|"amalgamalgamalg #14"|17|4|643.68
3002001|"importoexporti #1"|17|5|643.37
6009003|"maxicorp #3"|18|53|642.33
5001002|"amalgscholar #2"|8|16|642.20
8009010|"maxinameless #10"|18|30|641.92
8004005|"edu packnameless #5"|17|27|641.55
10014016|"edu packamalgamalg #16"|7|13|641.08
1001001|"amalgamalg #1"|18|14|641.06
9001011|"amalgmaxi #11"|17|55|640.92
1001001|"amalgamalg #1"|19|59|640.70
6006003|"corpcorp #3"|18|6|640.32
1002001|"importoamalg #1"|17|8|640.30
2002001|"importoimporto #1"|17|29|640.26
6012002|"importobrand #2"|17|19|640.20
1002001|"importoamalg #1"|18|54|640.08
7009010|"maxibrand #10"|18|14|640.05
1001001|"amalgamalg #1"|18|18|639.90
10007002|"brandunivamalg #2"|18|50|639.40
5001002|"amalgscholar #2"|8|45|638.80
10016001|"corpamalgamalg #1"|8|5|638.48
5004002|"edu packscholar #2"|17|2|638.24
1002001|"importoamalg #1"|9|38|638.10
7010001|"univnameless #1"|7|21|637.89
8016001|"corpmaxi #1"|18|53|637.74
10013002|"exportiamalgamalg #2"|19|44|636.90
10008002|"namelessunivamalg #2"|17|53|636.74
4003002|"exportiedu pack #2"|18|39|636.18
5004001|"edu packscholar #1"|9|15|635.46
7002003|"importobrand #3"|17|15|635.25
10006013|"corpunivamalg #13"|18|19|635.25
4004002|"edu packedu pack #2"|7|9|634.92
5004001|"edu packscholar #1"|18|25|634.51
7008009|"namelessbrand #9"|17|25|634.32
6010002|"univbrand #2"|7|19|634.04
4002002|"importoedu pack #2"|7|18|633.08
8006003|"corpnameless #3"|19|23|632.58
2004002|"edu packimporto #2"|9|12|632.48
1003002|"exportiamalg #2"|18|13|632.34
2002001|"importoimporto #1"|18|6|631.80
5004002|"edu packscholar #2"|17|0|631.56
2002001|"importoimporto #1"|19|10|630.45
9015005|"scholarunivamalg #5"|18|2|630.40
3001002|"amalgexporti #2"|9|50|628.90
5003001|"exportischolar #1"|7|23|627.90
8011007|"amalgmaxi #7"|8|22|627.75
9004008|"edu packmaxi #8"|17|0|627.75
10014001|"edu packamalgamalg #1"|8|20|627.48
8016004|"corpmaxi #4"|6|20|627.44
8001007|"amalgnameless #7"|17|16|627.20
7005006|"scholarbrand #6"|8|36|627.07
7004004|"edu packbrand #4"|17|16|626.45
1003002|"exportiamalg #2"|17|50|624.96
4002002|"importoedu pack #2"|6|25|624.56
10016009|"corpamalgamalg #9"|19|42|624.24
1003001|"exportiamalg #1"|18|6|624.16
10013003|"exportiamalgamalg #3"|18|47|623.22
2002001|"importoimporto #1"|17|3|622.72
7009005|"maxibrand #5"|18|31|622.22
1003002|"exportiamalg #2"|19|19|622.02
2002002|"importoimporto #2"|9|59|621.88
10015013|"scholaramalgamalg #13"|9|34|621.87
5002002|"importoscholar #2"|9|21|621.55
3001001|"amalgexporti #1"|8|54|621.40
4004001|"edu packedu pack #1"|17|11|621.30
10010004|"univamalgamalg #4"|6|50|621.18
3002001|"importoexporti #1"|7|51|620.28
8003003|"exportinameless #3"|17|3|620.18
2001001|"amalgimporto #1"|18|51|619.82
10004001|"edu packunivamalg #1"|19|35|619.68
5003001|"exportischolar #1"|17|7|619.52
2003002|"exportiimporto #2"|8|56|619.14
5002002|"importoscholar #2"|18|35|619.00
8005003|"scholarnameless #3"|19|45|618.80
6001007|"amalgcorp #7"|19|37|618.12
8005009|"scholarnameless #9"|18|49|617.40
1001002|"amalgamalg #2"|9|40|616.93
3001001|"amalgexporti #1"|19|43|616.85
6008007|"namelesscorp #7"|9|59|616.55
4001001|"amalgedu pack #1"|8|41|616.33
3001002|"amalgexporti #2"|8|30|615.95
7001005|"amalgbrand #5"|19|17|614.46
6012002|"importobrand #2"|7|34|613.86
7006003|"corpbrand #3"|9|15|613.47
8012001|"importomaxi #1"|17|51|613.14
7004006|"edu packbrand #6"|18|41|613.09
7008006|"namelessbrand #6"|18|8|612.00
10016001|"corpamalgamalg #1"|17|32|612.00
8004005|"edu packnameless #5"|18|43|611.55
4001001|"amalgedu pack #1"|18|51|609.58
4004001|"edu packedu pack #1"|7|56|609.52
10015005|"scholaramalgamalg #5"|9|4|609.45
3003001|"exportiexporti #1"|19|27|609.05
9007005|"brandmaxi #5"|19|13|608.52
7007010|"brandbrand #10"|17|56|608.50
2001002|"amalgimporto #2"|17|32|608.30
4003001|"exportiedu pack #1"|9|41|607.60
2002002|"importoimporto #2"|17|18|606.75
8005009|"scholarnameless #9"|18|38|606.48
5001002|"amalgscholar #2"|9|14|606.30
3004002|"edu packexporti #2"|9|49|605.90
4003001|"exportiedu pack #1"|7|0|605.40
4004002|"edu packedu pack #2"|6|39|605.28
4002001|"importoedu pack #1"|8|4|605.15
1004002|"edu packamalg #2"|19|56|604.80
9011008|"amalgunivamalg #8"|19|13|604.24
8004001|"edu packnameless #1"|8|53|604.12
1001001|"amalgamalg #1"|17|30|603.96
1004002|"edu packamalg #2"|9|55|603.78
10012004|"importoamalgamalg #4"|9|23|603.00
2004001|"edu packimporto #1"|19|46|602.84
10008009|"namelessunivamalg #9"|18|8|602.83
7001004|"amalgbrand #4"|9|44|602.55
1002001|"importoamalg #1"|8|20|602.00
10015001|"scholaramalgamalg #1"|18|39|601.92
2002001|"importoimporto #1"|8|4|601.70
2004002|"edu packimporto #2"|18|14|601.40
10005014|"scholarunivamalg #14"|9|49|600.88
7010004|"univnameless #4"|6|13|600.66
6016006|"corpbrand #6"|9|14|600.60
6009003|"maxicorp #3"|19|34|600.38
4002001|"importoedu pack #1"|18|21|600.30
10016003|"corpamalgamalg #3"|17|3|599.76
5001002|"amalgscholar #2"|17|49|599.40
7015009|"scholarnameless #9"|17|50|599.38
2002001|"importoimporto #1"|17|55|599.28
8011009|"amalgmaxi #9"|18|15|599.20
10002007|"importounivamalg #7"|6|7|599.13
1002001|"importoamalg #1"|17|44|598.92
2003002|"exportiimporto #2"|17|20|598.92
1001001|"amalgamalg #1"|17|40|597.80
4002001|"importoedu pack #1"|18|35|597.74
7016001|"corpnameless #1"|17|37|597.52
3002002|"importoexporti #2"|6|37|597.51
5001001|"amalgscholar #1"|19|54|596.88
1001002|"amalgamalg #2"|19|59|596.64
9011009|"amalgunivamalg #9"|18|9|596.53
1003001|"exportiamalg #1"|9|8|595.68
5002001|"importoscholar #1"|19|45|595.51
7004001|"edu packbrand #1"|17|22|595.08
7008009|"namelessbrand #9"|8|19|595.08
3004001|"edu packexporti #1"|17|8|594.75
9006002|"corpmaxi #2"|18|27|594.42
4002001|"importoedu pack #1"|7|43|593.85
2002001|"importoimporto #1"|17|20|593.64
1001002|"amalgamalg #2"|19|43|593.56
7007004|"brandbrand #4"|18|56|593.10
10015009|"scholaramalgamalg #9"|6|6|592.92
7002009|"importobrand #9"|18|20|592.71
9009003|"maximaxi #3"|8|29|592.69
5001002|"amalgscholar #2"|18|55|591.70
1004001|"edu packamalg #1"|18|50|591.69
5003001|"exportischolar #1"|9|41|590.86
8005005|"scholarnameless #5"|18|54|590.07
10015017|"scholaramalgamalg #17"|17|31|590.00
6016001|"corpbrand #1"|18|41|589.44
3001001|"amalgexporti #1"|18|2|589.33
4004002|"edu packedu pack #2"|6|52|589.32
5002001|"importoscholar #1"|8|45|589.31
9011008|"amalgunivamalg #8"|8|8|589.28
2004001|"edu packimporto #1"|17|45|589.05
6015004|"scholarbrand #4"|18|23|589.05
8001004|"amalgnameless #4"|19|24|589.05
9002011|"importomaxi #11"|19|6|588.24
7013002|"exportinameless #2"|8|18|588.05
6008005|"namelesscorp #5"|8|39|587.62
4002001|"importoedu pack #1"|17|52|587.36
6008005|"namelesscorp #5"|19|26|587.16
8004005|"edu packnameless #5"|7|33|586.74
4003002|"exportiedu pack #2"|18|25|585.62
6005007|"scholarcorp #7"|17|46|584.92
6012005|"importobrand #5"|8|42|584.25
10002011|"importounivamalg #11"|19|45|584.00
8016007|"corpmaxi #7"|19|47|583.70
8011009|"amalgmaxi #9"|18|17|582.96
9012011|"importounivamalg #11"|19|47|582.66
5001001|"amalgscholar #1"|17|4|582.56
5003001|"exportischolar #1"|9|39|582.45
1004001|"edu packamalg #1"|19|46|582.42
6011003|"amalgbrand #3"|17|18|582.38
4003001|"exportiedu pack #1"|18|37|582.36
8003003|"exportinameless #3"|19|50|582.30
8001003|"amalgnameless #3"|18|15|582.25
4002001|"importoedu pack #1"|17|5|582.22
9015011|"scholarunivamalg #11"|18|28|582.18
1001001|"amalgamalg #1"|17|38|581.40
10003007|"exportiunivamalg #7"|19|3|581.38
4004002|"edu packedu pack #2"|8|42|581.28
2004001|"edu packimporto #1"|19|39|581.14
1004002|"edu packamalg #2"|9|5|581.00
5003001|"exportischolar #1"|18|8|580.50
9004011|"edu packmaxi #11"|6|23|580.32
7009005|"maxibrand #5"|18|49|579.60
7010004|"univnameless #4"|18|0|579.60
10002011|"importounivamalg #11"|8|21|579.60
8016003|"corpmaxi #3"|8|3|579.42
9008011|"namelessmaxi #11"|18|33|579.42
10004015|"edu packunivamalg #15"|8|44|579.21
10006017|"corpunivamalg #17"|9|43|578.90
7012009|"importonameless #9"|17|26|578.89
8004003|"edu packnameless #3"|18|33|578.89
8003007|"exportinameless #7"|18|45|578.20
8010002|"univmaxi #2"|8|23|578.10
10002012|"importounivamalg #12"|17|40|577.94
10004004|"edu packunivamalg #4"|7|51|577.92
7011001|"amalgnameless #1"|17|18|577.71
8008003|"namelessnameless #3"|19|41|577.54
8004009|"edu packnameless #9"|9|29|577.28
6006003|"corpcorp #3"|18|42|577.15
8008002|"namelessnameless #2"|9|18|576.45
2004002|"edu packimporto #2"|9|31|576.30
7012003|"importonameless #3"|7|5|576.18
3004001|"edu packexporti #1"|19|36|574.92
5001001|"amalgscholar #1"|18|9|574.80
8005005|"scholarnameless #5"|18|37|574.50
9008002|"namelessmaxi #2"|17|16|573.45
10008013|"namelessunivamalg #13"|18|6|573.39
8002009|"importonameless #9"|17|44|573.30
4002001|"importoedu pack #1"|6|40|572.88
3003002|"exportiexporti #2"|9|46|572.52
4002001|"importoedu pack #1"|17|6|572.04
7005006|"scholarbrand #6"|17|22|571.52
2002001|"importoimporto #1"|9|40|571.20
7003001|"exportibrand #1"|9|9|570.68
4001002|"amalgedu pack #2"|19|29|570.64
2004002|"edu packimporto #2"|9|9|570.35
2003002|"exportiimporto #2"|17|59|570.30
9003005|"exportimaxi #5"|19|9|570.18
8013007|"exportimaxi #7"|17|36|570.08
8006008|"corpnameless #8"|18|14|569.16
4002002|"importoedu pack #2"|17|30|568.68
5001001|"amalgscholar #1"|19|36|568.44
2003001|"exportiimporto #1"|6|2|568.33
7009003|"maxibrand #3"|9|6|568.31
7007010|"brandbrand #10"|7|41|567.70
2002002|"importoimporto #2"|18|35|567.64
10001004|"amalgunivamalg #4"|9|35|567.27
10004015|"edu packunivamalg #15"|8|41|566.99
9013008|"exportiunivamalg #8"|17|9|566.61
6008003|"namelesscorp #3"|17|12|566.56
9012005|"importounivamalg #5"|19|58|566.30
6013006|"exportibrand #6"|18|59|566.28
7014002|"edu packnameless #2"|18|43|566.28
8013007|"exportimaxi #7"|19|49|566.20
10015001|"scholaramalgamalg #1"|19|24|566.00
2004002|"edu packimporto #2"|19|39|565.95
10009008|"maxiunivamalg #8"|17|58|565.79
2004001|"edu packimporto #1"|7|39|565.25
3003001|"exportiexporti #1"|8|52|565.08
5003001|"exportischolar #1"|7|33|564.74
6015008|"scholarbrand #8"|8|26|564.68
3002001|"importoexporti #1"|19|47|564.51
9015005|"scholarunivamalg #5"|8|53|564.42
1004001|"edu packamalg #1"|9|3|564.33
7004008|"edu packbrand #8"|17|45|564.11
2002001|"importoimporto #1"|18|15|564.00
7007005|"brandbrand #5"|18|4|563.76
4003002|"exportiedu pack #2"|17|25|563.55
6012008|"importobrand #8"|9|7|562.74
2002001|"importoimporto #1"|18|7|562.48
2001001|"amalgimporto #1"|18|27|562.14
5003002|"exportischolar #2"|9|5|561.79
2003001|"exportiimporto #1"|18|43|561.30
4004001|"edu packedu pack #1"|8|22|561.06
4003001|"exportiedu pack #1"|9|40|560.88
3002001|"importoexporti #1"|18|28|560.84
1003002|"exportiamalg #2"|6|43|560.00
2001002|"amalgimporto #2"|18|59|560.00
1001002|"amalgamalg #2"|19|9|559.98
6012007|"importobrand #7"|18|17|559.24
9007005|"brandmaxi #5"|18|45|558.24
1003001|"exportiamalg #1"|6|35|558.18
3001001|"amalgexporti #1"|17|48|558.00
2001002|"amalgimporto #2"|19|30|557.96
4001001|"amalgedu pack #1"|9|58|557.60
2001002|"amalgimporto #2"|9|50|557.50
4004002|"edu packedu pack #2"|17|22|557.35
3002001|"importoexporti #1"|8|56|556.51
3003002|"exportiexporti #2"|9|1|556.50
3001002|"amalgexporti #2"|9|27|555.36
6016008|"corpbrand #8"|18|54|555.36
5004002|"edu packscholar #2"|18|46|555.05
5004002|"edu packscholar #2"|9|58|554.85
4003001|"exportiedu pack #1"|19|19|554.58
10011009|"amalgamalgamalg #9"|19|44|554.32
9006009|"corpmaxi #9"|7|42|554.22
8003009|"exportinameless #9"|18|35|553.80
5003002|"exportischolar #2"|7|29|553.66
9013009|"exportiunivamalg #9"|9|31|553.60
4004002|"edu packedu pack #2"|17|11|553.44
2001002|"amalgimporto #2"|19|11|553.28
8004003|"edu packnameless #3"|6|2|552.42
9016009|"corpunivamalg #9"|19|9|552.42
10011017|"amalgamalgamalg #17"|19|50|552.16
6001002|"amalgcorp #2"|9|21|551.25
5002002|"importoscholar #2"|18|26|551.00
3002002|"importoexporti #2"|17|56|550.12
5003001|"exportischolar #1"|19|16|550.08
9006009|"corpmaxi #9"|17|18|550.00
9016009|"corpunivamalg #9"|18|31|549.63
6003008|"exporticorp #8"|19|22|549.02
7011008|"amalgnameless #8"|19|43|548.64
9006011|"corpmaxi #11"|19|6|546.84
10010007|"univamalgamalg #7"|18|40|546.49
8012004|"importomaxi #4"|7|35|546.00
9010009|"univunivamalg #9"|18|58|546.00
4001002|"amalgedu pack #2"|8|43|545.49
9011008|"amalgunivamalg #8"|18|10|545.16
9001011|"amalgmaxi #11"|17|12|544.92
10012010|"importoamalgamalg #10"|19|18|544.62
1004002|"edu packamalg #2"|18|34|544.20
2001001|"amalgimporto #1"|18|43|544.08
10003011|"exportiunivamalg #11"|19|25|543.24
3003001|"exportiexporti #1"|6|18|543.20
7003005|"exportibrand #5"|9|12|543.12
4003001|"exportiedu pack #1"|9|7|542.73
3003001|"exportiexporti #1"|17|26|542.70
5002001|"importoscholar #1"|18|13|542.40
6011005|"amalgbrand #5"|18|18|542.10
4002001|"importoedu pack #1"|9|1|541.62
8011007|"amalgmaxi #7"|9|40|541.50
10007015|"brandunivamalg #15"|18|1|541.45
10010004|"univamalgamalg #4"|8|28|539.58
10007012|"brandunivamalg #12"|19|50|539.28
4001002|"amalgedu pack #2"|9|38|539.10
5001001|"amalgscholar #1"|8|25|539.00
10006013|"corpunivamalg #13"|17|1|538.75
1004001|"edu packamalg #1"|18|5|538.72
1003002|"exportiamalg #2"|18|56|538.05
9009009|"maximaxi #9"|17|39|537.13
9015011|"scholarunivamalg #11"|8|40|536.76
1001002|"amalgamalg #2"|19|55|536.64
9002003|"importomaxi #3"|9|4|536.64
6001007|"amalgcorp #7"|17|40|536.49
4002001|"importoedu pack #1"|9|14|536.40
2001002|"amalgimporto #2"|18|50|535.41
6007003|"brandcorp #3"|17|50|535.34
4003001|"exportiedu pack #1"|9|47|534.65
6010002|"univbrand #2"|18|59|534.00
3004002|"edu packexporti #2"|9|42|533.76
8007001|"brandnameless #1"|18|42|533.75
7015002|"scholarnameless #2"|7|43|533.37
5003001|"exportischolar #1"|19|29|532.63
8008009|"namelessnameless #9"|17|18|532.00
10012006|"importoamalgamalg #6"|17|50|532.00
5002001|"importoscholar #1"|9|8|531.37
7001005|"amalgbrand #5"|17|14|530.53
7009009|"maxibrand #9"|9|36|530.52
10008002|"namelessunivamalg #2"|19|47|530.40
7007010|"brandbrand #10"|8|3|530.10
6010005|"univbrand #5"|6|20|530.00
7014009|"edu packnameless #9"|19|13|529.92
1003002|"exportiamalg #2"|7|0|529.60
6014006|"edu packbrand #6"|19|7|529.20
9003003|"exportimaxi #3"|19|4|528.77
6016003|"corpbrand #3"|17|12|527.52
5002001|"importoscholar #1"|18|18|527.38
7013002|"exportinameless #2"|9|55|527.28
1004001|"edu packamalg #1"|18|6|526.50
2001001|"amalgimporto #1"|18|20|526.40
5004001|"edu packscholar #1"|19|11|524.61
8008007|"namelessnameless #7"|9|44|524.30
7004009|"edu packbrand #9"|9|7|524.00
6003005|"exporticorp #5"|18|16|523.64
1001001|"amalgamalg #1"|9|4|523.48
6003005|"exporticorp #5"|6|19|523.25
3004002|"edu packexporti #2"|17|40|523.18
4002001|"importoedu pack #1"|8|37|523.16
3003001|"exportiexporti #1"|8|47|523.08
8004005|"edu packnameless #5"|8|36|522.60
2001002|"amalgimporto #2"|18|58|522.31
9012011|"importounivamalg #11"|8|9|522.27
5004001|"edu packscholar #1"|17|34|521.23
5004001|"edu packscholar #1"|9|34|520.76
7012010|"importonameless #10"|19|12|520.72
9001005|"amalgmaxi #5"|17|35|520.65
1001001|"amalgamalg #1"|18|24|520.20
4002002|"importoedu pack #2"|9|53|520.20
8005003|"scholarnameless #3"|19|38|520.03
7001005|"amalgbrand #5"|19|21|519.84
10009009|"maxiunivamalg #9"|9|51|519.68
3001001|"amalgexporti #1"|17|38|519.54
1004002|"edu packamalg #2"|19|21|518.80
9001003|"amalgmaxi #3"|19|36|518.40
9006011|"corpmaxi #11"|18|46|518.40
10012004|"importoamalgamalg #4"|17|16|518.40
8006008|"corpnameless #8"|6|21|518.25
7002009|"importobrand #9"|17|21|518.00
8015006|"scholarmaxi #6"|8|30|517.86
7016001|"corpnameless #1"|18|51|517.73
9014003|"edu packunivamalg #3"|17|37|517.00
6001007|"amalgcorp #7"|8|43|516.42
2002001|"importoimporto #1"|19|51|516.12
9015002|"scholarunivamalg #2"|6|15|516.11
9001011|"amalgmaxi #11"|8|37|516.05
9015003|"scholarunivamalg #3"|9|28|515.90
1004001|"edu packamalg #1"|18|56|514.33
6015006|"scholarbrand #6"|18|42|513.67
5003001|"exportischolar #1"|18|13|513.63
1004002|"edu packamalg #2"|9|6|513.52
5003001|"exportischolar #1"|19|44|512.96
9010009|"univunivamalg #9"|19|37|512.40
6012003|"importobrand #3"|19|19|511.19
10012010|"importoamalgamalg #10"|9|56|511.19
2002001|"importoimporto #1"|8|56|510.57
9010009|"univunivamalg #9"|17|18|510.40
10012011|"importoamalgamalg #11"|9|40|510.00
2003002|"exportiimporto #2"|8|13|509.98
9009009|"maximaxi #9"|9|46|509.58
3002001|"importoexporti #1"|19|50|509.54
3001001|"amalgexporti #1"|17|6|509.32
1004001|"edu packamalg #1"|17|7|509.17
10007012|"brandunivamalg #12"|18|59|508.80
5004002|"edu packscholar #2"|9|37|508.75
9013008|"exportiunivamalg #8"|9|57|507.85
9014008|"edu packunivamalg #8"|19|8|507.64
10013015|"exportiamalgamalg #15"|19|28|507.30
2003002|"exportiimporto #2"|7|39|507.15
8011009|"amalgmaxi #9"|17|22|507.06
1001001|"amalgamalg #1"|9|55|506.55
8005006|"scholarnameless #6"|6|25|506.54
10015003|"scholaramalgamalg #3"|19|35|506.52
3003002|"exportiexporti #2"|9|40|506.40
2004002|"edu packimporto #2"|17|56|505.12
10006008|"corpunivamalg #8"|18|44|504.99
5003001|"exportischolar #1"|6|44|504.90
10016001|"corpamalgamalg #1"|17|42|504.30
10014016|"edu packamalgamalg #16"|17|59|504.21
10012004|"importoamalgamalg #4"|18|41|504.16
2003001|"exportiimporto #1"|8|29|503.89
10016004|"corpamalgamalg #4"|19|2|503.70
2002002|"importoimporto #2"|18|17|503.55
2001001|"amalgimporto #1"|19|35|503.20
2003001|"exportiimporto #1"|8|58|503.20
7007010|"brandbrand #10"|18|59|503.12
2001002|"amalgimporto #2"|17|40|502.38
4001002|"amalgedu pack #2"|8|40|502.08
4004002|"edu packedu pack #2"|9|3|501.83
6008003|"namelesscorp #3"|9|33|501.66
9006002|"corpmaxi #2"|18|10|501.66
4002001|"importoedu pack #1"|18|46|501.50
10016001|"corpamalgamalg #1"|9|21|501.48
4002001|"importoedu pack #1"|17|3|500.78
1002002|"importoamalg #2"|18|12|500.43
5004001|"edu packscholar #1"|9|48|500.10
3002001|"importoexporti #1"|19|52|498.90
4003001|"exportiedu pack #1"|18|2|498.87
4001001|"amalgedu pack #1"|8|3|498.76
5003002|"exportischolar #2"|17|23|498.75
1003002|"exportiamalg #2"|18|4|498.40
6003007|"exporticorp #7"|6|35|497.77
7004009|"edu packbrand #9"|18|14|497.04
5003002|"exportischolar #2"|7|14|496.98
6003007|"exporticorp #7"|9|10|496.80
10016001|"corpamalgamalg #1"|8|9|496.79
7005007|"scholarbrand #7"|18|47|496.44
3003001|"exportiexporti #1"|19|23|496.40
4001001|"amalgedu pack #1"|18|32|496.32
10005014|"scholarunivamalg #14"|19|40|495.81
8005005|"scholarnameless #5"|9|39|495.03
10006002|"corpunivamalg #2"|17|2|495.00
3002001|"importoexporti #1"|6|50|494.24
6013005|"exportibrand #5"|18|25|494.19
5002002|"importoscholar #2"|7|30|493.50
9004011|"edu packmaxi #11"|17|7|493.00
6011001|"amalgbrand #1"|8|12|492.52
7001009|"amalgbrand #9"|19|24|491.18
7011001|"amalgnameless #1"|18|56|490.95
8011009|"amalgmaxi #9"|18|48|490.88
9004011|"edu packmaxi #11"|9|8|490.42
1003002|"exportiamalg #2"|9|49|490.40
2003001|"exportiimporto #1"|9|27|490.00
10016001|"corpamalgamalg #1"|17|25|489.77
1001001|"amalgamalg #1"|17|46|489.60
9004008|"edu packmaxi #8"|18|4|489.52
8008007|"namelessnameless #7"|17|1|489.32
8007007|"brandnameless #7"|19|25|489.26
10003004|"exportiunivamalg #4"|9|39|488.52
3002001|"importoexporti #1"|9|28|488.37
9001008|"amalgmaxi #8"|17|43|488.25
10005013|"scholarunivamalg #13"|18|34|488.24
9012005|"importounivamalg #5"|19|9|488.16
10014016|"edu packamalgamalg #16"|19|5|488.00
6015007|"scholarbrand #7"|6|33|487.92
3002001|"importoexporti #1"|19|59|487.90
6015006|"scholarbrand #6"|17|20|487.90
6014006|"edu packbrand #6"|17|45|487.35
1003001|"exportiamalg #1"|18|39|487.20
2002002|"importoimporto #2"|19|14|487.20
7004001|"edu packbrand #1"|9|56|486.85
2001001|"amalgimporto #1"|17|28|486.46
3001001|"amalgexporti #1"|7|3|486.24
10009001|"maxiunivamalg #1"|19|27|486.00
8010006|"univmaxi #6"|9|16|485.85
8014005|"edu packmaxi #5"|7|14|485.10
10002012|"importounivamalg #12"|17|2|485.10
4003001|"exportiedu pack #1"|18|33|484.38
7003001|"exportibrand #1"|7|16|484.34
6008003|"namelesscorp #3"|7|58|484.16
6015006|"scholarbrand #6"|18|0|484.08
9014002|"edu packunivamalg #2"|18|39|483.60
2004002|"edu packimporto #2"|7|7|483.52
9007011|"brandmaxi #11"|18|50|483.52
9002003|"importomaxi #3"|18|46|483.14
6007007|"brandcorp #7"|8|25|482.98
9014011|"edu packunivamalg #11"|18|11|482.80
4003001|"exportiedu pack #1"|19|13|482.79
9004003|"edu packmaxi #3"|17|16|482.56
4004002|"edu packedu pack #2"|17|16|482.16
8011007|"amalgmaxi #7"|18|27|482.05
1003001|"exportiamalg #1"|8|16|482.04
5002001|"importoscholar #1"|17|23|481.90
1002001|"importoamalg #1"|17|52|481.85
9005009|"scholarmaxi #9"|19|7|481.74
8001003|"amalgnameless #3"|17|44|481.11
5003001|"exportischolar #1"|17|33|480.96
6008002|"namelesscorp #2"|17|55|480.92
7010010|"univnameless #10"|17|5|480.63
2001002|"amalgimporto #2"|8|16|480.52
7013001|"exportinameless #1"|8|6|480.25
9015011|"scholarunivamalg #11"|19|2|480.09
4002002|"importoedu pack #2"|6|0|479.60
8005009|"scholarnameless #9"|17|11|479.02
1002001|"importoamalg #1"|17|4|478.80
10015010|"scholaramalgamalg #10"|17|50|478.55
1004002|"edu packamalg #2"|17|53|478.44
1001002|"amalgamalg #2"|19|38|478.40
3004001|"edu packexporti #1"|18|40|478.17
10016004|"corpamalgamalg #4"|8|38|478.06
6001007|"amalgcorp #7"|19|9|477.18
4002001|"importoedu pack #1"|18|59|477.09
8009010|"maxinameless #10"|9|57|476.79
3001001|"amalgexporti #1"|6|34|476.00
3001001|"amalgexporti #1"|6|16|475.47
5001002|"amalgscholar #2"|19|40|475.23
1002001|"importoamalg #1"|19|47|475.20
5001001|"amalgscholar #1"|19|12|475.20
9012011|"importounivamalg #11"|7|10|475.16
10008015|"namelessunivamalg #15"|8|9|475.02
3003001|"exportiexporti #1"|9|49|474.32
6012001|"importobrand #1"|18|23|474.12
9007005|"brandmaxi #5"|18|21|473.96
8003010|"exportinameless #10"|19|5|473.88
6012007|"importobrand #7"|9|27|473.82
7006005|"corpbrand #5"|18|13|473.76
8004009|"edu packnameless #9"|8|45|473.76
2001001|"amalgimporto #1"|18|5|473.29
9002011|"importomaxi #11"|9|48|473.28
9012011|"importounivamalg #11"|19|17|473.04
1004001|"edu packamalg #1"|19|32|472.92
4001002|"amalgedu pack #2"|9|30|472.57
5002001|"importoscholar #1"|9|52|472.35
6012004|"importobrand #4"|18|9|472.31
2002001|"importoimporto #1"|9|18|471.84
10007005|"brandunivamalg #5"|19|10|471.80
8006008|"corpnameless #8"|18|24|471.58
10012017|"importoamalgamalg #17"|19|58|471.51
10011014|"amalgamalgamalg #14"|8|58|470.80
3004001|"edu packexporti #1"|17|10|470.61
4002002|"importoedu pack #2"|17|58|470.45
7010001|"univnameless #1"|8|25|470.40
9001011|"amalgmaxi #11"|17|39|470.20
2001001|"amalgimporto #1"|6|42|469.25
6006004|"corpcorp #4"|18|15|469.06
5002001|"importoscholar #1"|18|30|468.36
7016001|"corpnameless #1"|19|56|468.35
5001001|"amalgscholar #1"|17|42|468.30
8008003|"namelessnameless #3"|19|50|468.10
5001002|"amalgscholar #2"|8|3|468.09
6013007|"exportibrand #7"|17|53|467.95
9007003|"brandmaxi #3"|18|17|467.93
9003008|"exportimaxi #8"|17|7|467.25
6001007|"amalgcorp #7"|18|36|467.16
8006003|"corpnameless #3"|19|36|466.90
1003002|"exportiamalg #2"|8|16|466.64
8005005|"scholarnameless #5"|17|42|466.31
4003002|"exportiedu pack #2"|19|55|466.24
7010001|"univnameless #1"|18|3|466.10
3004002|"edu packexporti #2"|17|24|465.92
2003001|"exportiimporto #1"|18|31|465.78
2004002|"edu packimporto #2"|8|46|465.52
10012010|"importoamalgamalg #10"|6|46|464.72
5002001|"importoscholar #1"|17|7|463.98
4004002|"edu packedu pack #2"|18|11|463.74
1001001|"amalgamalg #1"|19|37|463.50
8012001|"importomaxi #1"|17|55|463.26
6005001|"scholarcorp #1"|8|41|462.96
9007003|"brandmaxi #3"|17|12|462.89
8008009|"namelessnameless #9"|18|25|462.76
4002002|"importoedu pack #2"|19|53|462.72
4003001|"exportiedu pack #1"|8|4|462.14
9008005|"namelessmaxi #5"|9|54|461.76
9006009|"corpmaxi #9"|17|11|461.72
10013002|"exportiamalgamalg #2"|17|49|461.60
1002001|"importoamalg #1"|17|30|461.28
6012005|"importobrand #5"|8|39|461.12
7014002|"edu packnameless #2"|9|39|461.04
10012004|"importoamalgamalg #4"|19|13|460.80
10003011|"exportiunivamalg #11"|8|15|460.04
9011008|"amalgunivamalg #8"|19|9|460.00
4003001|"exportiedu pack #1"|8|16|459.68
8008003|"namelessnameless #3"|17|43|459.36
1002002|"importoamalg #2"|9|5|458.80
9006002|"corpmaxi #2"|8|40|458.80
7008007|"namelessbrand #7"|8|7|458.40
6016001|"corpbrand #1"|17|3|457.86
NULL|NULL|19|52|457.24
3001001|"amalgexporti #1"|9|10|456.94
4003002|"exportiedu pack #2"|19|36|456.00
9007003|"brandmaxi #3"|7|37|455.28
2004002|"edu packimporto #2"|7|33|455.04
7014002|"edu packnameless #2"|18|39|454.72
3002002|"importoexporti #2"|9|57|454.65
4004002|"edu packedu pack #2"|19|11|454.40
6010002|"univbrand #2"|17|19|454.36
6011005|"amalgbrand #5"|17|23|453.60
7001001|"amalgbrand #1"|19|52|453.45
8006008|"corpnameless #8"|17|41|453.39
8008004|"namelessnameless #4"|17|25|453.20
8003007|"exportinameless #7"|19|37|453.18
8008003|"namelessnameless #3"|17|54|453.05
6010002|"univbrand #2"|19|26|452.60
7002008|"importobrand #8"|8|13|452.48
6015008|"scholarbrand #8"|9|40|451.82
8005006|"scholarnameless #6"|19|46|451.44
4001001|"amalgedu pack #1"|18|11|451.35
4002002|"importoedu pack #2"|9|18|450.88
5001001|"amalgscholar #1"|9|44|450.10
10006013|"corpunivamalg #13"|9|24|450.08
8010008|"univmaxi #8"|17|6|449.88
7012005|"importonameless #5"|17|47|449.75
5002001|"importoscholar #1"|8|1|449.00
10010006|"univamalgamalg #6"|9|48|448.92
9015009|"scholarunivamalg #9"|19|26|448.59
3002001|"importoexporti #1"|9|10|448.50
6016008|"corpbrand #8"|18|3|448.38
4001001|"amalgedu pack #1"|7|24|447.75
4004002|"edu packedu pack #2"|17|55|446.88
3003002|"exportiexporti #2"|7|22|446.82
6008007|"namelesscorp #7"|9|26|446.60
3002002|"importoexporti #2"|17|54|446.59
5001001|"amalgscholar #1"|8|24|446.50
2001002|"amalgimporto #2"|19|40|446.34
6006004|"corpcorp #4"|8|25|446.32
8004003|"edu packnameless #3"|18|20|446.26
6012002|"importobrand #2"|18|8|446.20
6012005|"importobrand #5"|9|25|446.08
9016002|"corpunivamalg #2"|18|8|445.77
7002009|"importobrand #9"|19|51|445.50
9012003|"importounivamalg #3"|17|0|444.96
2001002|"amalgimporto #2"|7|38|444.42
5003002|"exportischolar #2"|17|52|444.36
7009005|"maxibrand #5"|17|12|444.36
10007002|"brandunivamalg #2"|19|30|443.76
3001002|"amalgexporti #2"|9|40|443.34
8001001|"amalgnameless #1"|18|27|443.07
7016001|"corpnameless #1"|18|27|442.91
9012011|"importounivamalg #11"|18|40|442.29
5001001|"amalgscholar #1"|17|8|442.26
4001001|"amalgedu pack #1"|17|35|442.00
7005006|"scholarbrand #6"|18|24|441.72
10016017|"corpamalgamalg #17"|6|4|441.41
10009013|"maxiunivamalg #13"|17|38|441.37
5003001|"exportischolar #1"|9|5|441.16
6014002|"edu packbrand #2"|19|55|441.16
10015017|"scholaramalgamalg #17"|7|42|441.10
6008005|"namelesscorp #5"|7|18|441.00
2001001|"amalgimporto #1"|19|38|440.96
10015005|"scholaramalgamalg #5"|18|1|439.88
8008004|"namelessnameless #4"|9|16|439.11
4004002|"edu packedu pack #2"|18|46|438.82
8009009|"maxinameless #9"|19|34|438.63
3002001|"importoexporti #1"|19|18|437.88
8012001|"importomaxi #1"|9|14|437.50
2002002|"importoimporto #2"|8|30|437.19
1002002|"importoamalg #2"|17|41|437.12
7012010|"importonameless #10"|17|14|436.80
10013003|"exportiamalgamalg #3"|7|21|436.60
10005010|"scholarunivamalg #10"|17|21|436.50
8004005|"edu packnameless #5"|17|2|436.20
7006001|"corpbrand #1"|8|34|436.17
8008004|"namelessnameless #4"|18|22|436.16
4004002|"edu packedu pack #2"|19|50|436.10
1002001|"importoamalg #1"|19|8|435.60
8012010|"importomaxi #10"|18|31|435.48
2004002|"edu packimporto #2"|17|49|435.28
8013007|"exportimaxi #7"|9|53|435.20
10003011|"exportiunivamalg #11"|9|31|435.05
8003010|"exportinameless #10"|17|0|434.70
8005008|"scholarnameless #8"|19|42|434.70
8010006|"univmaxi #6"|17|22|434.58
5002001|"importoscholar #1"|7|17|434.28
6004004|"edu packcorp #4"|17|22|434.28
9015011|"scholarunivamalg #11"|7|37|434.28
4001001|"amalgedu pack #1"|8|31|434.25
4003002|"exportiedu pack #2"|8|59|434.25
8008007|"namelessnameless #7"|18|32|434.16
10005013|"scholarunivamalg #13"|19|47|433.68
5004001|"edu packscholar #1"|17|39|433.27
9016002|"corpunivamalg #2"|19|51|432.48
1003001|"exportiamalg #1"|17|10|432.18
10006009|"corpunivamalg #9"|19|5|432.15
5001001|"amalgscholar #1"|19|53|431.95
8009009|"maxinameless #9"|19|33|431.94
1001001|"amalgamalg #1"|19|42|431.55
8004009|"edu packnameless #9"|17|52|431.52
1001001|"amalgamalg #1"|19|16|431.12
7010008|"univnameless #8"|19|45|430.92
9016008|"corpunivamalg #8"|19|8|430.86
4002002|"importoedu pack #2"|18|48|430.43
5001001|"amalgscholar #1"|18|8|430.32
1004002|"edu packamalg #2"|18|9|430.20
9004008|"edu packmaxi #8"|17|33|430.20
5002001|"importoscholar #1"|6|52|429.80
10014016|"edu packamalgamalg #16"|19|6|429.50
9009002|"maximaxi #2"|9|8|429.42
NULL|NULL|17|41|429.39
8010009|"univmaxi #9"|19|11|429.28
1004002|"edu packamalg #2"|7|14|429.20
3004002|"edu packexporti #2"|7|24|429.20
9006002|"corpmaxi #2"|17|29|428.95
10010006|"univamalgamalg #6"|9|52|428.76
6010006|"univbrand #6"|9|18|427.20
5002001|"importoscholar #1"|9|10|427.18
6014007|"edu packbrand #7"|9|58|426.87
5002002|"importoscholar #2"|9|46|426.24
10010007|"univamalgamalg #7"|8|37|425.88
1001001|"amalgamalg #1"|6|5|425.80
10009009|"maxiunivamalg #9"|6|59|425.78
9006011|"corpmaxi #11"|8|33|425.70
2001002|"amalgimporto #2"|6|12|424.97
9014011|"edu packunivamalg #11"|17|14|424.62
7013007|"exportinameless #7"|17|13|423.90
9011009|"amalgunivamalg #9"|19|7|423.70
2003002|"exportiimporto #2"|8|25|423.30
6009003|"maxicorp #3"|18|44|423.16
10012002|"importoamalgamalg #2"|8|11|422.45
6014007|"edu packbrand #7"|18|31|421.89
3001002|"amalgexporti #2"|6|31|421.88
5002002|"importoscholar #2"|17|0|421.06
5003002|"exportischolar #2"|18|2|420.48
8005005|"scholarnameless #5"|18|46|419.92
2002002|"importoimporto #2"|19|36|419.85
3001001|"amalgexporti #1"|17|50|419.59
6006003|"corpcorp #3"|17|28|419.52
10016004|"corpamalgamalg #4"|18|47|419.25
6014006|"edu packbrand #6"|18|5|419.12
7010003|"univnameless #3"|17|22|419.06
7004007|"edu packbrand #7"|18|54|418.95
2001002|"amalgimporto #2"|19|49|418.00
7012010|"importonameless #10"|17|55|417.96
9001011|"amalgmaxi #11"|7|47|417.75
4004001|"edu packedu pack #1"|19|45|417.24
10013013|"exportiamalgamalg #13"|9|8|417.20
6007007|"brandcorp #7"|18|27|416.99
1002001|"importoamalg #1"|19|48|416.61
6011001|"amalgbrand #1"|19|40|416.46
6012001|"importobrand #1"|19|2|415.41
3003002|"exportiexporti #2"|18|16|415.35
10013003|"exportiamalgamalg #3"|19|51|414.96
7004001|"edu packbrand #1"|17|26|414.18
6010006|"univbrand #6"|17|16|413.88
10011009|"amalgamalgamalg #9"|8|49|413.60
10012006|"importoamalgamalg #6"|19|43|413.56
8015006|"scholarmaxi #6"|9|46|413.52
10016003|"corpamalgamalg #3"|9|41|412.39
1001002|"amalgamalg #2"|8|45|411.84
8005003|"scholarnameless #3"|8|45|411.81
1002002|"importoamalg #2"|8|50|411.80
10006017|"corpunivamalg #17"|17|50|411.60
10007005|"brandunivamalg #5"|18|4|411.50
4004001|"edu packedu pack #1"|18|29|411.18
2004001|"edu packimporto #1"|17|36|410.55
7013002|"exportinameless #2"|6|7|410.41
10009017|"maxiunivamalg #17"|18|4|409.64
4003001|"exportiedu pack #1"|8|31|409.37
10016003|"corpamalgamalg #3"|19|12|409.05
2003002|"exportiimporto #2"|17|11|408.93
8009005|"maxinameless #5"|8|46|408.88
2001001|"amalgimporto #1"|19|58|408.71
8006003|"corpnameless #3"|9|6|408.64
7009003|"maxibrand #3"|9|30|408.25
10007005|"brandunivamalg #5"|17|43|408.24
8001001|"amalgnameless #1"|6|53|407.55
2002002|"importoimporto #2"|18|1|407.49
8002009|"importonameless #9"|19|48|407.43
2003001|"exportiimporto #1"|18|28|407.40
2003002|"exportiimporto #2"|17|33|407.40
7008005|"namelessbrand #5"|19|6|406.65
3001002|"amalgexporti #2"|7|58|406.64
1001001|"amalgamalg #1"|8|6|405.48
4003002|"exportiedu pack #2"|8|50|404.24
7001005|"amalgbrand #5"|18|3|404.04
6011001|"amalgbrand #1"|17|4|403.84
2001002|"amalgimporto #2"|18|0|403.75
7001005|"amalgbrand #5"|17|52|403.59
10004004|"edu packunivamalg #4"|19|27|403.14
8004005|"edu packnameless #5"|9|24|403.05
7003001|"exportibrand #1"|17|17|402.64
6003003|"exporticorp #3"|17|21|402.36
9006009|"corpmaxi #9"|17|7|402.01
8005005|"scholarnameless #5"|7|47|401.92
9001008|"amalgmaxi #8"|17|33|401.80
3003001|"exportiexporti #1"|8|6|401.45
1001001|"amalgamalg #1"|17|56|401.44
4001001|"amalgedu pack #1"|19|30|400.68
10016013|"corpamalgamalg #13"|9|52|400.66
6009003|"maxicorp #3"|7|55|399.15
8011007|"amalgmaxi #7"|19|55|398.52
9013002|"exportiunivamalg #2"|17|21|398.30
5001001|"amalgscholar #1"|17|54|397.88
5003001|"exportischolar #1"|9|43|397.74
7010004|"univnameless #4"|19|21|396.80
3002001|"importoexporti #1"|18|39|396.66
8004004|"edu packnameless #4"|8|21|396.18
3004001|"edu packexporti #1"|7|55|396.16
3004001|"edu packexporti #1"|19|15|395.87
6001001|"amalgcorp #1"|8|55|395.78
1001002|"amalgamalg #2"|8|41|395.76
9015009|"scholarunivamalg #9"|17|38|395.46
4001001|"amalgedu pack #1"|19|48|394.68
3003001|"exportiexporti #1"|17|44|394.59
8003009|"exportinameless #9"|18|13|394.56
2004001|"edu packimporto #1"|7|37|394.42
2001001|"amalgimporto #1"|18|54|394.25
9011009|"amalgunivamalg #9"|17|55|394.03
9015005|"scholarunivamalg #5"|19|46|394.02
10016009|"corpamalgamalg #9"|9|27|393.96
7016001|"corpnameless #1"|17|18|393.61
9002003|"importomaxi #3"|19|14|393.60
10015009|"scholaramalgamalg #9"|19|5|393.60
9004011|"edu packmaxi #11"|17|49|392.88
3002001|"importoexporti #1"|9|58|392.70
10013015|"exportiamalgamalg #15"|17|15|392.15
2003001|"exportiimporto #1"|19|9|391.32
6008002|"namelesscorp #2"|19|8|391.23
5003001|"exportischolar #1"|18|33|390.88
1001001|"amalgamalg #1"|19|31|390.15
4003001|"exportiedu pack #1"|19|9|390.12
9004011|"edu packmaxi #11"|17|14|389.98
3004001|"edu packexporti #1"|18|57|389.90
7003001|"exportibrand #1"|19|45|389.90
2002002|"importoimporto #2"|9|37|389.50
6014002|"edu packbrand #2"|19|2|389.24
4001002|"amalgedu pack #2"|7|55|389.20
2004001|"edu packimporto #1"|9|14|389.13
3002001|"importoexporti #1"|17|21|388.97
2002001|"importoimporto #1"|8|17|388.80
8005001|"scholarnameless #1"|17|53|388.80
4004001|"edu packedu pack #1"|6|54|388.74
4003001|"exportiedu pack #1"|18|3|388.24
7012003|"importonameless #3"|9|45|387.32
3003002|"exportiexporti #2"|17|10|387.12
5004001|"edu packscholar #1"|9|14|387.10
2003001|"exportiimporto #1"|9|19|386.37
1001001|"amalgamalg #1"|8|26|386.12
4002002|"importoedu pack #2"|7|6|385.84
9011009|"amalgunivamalg #9"|7|50|385.56
4004002|"edu packedu pack #2"|8|58|385.35
10009006|"maxiunivamalg #6"|17|45|385.28
2001002|"amalgimporto #2"|9|43|385.19
10006003|"corpunivamalg #3"|8|13|385.14
7004006|"edu packbrand #6"|17|56|384.44
8016004|"corpmaxi #4"|17|32|384.41
4004001|"edu packedu pack #1"|6|26|384.30
3004001|"edu packexporti #1"|19|32|384.26
6013005|"exportibrand #5"|8|16|384.24
1004002|"edu packamalg #2"|18|53|384.09
8004001|"edu packnameless #1"|9|8|384.00
7008006|"namelessbrand #6"|7|27|383.67
10008012|"namelessunivamalg #12"|6|44|383.61
8008002|"namelessnameless #2"|17|7|383.50
8011007|"amalgmaxi #7"|9|30|382.72
10015012|"scholaramalgamalg #12"|9|12|382.50
10003008|"exportiunivamalg #8"|18|18|382.46
5003001|"exportischolar #1"|18|59|382.36
10009013|"maxiunivamalg #13"|18|55|382.23
4004001|"edu packedu pack #1"|17|54|381.48
2002001|"importoimporto #1"|8|2|380.80
5003001|"exportischolar #1"|17|42|380.80
7001007|"amalgbrand #7"|9|51|380.63
1002001|"importoamalg #1"|18|9|380.23
8004009|"edu packnameless #9"|17|53|380.16
4004002|"edu packedu pack #2"|17|28|380.14
9015011|"scholarunivamalg #11"|17|55|380.10
2002001|"importoimporto #1"|18|30|380.03
7006005|"corpbrand #5"|6|30|379.80
10016001|"corpamalgamalg #1"|18|30|379.68
7003002|"exportibrand #2"|9|13|379.60
3003001|"exportiexporti #1"|17|14|379.52
7002009|"importobrand #9"|19|42|379.26
8004003|"edu packnameless #3"|17|52|379.20
7008006|"namelessbrand #6"|17|14|378.84
10006013|"corpunivamalg #13"|17|19|378.24
1003002|"exportiamalg #2"|18|38|378.20
3001002|"amalgexporti #2"|17|48|378.00
4003001|"exportiedu pack #1"|19|4|377.75
9012011|"importounivamalg #11"|17|18|377.72
5002002|"importoscholar #2"|6|2|377.34
4004001|"edu packedu pack #1"|8|27|377.23
5001001|"amalgscholar #1"|17|13|377.20
6008002|"namelesscorp #2"|17|16|376.32
8004003|"edu packnameless #3"|17|32|376.32
2004002|"edu packimporto #2"|18|35|376.29
10004004|"edu packunivamalg #4"|17|2|375.83
10016016|"corpamalgamalg #16"|19|22|375.55
5003002|"exportischolar #2"|9|32|375.41
9013008|"exportiunivamalg #8"|8|47|375.18
7001009|"amalgbrand #9"|18|2|375.00
10015010|"scholaramalgamalg #10"|18|3|374.50
4001002|"amalgedu pack #2"|17|56|374.44
4004002|"edu packedu pack #2"|19|22|373.95
6001001|"amalgcorp #1"|19|48|373.67
6012008|"importobrand #8"|19|5|372.68
6014006|"edu packbrand #6"|17|21|372.68
6008002|"namelesscorp #2"|8|56|372.26
9014008|"edu packunivamalg #8"|9|44|371.95
2003001|"exportiimporto #1"|19|8|371.76
1002001|"importoamalg #1"|8|12|371.34
7003001|"exportibrand #1"|7|53|371.30
10010017|"univamalgamalg #17"|18|19|371.28
7012010|"importonameless #10"|17|23|370.37
9012011|"importounivamalg #11"|17|19|370.37
10010013|"univamalgamalg #13"|17|46|370.30
2004002|"edu packimporto #2"|17|27|370.23
3003001|"exportiexporti #1"|8|32|370.16
1003001|"exportiamalg #1"|8|47|369.95
2001001|"amalgimporto #1"|8|45|369.25
8012001|"importomaxi #1"|19|15|368.98
6012007|"importobrand #7"|7|3|368.68
9006008|"corpmaxi #8"|17|56|368.06
9009002|"maximaxi #2"|17|22|367.90
7012010|"importonameless #10"|17|41|367.80
4004001|"edu packedu pack #1"|19|22|367.78
1001002|"amalgamalg #2"|19|22|367.74
9014005|"edu packunivamalg #5"|9|1|367.57
1004001|"edu packamalg #1"|18|48|367.40
8012010|"importomaxi #10"|19|5|367.04
8009005|"maxinameless #5"|17|41|366.90
10016001|"corpamalgamalg #1"|17|8|366.72
6016003|"corpbrand #3"|19|59|366.66
7016001|"corpnameless #1"|19|52|366.60
10010004|"univamalgamalg #4"|9|38|366.32
6001007|"amalgcorp #7"|6|46|366.00
3001001|"amalgexporti #1"|9|50|365.96
8004004|"edu packnameless #4"|18|50|365.76
10016006|"corpamalgamalg #6"|8|23|365.68
1004001|"edu packamalg #1"|19|42|365.66
9006009|"corpmaxi #9"|17|20|365.50
8004003|"edu packnameless #3"|17|56|365.04
7014002|"edu packnameless #2"|19|39|364.86
3004002|"edu packexporti #2"|9|54|364.40
10016001|"corpamalgamalg #1"|17|39|364.32
8005009|"scholarnameless #9"|18|45|363.87
5003002|"exportischolar #2"|18|55|363.76
5003001|"exportischolar #1"|19|59|362.63
5004001|"edu packscholar #1"|17|6|362.56
2002001|"importoimporto #1"|18|12|362.52
1002001|"importoamalg #1"|7|39|362.48
4004001|"edu packedu pack #1"|8|17|362.16
10003004|"exportiunivamalg #4"|19|25|362.16
6010005|"univbrand #5"|19|23|361.95
6016005|"corpbrand #5"|17|6|361.95
4004001|"edu packedu pack #1"|9|28|361.80
10014016|"edu packamalgamalg #16"|18|24|361.68
7001005|"amalgbrand #5"|18|36|361.00
9013009|"exportiunivamalg #9"|17|51|361.00
3004001|"edu packexporti #1"|19|4|360.93
10012004|"importoamalgamalg #4"|17|49|360.92
4004002|"edu packedu pack #2"|17|54|360.80
3004001|"edu packexporti #1"|17|5|360.00
9007003|"brandmaxi #3"|17|21|359.50
8003009|"exportinameless #9"|18|17|358.95
9003005|"exportimaxi #5"|18|9|358.72
10013013|"exportiamalgamalg #13"|18|1|358.68
3002001|"importoexporti #1"|9|0|358.07
10010007|"univamalgamalg #7"|17|46|357.93
7003005|"exportibrand #5"|19|49|357.70
8011009|"amalgmaxi #9"|19|42|357.60
2004002|"edu packimporto #2"|19|26|357.51
4001001|"amalgedu pack #1"|6|32|357.42
8008009|"namelessnameless #9"|19|56|357.00
3001001|"amalgexporti #1"|17|45|356.72
4002002|"importoedu pack #2"|18|17|356.40
5002001|"importoscholar #1"|17|16|355.86
9012003|"importounivamalg #3"|18|2|355.25
6006003|"corpcorp #3"|8|1|355.20
9015003|"scholarunivamalg #3"|9|43|354.69
5001002|"amalgscholar #2"|19|56|354.62
2004001|"edu packimporto #1"|8|19|354.20
9011008|"amalgunivamalg #8"|18|48|354.16
8007007|"brandnameless #7"|8|21|354.11
8005009|"scholarnameless #9"|17|25|354.09
7008009|"namelessbrand #9"|17|14|354.00
2002002|"importoimporto #2"|9|44|353.78
5003002|"exportischolar #2"|19|46|353.73
8012005|"importomaxi #5"|9|25|353.60
10011004|"amalgamalgamalg #4"|19|2|353.40
6005008|"scholarcorp #8"|17|18|353.28
7003003|"exportibrand #3"|17|38|353.08
9012011|"importounivamalg #11"|17|27|352.88
8008002|"namelessnameless #2"|9|23|352.80
10004004|"edu packunivamalg #4"|19|12|352.60
5004002|"edu packscholar #2"|17|39|352.30
10009009|"maxiunivamalg #9"|18|55|351.85
7001005|"amalgbrand #5"|19|32|351.65
3003002|"exportiexporti #2"|9|12|351.36
7007005|"brandbrand #5"|19|2|351.36
10009008|"maxiunivamalg #8"|17|43|351.00
5002002|"importoscholar #2"|18|8|350.52
1002001|"importoamalg #1"|18|29|350.28
7001004|"amalgbrand #4"|17|54|350.10
3003001|"exportiexporti #1"|17|16|349.20
2002001|"importoimporto #1"|18|52|348.00
9011009|"amalgunivamalg #9"|17|51|348.00
3001001|"amalgexporti #1"|8|55|347.90
8012010|"importomaxi #10"|9|49|347.82
7010001|"univnameless #1"|18|24|347.68
6012001|"importobrand #1"|18|34|347.49
1002001|"importoamalg #1"|9|1|346.72
4001002|"amalgedu pack #2"|8|45|346.64
6014002|"edu packbrand #2"|9|20|346.64
4003002|"exportiedu pack #2"|6|28|346.50
6011005|"amalgbrand #5"|18|56|346.45
9012005|"importounivamalg #5"|9|37|346.32
5003001|"exportischolar #1"|6|1|346.26
10004001|"edu packunivamalg #1"|18|59|346.20
10011004|"amalgamalgamalg #4"|17|34|345.78
6015008|"scholarbrand #8"|8|24|345.77
4001001|"amalgedu pack #1"|17|12|345.60
6015005|"scholarbrand #5"|17|52|345.51
8016004|"corpmaxi #4"|17|59|345.36
1003002|"exportiamalg #2"|17|31|345.24
4004001|"edu packedu pack #1"|18|35|344.80
10007005|"brandunivamalg #5"|19|35|344.80
2003001|"exportiimporto #1"|9|31|344.76
9008005|"namelessmaxi #5"|9|15|344.56
10010008|"univamalgamalg #8"|9|26|344.52
7009001|"maxibrand #1"|18|36|344.32
9002003|"importomaxi #3"|19|51|344.31
2001002|"amalgimporto #2"|18|51|344.25
6013006|"exportibrand #6"|19|49|343.99
7011001|"amalgnameless #1"|19|42|343.98
3003002|"exportiexporti #2"|19|36|343.68
7016001|"corpnameless #1"|6|56|343.58
1004001|"edu packamalg #1"|6|9|343.42
3002001|"importoexporti #1"|6|32|343.20
9015009|"scholarunivamalg #9"|19|50|343.20
5002001|"importoscholar #1"|19|7|342.60
4004002|"edu packedu pack #2"|17|31|342.55
1002001|"importoamalg #1"|19|0|342.48
2002002|"importoimporto #2"|17|35|342.47
7003003|"exportibrand #3"|17|2|342.36
9011008|"amalgunivamalg #8"|18|28|342.24
10016002|"corpamalgamalg #2"|17|26|342.22
6013007|"exportibrand #7"|18|25|342.21
1004002|"edu packamalg #2"|9|59|342.01
6010002|"univbrand #2"|8|37|342.00
6010006|"univbrand #6"|9|54|342.00
7015009|"scholarnameless #9"|7|36|341.70
4004002|"edu packedu pack #2"|18|42|341.60
3003001|"exportiexporti #1"|17|22|341.53
10004004|"edu packunivamalg #4"|19|48|341.43
8014005|"edu packmaxi #5"|8|30|341.42
9014005|"edu packunivamalg #5"|18|38|341.12
9002003|"importomaxi #3"|18|5|340.83
6016008|"corpbrand #8"|17|45|340.34
7009010|"maxibrand #10"|17|2|340.28
7009003|"maxibrand #3"|18|16|339.92
2002001|"importoimporto #1"|8|14|339.20
2001001|"amalgimporto #1"|8|40|338.88
9006008|"corpmaxi #8"|19|2|338.88
3001001|"amalgexporti #1"|9|56|338.52
6012002|"importobrand #2"|19|46|338.52
6003008|"exporticorp #8"|18|22|338.48
3004002|"edu packexporti #2"|7|6|338.30
10011014|"amalgamalgamalg #14"|18|14|338.07
8014005|"edu packmaxi #5"|19|38|338.00
1003002|"exportiamalg #2"|9|32|337.20
7015003|"scholarnameless #3"|17|5|336.80
9008005|"namelessmaxi #5"|8|26|336.52
2004002|"edu packimporto #2"|19|53|336.33
8013009|"exportimaxi #9"|8|41|335.53
9004003|"edu packmaxi #3"|7|3|335.34
8006009|"corpnameless #9"|7|15|335.24
6001007|"amalgcorp #7"|19|52|335.11
10012001|"importoamalgamalg #1"|7|54|334.56
10015001|"scholaramalgamalg #1"|17|15|334.48
5001002|"amalgscholar #2"|9|0|333.90
1003001|"exportiamalg #1"|17|20|333.88
7012009|"importonameless #9"|8|18|333.69
6006004|"corpcorp #4"|19|7|333.25
2003002|"exportiimporto #2"|17|9|332.91
8010009|"univmaxi #9"|6|3|332.64
10010013|"univamalgamalg #13"|19|27|332.64
4004002|"edu packedu pack #2"|19|34|332.63
6016005|"corpbrand #5"|17|32|332.32
9011009|"amalgunivamalg #9"|18|56|332.16
8005009|"scholarnameless #9"|19|8|332.12
9003005|"exportimaxi #5"|17|51|331.20
9006005|"corpmaxi #5"|7|17|330.90
2001001|"amalgimporto #1"|17|5|330.45
6016003|"corpbrand #3"|9|46|330.33
4001001|"amalgedu pack #1"|17|13|329.76
5002001|"importoscholar #1"|19|40|329.76
3004002|"edu packexporti #2"|17|23|329.75
1003002|"exportiamalg #2"|18|50|329.67
10013003|"exportiamalgamalg #3"|8|39|329.40
6014004|"edu packbrand #4"|19|6|329.12
3002001|"importoexporti #1"|19|37|329.04
7014002|"edu packnameless #2"|18|40|329.00
10010001|"univamalgamalg #1"|6|17|329.00
6009007|"maxicorp #7"|9|38|328.86
2001001|"amalgimporto #1"|18|12|328.32
9015005|"scholarunivamalg #5"|18|28|328.24
9001005|"amalgmaxi #5"|19|35|327.74
6006004|"corpcorp #4"|9|14|327.64
4001002|"amalgedu pack #2"|17|27|327.60
1003001|"exportiamalg #1"|9|49|327.57
1002001|"importoamalg #1"|18|56|327.24
1002001|"importoamalg #1"|7|29|326.36
1003001|"exportiamalg #1"|9|30|326.15
4002001|"importoedu pack #1"|17|1|326.06
6016005|"corpbrand #5"|18|27|325.96
10006008|"corpunivamalg #8"|6|16|325.92
2004002|"edu packimporto #2"|17|6|325.80
9006008|"corpmaxi #8"|17|34|325.80
3004001|"edu packexporti #1"|19|50|325.64
5001002|"amalgscholar #2"|19|47|325.58
10003011|"exportiunivamalg #11"|19|52|325.42
10006017|"corpunivamalg #17"|6|32|325.08
4003002|"exportiedu pack #2"|17|12|325.00
5003001|"exportischolar #1"|8|2|324.87
10009006|"maxiunivamalg #6"|19|40|324.70
9004008|"edu packmaxi #8"|19|36|324.00
10009013|"maxiunivamalg #13"|18|31|323.89
NULL|NULL|9|59|323.84
10001004|"amalgunivamalg #4"|19|23|323.64
8012001|"importomaxi #1"|17|37|323.60
1001002|"amalgamalg #2"|19|5|322.80
1001002|"amalgamalg #2"|17|42|322.40
9001008|"amalgmaxi #8"|17|2|322.24
4004001|"edu packedu pack #1"|19|16|322.00
6012003|"importobrand #3"|19|35|322.00
6012008|"importobrand #8"|7|29|321.36
4004001|"edu packedu pack #1"|19|35|321.25
3003001|"exportiexporti #1"|9|58|321.00
7008006|"namelessbrand #6"|17|17|320.93
9012003|"importounivamalg #3"|17|50|320.67
5002001|"importoscholar #1"|9|57|320.40
10012004|"importoamalgamalg #4"|17|17|320.20
1002001|"importoamalg #1"|8|51|319.75
3003001|"exportiexporti #1"|19|45|319.55
7012003|"importonameless #3"|8|35|319.40
1002001|"importoamalg #1"|8|42|319.38
4001001|"amalgedu pack #1"|9|18|319.06
10014016|"edu packamalgamalg #16"|9|5|317.52
10007014|"brandunivamalg #14"|9|44|317.46
3003001|"exportiexporti #1"|19|48|316.98
7001007|"amalgbrand #7"|19|45|316.80
10008002|"namelessunivamalg #2"|9|10|316.79
10012017|"importoamalgamalg #17"|18|27|316.50
2001002|"amalgimporto #2"|17|17|316.37
9015005|"scholarunivamalg #5"|6|7|316.25
5002002|"importoscholar #2"|19|40|316.24
2001002|"amalgimporto #2"|17|54|315.90
9014002|"edu packunivamalg #2"|17|17|315.90
1003002|"exportiamalg #2"|19|14|315.52
9013002|"exportiunivamalg #2"|19|14|315.36
7011001|"amalgnameless #1"|18|18|315.21
7016001|"corpnameless #1"|8|53|315.00
10004004|"edu packunivamalg #4"|6|52|314.87
1002001|"importoamalg #1"|9|21|314.30
1004001|"edu packamalg #1"|19|59|314.30
10010001|"univamalgamalg #1"|9|20|314.16
3001001|"amalgexporti #1"|19|47|313.88
9003005|"exportimaxi #5"|18|27|313.04
1004001|"edu packamalg #1"|19|10|313.00
5004002|"edu packscholar #2"|9|13|312.80
7004007|"edu packbrand #7"|17|49|312.22
7001005|"amalgbrand #5"|8|34|311.96
9011008|"amalgunivamalg #8"|8|11|311.73
3002001|"importoexporti #1"|19|39|311.54
9006005|"corpmaxi #5"|9|31|311.42
3001001|"amalgexporti #1"|9|59|311.10
4002002|"importoedu pack #2"|17|29|311.08
3002002|"importoexporti #2"|7|17|310.24
10006002|"corpunivamalg #2"|19|29|309.96
6015005|"scholarbrand #5"|17|59|309.76
8005009|"scholarnameless #9"|19|14|309.60
6008007|"namelesscorp #7"|6|21|309.54
10016008|"corpamalgamalg #8"|19|10|309.51
9011009|"amalgunivamalg #9"|9|36|309.10
6012005|"importobrand #5"|17|40|308.83
8011009|"amalgmaxi #9"|17|39|308.61
3001001|"amalgexporti #1"|9|18|308.55
6003007|"exporticorp #7"|6|36|308.28
9016003|"corpunivamalg #3"|9|30|308.25
8007001|"brandnameless #1"|17|40|308.00
2001001|"amalgimporto #1"|18|44|307.83
7016001|"corpnameless #1"|18|35|307.72
4001002|"amalgedu pack #2"|17|28|307.45
10011009|"amalgamalgamalg #9"|17|18|307.33
3004002|"edu packexporti #2"|17|8|307.32
3001002|"amalgexporti #2"|18|11|307.23
3003002|"exportiexporti #2"|9|26|307.23
9011009|"amalgunivamalg #9"|19|18|306.68
3004001|"edu packexporti #1"|9|56|306.54
9006011|"corpmaxi #11"|9|17|306.09
4001002|"amalgedu pack #2"|19|40|306.00
8016001|"corpmaxi #1"|9|41|305.76
10009013|"maxiunivamalg #13"|19|25|305.34
9016005|"corpunivamalg #5"|17|0|305.10
2004002|"edu packimporto #2"|17|59|305.00
1002002|"importoamalg #2"|18|24|304.22
7004009|"edu packbrand #9"|19|11|304.12
9010009|"univunivamalg #9"|9|32|304.08
8004009|"edu packnameless #9"|9|50|304.04
9012003|"importounivamalg #3"|19|52|303.79
8005010|"scholarnameless #10"|7|16|303.50
1002001|"importoamalg #1"|17|26|303.03
10003015|"exportiunivamalg #15"|9|24|302.61
6003003|"exporticorp #3"|18|49|302.40
10013002|"exportiamalgamalg #2"|9|18|302.40
6014007|"edu packbrand #7"|18|12|302.31
8007001|"brandnameless #1"|18|6|301.58
6008005|"namelesscorp #5"|18|54|301.53
9001008|"amalgmaxi #8"|17|6|301.31
3003001|"exportiexporti #1"|9|37|301.00
2002001|"importoimporto #1"|17|24|300.84
7007010|"brandbrand #10"|17|7|299.97
6007003|"brandcorp #3"|17|38|299.76
5002001|"importoscholar #1"|19|27|299.73
8010009|"univmaxi #9"|17|1|299.36
3002001|"importoexporti #1"|9|30|298.80
9010009|"univunivamalg #9"|9|0|298.54
7011008|"amalgnameless #8"|8|51|298.35
8008007|"namelessnameless #7"|8|13|298.24
3002001|"importoexporti #1"|19|15|298.12
9007008|"brandmaxi #8"|8|43|297.60
7009009|"maxibrand #9"|19|1|297.28
5003002|"exportischolar #2"|19|43|296.84
9011009|"amalgunivamalg #9"|9|39|296.67
6012001|"importobrand #1"|18|22|296.66
3002001|"importoexporti #1"|8|49|296.52
9011009|"amalgunivamalg #9"|19|11|296.46
4001001|"amalgedu pack #1"|9|31|296.40
6005001|"scholarcorp #1"|8|13|296.01
2002002|"importoimporto #2"|8|17|295.76
8002009|"importonameless #9"|17|30|295.44
1001001|"amalgamalg #1"|19|44|295.38
9003005|"exportimaxi #5"|19|5|295.20
4004001|"edu packedu pack #1"|17|40|294.85
2002002|"importoimporto #2"|18|34|294.64
3004002|"edu packexporti #2"|8|17|294.56
5001002|"amalgscholar #2"|19|4|294.48
8012001|"importomaxi #1"|19|27|293.94
6013007|"exportibrand #7"|9|10|293.60
6010004|"univbrand #4"|18|33|293.42
9003003|"exportimaxi #3"|8|35|293.40
2003002|"exportiimporto #2"|19|14|293.04
7005010|"scholarbrand #10"|6|7|293.04
10003008|"exportiunivamalg #8"|9|27|292.89
8011007|"amalgmaxi #7"|19|15|292.60
1002002|"importoamalg #2"|17|36|291.51
1002002|"importoamalg #2"|19|29|290.95
10015013|"scholaramalgamalg #13"|8|44|290.68
3003001|"exportiexporti #1"|9|14|290.40
1004002|"edu packamalg #2"|18|43|290.30
8010001|"univmaxi #1"|6|48|290.07
3002002|"importoexporti #2"|19|0|290.04
9014005|"edu packunivamalg #5"|18|26|289.98
3003001|"exportiexporti #1"|18|59|289.85
7015003|"scholarnameless #3"|17|20|289.71
10016008|"corpamalgamalg #8"|19|47|289.23
10015001|"scholaramalgamalg #1"|17|33|289.20
7013009|"exportinameless #9"|17|20|289.00
7010004|"univnameless #4"|19|41|288.96
3003001|"exportiexporti #1"|7|8|288.90
3004001|"edu packexporti #1"|19|2|287.73
7001005|"amalgbrand #5"|9|12|287.55
10012011|"importoamalgamalg #11"|17|43|287.00
8009010|"maxinameless #10"|17|52|286.52
8008002|"namelessnameless #2"|19|21|286.44
10016013|"corpamalgamalg #13"|9|47|285.76
1003001|"exportiamalg #1"|9|6|285.75
4002002|"importoedu pack #2"|8|54|285.48
9015003|"scholarunivamalg #3"|19|28|285.12
3003001|"exportiexporti #1"|8|17|284.80
8015008|"scholarmaxi #8"|19|2|284.76
4002001|"importoedu pack #1"|18|45|284.70
10015010|"scholaramalgamalg #10"|19|39|284.40
5002001|"importoscholar #1"|9|16|284.35
10002011|"importounivamalg #11"|19|7|283.73
7016001|"corpnameless #1"|9|30|283.72
3001001|"amalgexporti #1"|8|56|283.71
4001001|"amalgedu pack #1"|7|54|283.64
4003001|"exportiedu pack #1"|8|5|283.52
8004003|"edu packnameless #3"|17|49|283.52
4001001|"amalgedu pack #1"|8|33|283.50
8014005|"edu packmaxi #5"|6|35|283.02
4001002|"amalgedu pack #2"|19|14|282.94
10006009|"corpunivamalg #9"|19|23|282.00
5004001|"edu packscholar #1"|7|20|281.98
2001002|"amalgimporto #2"|9|51|281.80
10007002|"brandunivamalg #2"|9|22|281.25
5004001|"edu packscholar #1"|8|17|281.19
10015009|"scholaramalgamalg #9"|17|34|280.84
1001001|"amalgamalg #1"|19|40|280.56
8002009|"importonameless #9"|8|52|280.46
1001001|"amalgamalg #1"|9|1|280.00
1001001|"amalgamalg #1"|19|53|279.82
7003009|"exportibrand #9"|18|15|279.24
9016009|"corpunivamalg #9"|9|22|278.95
7007005|"brandbrand #5"|18|12|278.80
5003001|"exportischolar #1"|8|11|278.60
9008008|"namelessmaxi #8"|9|29|278.40
6016001|"corpbrand #1"|8|47|277.83
5003002|"exportischolar #2"|17|39|277.50
10013003|"exportiamalgamalg #3"|19|50|277.44
7016001|"corpnameless #1"|19|15|276.57
4004001|"edu packedu pack #1"|9|32|276.22
7011008|"amalgnameless #8"|8|6|276.12
10012001|"importoamalgamalg #1"|17|9|276.00
7001004|"amalgbrand #4"|17|48|275.84
10015004|"scholaramalgamalg #4"|6|16|275.40
3004001|"edu packexporti #1"|9|37|275.00
5004002|"edu packscholar #2"|6|10|274.70
2001002|"amalgimporto #2"|17|57|274.40
7015003|"scholarnameless #3"|19|42|274.35
6005008|"scholarcorp #8"|8|23|274.01
4002001|"importoedu pack #1"|18|1|273.78
6008003|"namelesscorp #3"|7|42|273.70
2004002|"edu packimporto #2"|9|22|273.60
8007007|"brandnameless #7"|9|15|273.57
8012001|"importomaxi #1"|17|23|273.28
8012004|"importomaxi #4"|18|18|273.23
3001001|"amalgexporti #1"|8|13|273.12
6014001|"edu packbrand #1"|17|38|273.06
9016005|"corpunivamalg #5"|18|5|273.06
5004002|"edu packscholar #2"|17|55|273.00
7001008|"amalgbrand #8"|19|35|272.93
7009005|"maxibrand #5"|8|12|272.91
8003010|"exportinameless #10"|18|33|272.67
2001002|"amalgimporto #2"|9|16|272.60
10016001|"corpamalgamalg #1"|18|51|272.57
3002001|"importoexporti #1"|8|26|272.25
4003001|"exportiedu pack #1"|17|14|272.22
9003011|"exportimaxi #11"|8|23|271.83
10009013|"maxiunivamalg #13"|9|53|271.80
9012008|"importounivamalg #8"|18|21|271.68
8009005|"maxinameless #5"|9|14|271.62
10016009|"corpamalgamalg #9"|19|51|271.40
10014007|"edu packamalgamalg #7"|17|42|271.36
10002007|"importounivamalg #7"|19|39|270.68
9015009|"scholarunivamalg #9"|17|34|270.51
3002002|"importoexporti #2"|17|58|270.15
1001002|"amalgamalg #2"|17|11|270.06
6011001|"amalgbrand #1"|9|10|270.06
4003002|"exportiedu pack #2"|17|34|269.40
6008003|"namelesscorp #3"|18|59|269.30
6003005|"exporticorp #5"|17|53|269.28
9013002|"exportiunivamalg #2"|19|18|269.11
5003001|"exportischolar #1"|17|57|269.01
7007010|"brandbrand #10"|19|37|268.95
8005008|"scholarnameless #8"|19|7|268.92
1003001|"exportiamalg #1"|17|21|268.80
6006003|"corpcorp #3"|19|9|268.80
6006003|"corpcorp #3"|18|9|268.77
2001001|"amalgimporto #1"|19|30|268.74
7012010|"importonameless #10"|19|20|268.65
10005013|"scholarunivamalg #13"|17|16|268.56
8010008|"univmaxi #8"|19|17|268.52
4001002|"amalgedu pack #2"|17|52|268.45
7012010|"importonameless #10"|17|49|268.40
4003002|"exportiedu pack #2"|18|5|268.38
6002005|"importocorp #5"|17|23|268.38
3001002|"amalgexporti #2"|18|48|268.30
7016001|"corpnameless #1"|9|25|267.63
2001002|"amalgimporto #2"|17|34|267.30
3003001|"exportiexporti #1"|17|59|267.24
8008004|"namelessnameless #4"|19|30|267.00
8009009|"maxinameless #9"|19|42|266.57
6016005|"corpbrand #5"|6|6|264.88
10016016|"corpamalgamalg #16"|6|53|264.65
10002014|"importounivamalg #14"|17|27|263.88
8012004|"importomaxi #4"|17|39|263.80
7001007|"amalgbrand #7"|19|3|263.64
4003001|"exportiedu pack #1"|6|43|263.40
3003001|"exportiexporti #1"|17|10|263.32
1003001|"exportiamalg #1"|17|30|263.12
2002001|"importoimporto #1"|6|24|262.95
4002001|"importoedu pack #1"|17|59|262.20
9007003|"brandmaxi #3"|17|13|262.08
5002002|"importoscholar #2"|9|44|261.80
10005013|"scholarunivamalg #13"|6|9|261.75
9008008|"namelessmaxi #8"|6|16|261.24
6016003|"corpbrand #3"|17|45|260.91
7008006|"namelessbrand #6"|9|23|260.75
1002001|"importoamalg #1"|19|54|260.70
4002002|"importoedu pack #2"|8|41|260.65
7016001|"corpnameless #1"|8|20|260.30
3001001|"amalgexporti #1"|17|26|259.90
3001001|"amalgexporti #1"|19|7|259.90
4004001|"edu packedu pack #1"|7|16|259.84
7011001|"amalgnameless #1"|8|16|259.78
9010009|"univunivamalg #9"|17|0|259.56
4001002|"amalgedu pack #2"|19|19|259.23
8011007|"amalgmaxi #7"|17|7|259.20
9003005|"exportimaxi #5"|17|20|259.20
9003008|"exportimaxi #8"|17|0|258.93
8015007|"scholarmaxi #7"|19|0|258.72
1002002|"importoamalg #2"|8|49|258.40
10003007|"exportiunivamalg #7"|9|15|258.21
5004001|"edu packscholar #1"|19|12|258.12
7003005|"exportibrand #5"|8|55|258.02
7010003|"univnameless #3"|18|54|257.93
1001001|"amalgamalg #1"|19|50|257.40
10016013|"corpamalgamalg #13"|18|57|257.36
2002001|"importoimporto #1"|8|57|257.21
1004002|"edu packamalg #2"|6|11|257.10
10016006|"corpamalgamalg #6"|19|43|256.41
2004002|"edu packimporto #2"|18|4|256.34
5004001|"edu packscholar #1"|18|23|255.97
6015005|"scholarbrand #5"|8|3|255.96
6003003|"exporticorp #3"|17|26|255.48
6016003|"corpbrand #3"|9|28|255.45
7002009|"importobrand #9"|9|41|255.39
NULL|NULL|17|21|255.33
4003002|"exportiedu pack #2"|9|46|255.00
5001001|"amalgscholar #1"|9|56|254.74
10016006|"corpamalgamalg #6"|8|30|254.66
1002001|"importoamalg #1"|19|43|254.24
2003002|"exportiimporto #2"|8|11|253.98
10016003|"corpamalgamalg #3"|6|1|253.80
7001007|"amalgbrand #7"|18|30|253.64
1002001|"importoamalg #1"|19|46|253.44
9006011|"corpmaxi #11"|18|34|253.40
6005003|"scholarcorp #3"|18|37|253.17
1002001|"importoamalg #1"|9|55|252.90
7010003|"univnameless #3"|19|15|252.84
2001002|"amalgimporto #2"|19|56|251.72
7009003|"maxibrand #3"|6|24|251.55
9009002|"maximaxi #2"|18|42|251.20
3004001|"edu packexporti #1"|19|40|250.56
10004001|"edu packunivamalg #1"|17|59|250.56
6012005|"importobrand #5"|19|32|250.26
10006013|"corpunivamalg #13"|6|37|250.25
10008015|"namelessunivamalg #15"|18|34|250.18
1003001|"exportiamalg #1"|19|24|249.20
3003002|"exportiexporti #2"|17|58|249.20
8001004|"amalgnameless #4"|19|42|249.09
2004001|"edu packimporto #1"|17|18|248.85
8009009|"maxinameless #9"|18|4|248.71
4002001|"importoedu pack #1"|19|20|248.60
8004005|"edu packnameless #5"|18|55|248.37
6014007|"edu packbrand #7"|18|13|248.14
4001001|"amalgedu pack #1"|9|36|247.92
6011007|"amalgbrand #7"|17|5|247.32
9007003|"brandmaxi #3"|18|48|247.32
1003002|"exportiamalg #2"|19|36|246.96
1003001|"exportiamalg #1"|9|18|246.40
1004001|"edu packamalg #1"|19|31|246.40
10016006|"corpamalgamalg #6"|17|37|246.24
6012005|"importobrand #5"|19|47|246.00
3001001|"amalgexporti #1"|19|6|245.70
6011008|"amalgbrand #8"|17|23|245.64
10015004|"scholaramalgamalg #4"|18|44|245.63
2002002|"importoimporto #2"|9|30|245.39
10009015|"maxiunivamalg #15"|18|51|244.80
5001001|"amalgscholar #1"|17|21|244.64
7013002|"exportinameless #2"|9|40|244.47
6012002|"importobrand #2"|19|19|244.44
2004002|"edu packimporto #2"|17|53|244.26
6008007|"namelesscorp #7"|19|41|243.60
10006008|"corpunivamalg #8"|19|35|243.21
8007001|"brandnameless #1"|18|12|243.20
10008002|"namelessunivamalg #2"|19|42|243.20
2001001|"amalgimporto #1"|17|6|242.88
8009003|"maxinameless #3"|9|51|242.71
10013013|"exportiamalgamalg #13"|7|32|242.10
9013008|"exportiunivamalg #8"|17|46|241.96
6001007|"amalgcorp #7"|9|23|241.80
3001001|"amalgexporti #1"|8|3|241.40
9003005|"exportimaxi #5"|6|48|241.20
2002001|"importoimporto #1"|8|6|241.08
6007003|"brandcorp #3"|19|7|241.06
9006011|"corpmaxi #11"|8|55|240.99
7001009|"amalgbrand #9"|17|12|240.96
6012002|"importobrand #2"|17|48|240.80
1004002|"edu packamalg #2"|18|11|240.76
8008005|"namelessnameless #5"|17|28|240.57
1001001|"amalgamalg #1"|8|8|240.48
4001002|"amalgedu pack #2"|18|4|240.24
4003002|"exportiedu pack #2"|7|7|239.85
10015017|"scholaramalgamalg #17"|9|5|239.40
6015006|"scholarbrand #6"|9|44|239.32
2004002|"edu packimporto #2"|17|10|239.20
1004001|"edu packamalg #1"|18|3|239.08
3003002|"exportiexporti #2"|17|53|239.08
5002001|"importoscholar #1"|17|21|238.70
10003007|"exportiunivamalg #7"|19|19|238.65
2003002|"exportiimporto #2"|6|7|238.62
9015002|"scholarunivamalg #2"|19|35|238.56
9011008|"amalgunivamalg #8"|8|2|238.48
5002002|"importoscholar #2"|17|47|238.35
5002002|"importoscholar #2"|17|54|238.14
4002001|"importoedu pack #1"|18|13|237.93
1001002|"amalgamalg #2"|9|7|237.80
1003002|"exportiamalg #2"|8|3|237.58
7013002|"exportinameless #2"|18|13|237.30
6011001|"amalgbrand #1"|17|49|237.25
2001001|"amalgimporto #1"|17|12|237.24
5003002|"exportischolar #2"|19|34|237.00
6012001|"importobrand #1"|9|21|236.90
10010013|"univamalgamalg #13"|19|18|236.90
6015004|"scholarbrand #4"|19|56|236.70
3004002|"edu packexporti #2"|9|3|235.98
7012009|"importonameless #9"|17|24|235.26
6006003|"corpcorp #3"|19|27|235.20
7006008|"corpbrand #8"|7|27|235.20
8008005|"namelessnameless #5"|9|40|235.20
4003001|"exportiedu pack #1"|9|21|234.14
9013008|"exportiunivamalg #8"|9|20|233.64
2003001|"exportiimporto #1"|9|43|233.60
3003002|"exportiexporti #2"|18|5|233.04
6015007|"scholarbrand #7"|18|17|232.96
2003001|"exportiimporto #1"|9|15|232.80
8005008|"scholarnameless #8"|17|37|232.80
10007015|"brandunivamalg #15"|7|21|232.64
6001007|"amalgcorp #7"|7|53|232.58
6001001|"amalgcorp #1"|18|57|232.50
5003001|"exportischolar #1"|18|0|232.48
8008003|"namelessnameless #3"|17|19|232.35
3004001|"edu packexporti #1"|19|26|232.00
2001002|"amalgimporto #2"|9|59|231.61
4001002|"amalgedu pack #2"|18|47|231.54
5003002|"exportischolar #2"|17|47|231.40
9006011|"corpmaxi #11"|17|0|231.13
7001005|"amalgbrand #5"|9|51|230.88
9014008|"edu packunivamalg #8"|19|43|230.88
5001002|"amalgscholar #2"|8|23|230.72
5001002|"amalgscholar #2"|8|49|230.55
6015006|"scholarbrand #6"|19|17|230.34
2003001|"exportiimporto #1"|17|5|230.30
2002002|"importoimporto #2"|18|22|230.04
3004002|"edu packexporti #2"|19|13|230.04
7015003|"scholarnameless #3"|9|50|230.00
9006011|"corpmaxi #11"|17|54|229.90
2004002|"edu packimporto #2"|7|26|229.77
8012004|"importomaxi #4"|19|33|229.76
7006004|NULL|7|5|229.53
2001001|"amalgimporto #1"|9|28|229.50
2002002|"importoimporto #2"|17|12|229.14
6010002|"univbrand #2"|9|17|229.06
10006013|"corpunivamalg #13"|19|22|228.65
4004001|"edu packedu pack #1"|18|41|228.40
8004005|"edu packnameless #5"|9|52|228.40
5004001|"edu packscholar #1"|18|6|228.37
7008009|"namelessbrand #9"|17|8|228.36
2001002|"amalgimporto #2"|17|48|228.00
9009002|"maximaxi #2"|17|40|227.92
10015017|"scholaramalgamalg #17"|19|6|227.85
8005005|"scholarnameless #5"|17|36|227.76
NULL|NULL|17|3|227.60
9014008|"edu packunivamalg #8"|9|34|227.55
8016006|"corpmaxi #6"|9|43|227.52
7007005|"brandbrand #5"|18|47|227.10
9014002|"edu packunivamalg #2"|17|51|226.10
6003007|"exporticorp #7"|18|20|225.78
9014002|"edu packunivamalg #2"|8|32|225.70
7009001|"maxibrand #1"|17|36|225.16
1002001|"importoamalg #1"|19|42|224.93
4004002|"edu packedu pack #2"|7|14|224.70
9012005|"importounivamalg #5"|9|11|224.42
1004001|"edu packamalg #1"|19|17|224.25
2003001|"exportiimporto #1"|18|0|224.00
6011001|"amalgbrand #1"|8|34|223.92
4002001|"importoedu pack #1"|17|26|223.88
7002009|"importobrand #9"|8|29|223.85
7010004|"univnameless #4"|9|16|223.44
3004001|"edu packexporti #1"|18|8|223.40
6014001|"edu packbrand #1"|8|21|223.30
4004002|"edu packedu pack #2"|8|17|223.29
4001001|"amalgedu pack #1"|7|58|222.78
2003001|"exportiimporto #1"|18|21|222.53
2001002|"amalgimporto #2"|8|10|222.48
5003001|"exportischolar #1"|17|59|222.22
9011009|"amalgunivamalg #9"|19|59|222.14
10004008|"edu packunivamalg #8"|8|6|222.11
7012003|"importonameless #3"|9|34|221.76
2003002|"exportiimporto #2"|18|9|221.40
3002002|"importoexporti #2"|6|56|221.36
2004001|"edu packimporto #1"|7|2|221.21
6015006|"scholarbrand #6"|19|15|221.20
5002002|"importoscholar #2"|18|27|220.64
3003001|"exportiexporti #1"|17|51|220.59
3004001|"edu packexporti #1"|17|28|220.55
9002011|"importomaxi #11"|19|39|220.50
8009010|"maxinameless #10"|18|48|220.48
2001001|"amalgimporto #1"|18|59|220.32
4001002|"amalgedu pack #2"|19|13|219.78
6003007|"exporticorp #7"|19|49|219.50
4004001|"edu packedu pack #1"|17|0|219.38
2003001|"exportiimporto #1"|18|45|219.07
3002001|"importoexporti #1"|9|21|218.88
3004001|"edu packexporti #1"|8|27|218.86
3004001|"edu packexporti #1"|19|25|218.70
2002001|"importoimporto #1"|9|48|218.68
10003011|"exportiunivamalg #11"|17|43|218.40
10009013|"maxiunivamalg #13"|18|42|218.28
7006001|"corpbrand #1"|19|41|218.20
3004001|"edu packexporti #1"|9|33|217.84
7016001|"corpnameless #1"|18|28|217.55
10013002|"exportiamalgamalg #2"|9|50|217.36
2001002|"amalgimporto #2"|8|22|217.26
7001005|"amalgbrand #5"|19|42|217.03
9005009|"scholarmaxi #9"|9|44|216.94
9013011|"exportiunivamalg #11"|6|9|216.72
3004001|"edu packexporti #1"|8|57|216.65
3003001|"exportiexporti #1"|17|46|216.53
8015007|"scholarmaxi #7"|8|13|216.44
8011007|"amalgmaxi #7"|18|48|216.24
1003002|"exportiamalg #2"|17|19|216.06
6012001|"importobrand #1"|7|3|216.00
2001001|"amalgimporto #1"|9|0|215.94
7008009|"namelessbrand #9"|19|53|215.88
5003002|"exportischolar #2"|17|58|215.68
8016009|"corpmaxi #9"|8|0|215.46
6012002|"importobrand #2"|9|34|215.45
10015012|"scholaramalgamalg #12"|9|39|215.28
4004002|"edu packedu pack #2"|9|41|215.18
7013007|"exportinameless #7"|18|47|215.04
2001001|"amalgimporto #1"|9|57|214.89
9005009|"scholarmaxi #9"|9|32|214.72
6006003|"corpcorp #3"|17|14|213.90
5001001|"amalgscholar #1"|17|12|213.84
8005003|"scholarnameless #3"|17|30|213.73
2001001|"amalgimporto #1"|19|31|213.12
2001002|"amalgimporto #2"|9|39|212.94
8004005|"edu packnameless #5"|17|19|212.40
3001002|"amalgexporti #2"|9|28|212.16
1004002|"edu packamalg #2"|8|1|211.92
6004003|"edu packcorp #3"|9|51|211.68
10011014|"amalgamalgamalg #14"|17|41|211.60
7005010|"scholarbrand #10"|17|4|211.31
6014006|"edu packbrand #6"|19|18|211.11
10003007|"exportiunivamalg #7"|17|8|211.11
1001001|"amalgamalg #1"|7|43|210.80
2004001|"edu packimporto #1"|18|24|210.60
5003001|"exportischolar #1"|7|40|210.45
10002011|"importounivamalg #11"|18|36|210.18
7004001|"edu packbrand #1"|18|8|209.88
1004001|"edu packamalg #1"|19|41|209.73
4002001|"importoedu pack #1"|19|4|209.68
2002001|"importoimporto #1"|17|46|209.62
8012004|"importomaxi #4"|18|1|209.44
6016005|"corpbrand #5"|17|27|209.38
10006013|"corpunivamalg #13"|17|46|209.25
2004002|"edu packimporto #2"|9|30|209.02
7009009|"maxibrand #9"|18|51|208.43
5001002|"amalgscholar #2"|19|45|208.18
10012004|"importoamalgamalg #4"|17|58|208.00
8016001|"corpmaxi #1"|18|26|207.48
4002001|"importoedu pack #1"|17|28|207.46
7014002|"edu packnameless #2"|8|26|207.36
7015009|"scholarnameless #9"|9|23|207.27
10004008|"edu packunivamalg #8"|17|42|207.06
8005003|"scholarnameless #3"|9|10|207.00
9003011|"exportimaxi #11"|18|42|206.54
1003001|"exportiamalg #1"|19|53|206.40
7011008|"amalgnameless #8"|7|40|206.31
9002008|"importomaxi #8"|18|6|205.87
7014001|"edu packnameless #1"|18|29|205.85
7004009|"edu packbrand #9"|17|58|205.65
1001002|"amalgamalg #2"|8|9|205.41
3002002|"importoexporti #2"|19|28|205.29
8004001|"edu packnameless #1"|6|1|205.20
4002002|"importoedu pack #2"|18|56|205.19
6011003|"amalgbrand #3"|17|4|205.16
2003002|"exportiimporto #2"|18|35|204.92
2003002|"exportiimporto #2"|9|34|204.75
4002001|"importoedu pack #1"|17|46|204.75
6009004|"maxicorp #4"|18|40|204.45
4002001|"importoedu pack #1"|17|4|204.00
3002002|"importoexporti #2"|19|23|203.68
7016005|"corpnameless #5"|18|18|203.64
8003009|"exportinameless #9"|18|9|203.40
4001001|"amalgedu pack #1"|18|22|203.04
2004001|"edu packimporto #1"|19|37|203.01
1001001|"amalgamalg #1"|9|42|202.80
8009009|"maxinameless #9"|17|50|202.32
6004003|"edu packcorp #3"|8|57|201.96
3004001|"edu packexporti #1"|8|0|201.53
2001002|"amalgimporto #2"|9|54|201.39
4002002|"importoedu pack #2"|18|4|201.32
7002003|"importobrand #3"|17|23|201.00
7003002|"exportibrand #2"|17|16|200.64
10012004|"importoamalgamalg #4"|9|22|200.60
7010009|"univnameless #9"|9|55|200.00
6011001|"amalgbrand #1"|8|57|199.20
8013007|"exportimaxi #7"|17|23|199.20
8003003|"exportinameless #3"|17|23|198.90
10005013|"scholarunivamalg #13"|19|21|198.72
5002002|"importoscholar #2"|17|2|198.52
8015003|"scholarmaxi #3"|6|5|198.03
1003001|"exportiamalg #1"|9|33|198.00
8016009|"corpmaxi #9"|17|0|198.00
10012006|"importoamalgamalg #6"|17|58|198.00
9005009|"scholarmaxi #9"|8|5|197.58
7004007|"edu packbrand #7"|9|57|197.45
1001001|"amalgamalg #1"|17|32|196.98
7003009|"exportibrand #9"|19|51|196.70
1001002|"amalgamalg #2"|18|30|196.65
6011007|"amalgbrand #7"|6|39|196.15
5003001|"exportischolar #1"|8|18|196.08
2003001|"exportiimporto #1"|17|19|195.84
5003002|"exportischolar #2"|19|17|195.84
4002002|"importoedu pack #2"|9|27|195.80
7016001|"corpnameless #1"|17|20|195.69
10008002|"namelessunivamalg #2"|8|5|195.39
9012008|"importounivamalg #8"|19|6|194.70
4001002|"amalgedu pack #2"|8|2|194.68
5001002|"amalgscholar #2"|17|14|194.13
2004002|"edu packimporto #2"|19|43|193.90
6001007|"amalgcorp #7"|18|35|193.70
8007001|"brandnameless #1"|7|40|193.68
4003001|"exportiedu pack #1"|17|31|193.55
10007012|"brandunivamalg #12"|17|59|193.45
9009002|"maximaxi #2"|9|20|193.10
9009002|"maximaxi #2"|19|17|193.00
6005001|"scholarcorp #1"|18|19|192.80
9004008|"edu packmaxi #8"|19|34|192.78
10014001|"edu packamalgamalg #1"|8|4|192.78
5004001|"edu packscholar #1"|8|53|192.72
10004015|"edu packunivamalg #15"|18|18|192.50
4001002|"amalgedu pack #2"|17|36|192.45
6001007|"amalgcorp #7"|19|43|192.25
6010006|"univbrand #6"|17|19|192.24
2004002|"edu packimporto #2"|19|11|192.02
7006008|"corpbrand #8"|6|3|191.80
10009001|"maxiunivamalg #1"|17|47|191.70
10011009|"amalgamalgamalg #9"|19|4|191.66
9001011|"amalgmaxi #11"|18|11|191.36
8006008|"corpnameless #8"|9|24|191.24
10008002|"namelessunivamalg #2"|19|32|191.10
6001007|"amalgcorp #7"|9|38|191.07
3004002|"edu packexporti #2"|8|51|190.80
5003001|"exportischolar #1"|8|59|190.80
8005003|"scholarnameless #3"|19|2|190.80
4001002|"amalgedu pack #2"|17|23|190.68
9013002|"exportiunivamalg #2"|17|46|190.44
5004002|"edu packscholar #2"|7|30|190.12
7001005|"amalgbrand #5"|18|29|189.70
1003002|"exportiamalg #2"|17|46|189.60
1003001|"exportiamalg #1"|17|17|189.50
8005009|"scholarnameless #9"|18|10|189.20
9009002|"maximaxi #2"|19|35|189.10
1002002|"importoamalg #2"|8|45|189.06
10016008|"corpamalgamalg #8"|17|43|187.75
6014007|"edu packbrand #7"|9|10|187.66
9015003|"scholarunivamalg #3"|17|47|187.62
3002001|"importoexporti #1"|18|50|187.32
10012017|"importoamalgamalg #17"|19|55|187.10
7014001|"edu packnameless #1"|17|27|186.80
6016003|"corpbrand #3"|9|10|186.75
7008006|"namelessbrand #6"|18|15|186.66
3001002|"amalgexporti #2"|17|45|186.52
4002002|"importoedu pack #2"|18|9|186.30
6012007|"importobrand #7"|9|56|186.02
6003003|"exporticorp #3"|19|10|186.00
4002001|"importoedu pack #1"|17|37|185.82
6016003|"corpbrand #3"|18|30|185.52
4001001|"amalgedu pack #1"|18|53|185.33
4003001|"exportiedu pack #1"|17|56|185.12
7015009|"scholarnameless #9"|8|37|185.10
6010005|"univbrand #5"|8|27|184.73
1002001|"importoamalg #1"|9|23|184.60
7016001|"corpnameless #1"|8|41|183.90
5004002|"edu packscholar #2"|19|31|183.83
7006003|"corpbrand #3"|7|36|183.60
2002001|"importoimporto #1"|19|47|183.38
2001002|"amalgimporto #2"|17|52|183.36
2002001|"importoimporto #1"|19|34|183.30
2004002|"edu packimporto #2"|19|25|183.24
7014002|"edu packnameless #2"|19|36|182.52
9006011|"corpmaxi #11"|9|55|182.40
4004001|"edu packedu pack #1"|7|19|182.25
8009009|"maxinameless #9"|6|3|182.20
7012009|"importonameless #9"|7|41|181.50
10010013|"univamalgamalg #13"|9|1|181.17
7008007|"namelessbrand #7"|18|20|181.07
8001004|"amalgnameless #4"|18|33|181.02
7016005|"corpnameless #5"|17|56|180.88
4001001|"amalgedu pack #1"|17|37|180.85
8016009|"corpmaxi #9"|8|41|180.84
8012001|"importomaxi #1"|17|50|180.81
7009003|"maxibrand #3"|17|2|180.70
2001002|"amalgimporto #2"|19|37|180.67
7002009|"importobrand #9"|17|7|180.60
5004002|"edu packscholar #2"|18|1|180.48
9003005|"exportimaxi #5"|18|28|180.48
10010007|"univamalgamalg #7"|8|58|180.32
9013002|"exportiunivamalg #2"|19|2|180.00
2003002|"exportiimporto #2"|19|1|179.99
5002001|"importoscholar #1"|17|3|179.85
10015004|"scholaramalgamalg #4"|9|5|179.70
3002001|"importoexporti #1"|17|23|179.56
9003005|"exportimaxi #5"|17|6|179.52
5004001|"edu packscholar #1"|19|52|178.74
6001001|"amalgcorp #1"|9|6|178.40
9007009|"brandmaxi #9"|18|47|178.00
3004001|"edu packexporti #1"|17|47|177.54
1001002|"amalgamalg #2"|18|52|177.32
5003001|"exportischolar #1"|19|40|177.12
1002001|"importoamalg #1"|18|15|176.80
9014008|"edu packunivamalg #8"|9|33|176.55
9009005|"maximaxi #5"|17|3|176.36
7009003|"maxibrand #3"|6|53|176.22
9013011|"exportiunivamalg #11"|18|37|175.96
5002002|"importoscholar #2"|17|8|175.36
9015011|"scholarunivamalg #11"|9|26|175.07
10013015|"exportiamalgamalg #15"|8|40|174.80
9014011|"edu packunivamalg #11"|19|25|174.72
6001007|"amalgcorp #7"|7|23|174.24
9001008|"amalgmaxi #8"|19|21|174.16
8014004|"edu packmaxi #4"|19|48|173.88
7013001|"exportinameless #1"|18|3|173.80
10009006|"maxiunivamalg #6"|18|49|173.70
10005001|"scholarunivamalg #1"|18|45|173.44
8001004|"amalgnameless #4"|19|40|173.34
8016006|"corpmaxi #6"|17|30|173.29
4002002|"importoedu pack #2"|17|53|173.25
7004009|"edu packbrand #9"|9|14|173.25
3003002|"exportiexporti #2"|9|23|173.16
6002001|"importocorp #1"|18|42|173.00
4003002|"exportiedu pack #2"|19|39|172.49
9001003|"amalgmaxi #3"|6|56|172.20
8005010|"scholarnameless #10"|7|59|172.04
7013009|"exportinameless #9"|6|46|171.70
8001007|"amalgnameless #7"|19|53|171.60
9006011|"corpmaxi #11"|8|56|171.39
7004007|"edu packbrand #7"|19|38|171.27
5001001|"amalgscholar #1"|17|20|171.20
4004001|"edu packedu pack #1"|18|52|171.01
7001004|"amalgbrand #4"|17|25|171.00
4004002|"edu packedu pack #2"|17|19|170.94
7010004|"univnameless #4"|18|3|170.52
10003008|"exportiunivamalg #8"|17|31|170.52
10008015|"namelessunivamalg #15"|18|59|170.37
7007005|"brandbrand #5"|17|3|170.30
3004001|"edu packexporti #1"|7|11|169.56
6008005|"namelesscorp #5"|9|42|169.56
7015009|"scholarnameless #9"|7|40|169.48
8008007|"namelessnameless #7"|9|24|169.38
4003002|"exportiedu pack #2"|7|18|169.26
7001008|"amalgbrand #8"|17|26|169.26
5004002|"edu packscholar #2"|17|44|168.98
3003002|"exportiexporti #2"|17|54|168.86
7004006|"edu packbrand #6"|17|28|168.84
5004001|"edu packscholar #1"|9|52|168.70
8009009|"maxinameless #9"|17|36|168.70
2003002|"exportiimporto #2"|17|14|168.64
9010009|"univunivamalg #9"|19|30|168.56
9009002|"maximaxi #2"|8|46|168.21
4002001|"importoedu pack #1"|18|43|168.14
7013007|"exportinameless #7"|18|25|168.02
1001001|"amalgamalg #1"|17|50|167.90
5004002|"edu packscholar #2"|18|12|167.88
9016002|"corpunivamalg #2"|9|16|167.75
9003005|"exportimaxi #5"|8|58|167.68
8009005|"maxinameless #5"|9|41|167.36
10015004|"scholaramalgamalg #4"|8|26|167.12
2004002|"edu packimporto #2"|6|42|166.87
5002001|"importoscholar #1"|18|21|166.87
5004002|"edu packscholar #2"|17|34|166.56
1004001|"edu packamalg #1"|19|15|166.46
6005001|"scholarcorp #1"|7|1|166.06
10009017|"maxiunivamalg #17"|7|57|165.88
7002008|"importobrand #8"|18|55|165.76
7015007|"scholarnameless #7"|17|6|165.55
2002001|"importoimporto #1"|18|9|165.36
9009002|"maximaxi #2"|17|19|165.28
2004002|"edu packimporto #2"|19|42|165.07
6005003|"scholarcorp #3"|18|50|165.06
6006003|"corpcorp #3"|17|0|164.97
6012005|"importobrand #5"|19|55|164.97
9009003|"maximaxi #3"|19|26|164.72
7006005|"corpbrand #5"|7|15|164.58
1003002|"exportiamalg #2"|8|20|164.45
5002001|"importoscholar #1"|8|26|164.22
7005007|"scholarbrand #7"|9|37|164.00
9013011|"exportiunivamalg #11"|6|40|164.00
5002001|"importoscholar #1"|9|29|163.95
9010009|"univunivamalg #9"|9|31|163.89
5004001|"edu packscholar #1"|17|48|163.54
8005009|"scholarnameless #9"|19|50|163.21
6013007|"exportibrand #7"|18|10|163.20
8004005|"edu packnameless #5"|9|20|163.20
5003001|"exportischolar #1"|6|0|163.08
2003001|"exportiimporto #1"|17|35|162.90
3001001|"amalgexporti #1"|19|2|162.80
6009003|"maxicorp #3"|9|24|162.68
1004002|"edu packamalg #2"|18|52|162.60
6007003|"brandcorp #3"|18|18|162.01
1002001|"importoamalg #1"|18|36|161.82
6008005|"namelesscorp #5"|18|28|161.40
9011008|"amalgunivamalg #8"|19|36|161.20
1003001|"exportiamalg #1"|17|19|161.19
1001002|"amalgamalg #2"|17|13|161.13
10010006|"univamalgamalg #6"|17|5|160.82
9010009|"univunivamalg #9"|17|9|160.65
9008005|"namelessmaxi #5"|17|5|160.58
3002001|"importoexporti #1"|8|32|160.40
8015006|"scholarmaxi #6"|18|26|160.20
7004001|"edu packbrand #1"|17|21|160.08
8005010|"scholarnameless #10"|9|17|160.00
8004003|"edu packnameless #3"|19|32|159.90
8009003|"maxinameless #3"|18|45|159.84
6005001|"scholarcorp #1"|18|23|159.60
2003002|"exportiimporto #2"|8|59|159.39
9014008|"edu packunivamalg #8"|17|59|159.30
5001001|"amalgscholar #1"|17|43|159.25
1001002|"amalgamalg #2"|17|38|159.20
6003007|"exporticorp #7"|17|57|159.20
6011003|"amalgbrand #3"|9|48|158.90
8006009|"corpnameless #9"|18|36|158.88
4003001|"exportiedu pack #1"|17|59|158.48
3001002|"amalgexporti #2"|9|0|158.42
5001002|"amalgscholar #2"|9|11|158.08
9006002|"corpmaxi #2"|7|25|158.02
7008009|"namelessbrand #9"|19|24|157.74
3001002|"amalgexporti #2"|9|21|157.45
2003001|"exportiimporto #1"|18|22|157.00
5001002|"amalgscholar #2"|9|56|156.96
10013013|"exportiamalgamalg #13"|8|15|156.96
5003001|"exportischolar #1"|19|35|156.95
2002002|"importoimporto #2"|8|25|156.65
9008008|"namelessmaxi #8"|19|2|156.06
5002001|"importoscholar #1"|8|25|155.75
10009009|"maxiunivamalg #9"|17|4|155.50
10015005|"scholaramalgamalg #5"|18|22|155.15
7009003|"maxibrand #3"|9|3|155.04
10010013|"univamalgamalg #13"|19|51|154.88
1004002|"edu packamalg #2"|9|14|154.56
8001003|"amalgnameless #3"|6|35|154.36
8003003|"exportinameless #3"|17|28|154.14
4003002|"exportiedu pack #2"|9|48|154.08
3003001|"exportiexporti #1"|18|41|154.00
6006003|"corpcorp #3"|19|21|154.00
9011009|"amalgunivamalg #9"|18|26|153.67
8012001|"importomaxi #1"|19|38|153.60
1003001|"exportiamalg #1"|19|55|153.36
10010017|"univamalgamalg #17"|18|8|153.30
10009015|"maxiunivamalg #15"|19|27|153.09
9015011|"scholarunivamalg #11"|17|36|153.00
9009003|"maximaxi #3"|18|10|152.88
6008007|"namelesscorp #7"|19|47|152.64
3001001|"amalgexporti #1"|19|35|152.28
7014001|"edu packnameless #1"|18|31|152.25
2002002|"importoimporto #2"|17|36|152.16
3003001|"exportiexporti #1"|18|53|151.68
4003001|"exportiedu pack #1"|17|9|151.50
8008007|"namelessnameless #7"|17|54|151.50
7005010|"scholarbrand #10"|17|40|151.35
4001002|"amalgedu pack #2"|18|37|151.30
9002011|"importomaxi #11"|8|33|151.05
1003002|"exportiamalg #2"|9|11|150.89
10003016|"exportiunivamalg #16"|9|6|150.60
3002002|"importoexporti #2"|19|44|150.45
6014001|"edu packbrand #1"|17|4|150.42
9013011|"exportiunivamalg #11"|18|40|150.40
3002001|"importoexporti #1"|8|30|150.24
6013007|"exportibrand #7"|17|26|150.22
9013011|"exportiunivamalg #11"|17|25|150.02
10010013|"univamalgamalg #13"|18|37|149.85
10016003|"corpamalgamalg #3"|17|33|149.85
3003002|"exportiexporti #2"|19|14|149.60
1003002|"exportiamalg #2"|9|16|148.96
1001002|"amalgamalg #2"|17|33|148.40
1003002|"exportiamalg #2"|19|32|148.24
6003005|"exporticorp #5"|9|53|147.61
6015004|"scholarbrand #4"|8|12|147.20
3004001|"edu packexporti #1"|7|30|147.00
7011001|"amalgnameless #1"|17|35|146.88
9004008|"edu packmaxi #8"|8|57|146.72
4002001|"importoedu pack #1"|6|9|146.56
5004002|"edu packscholar #2"|18|37|146.38
7002003|"importobrand #3"|9|54|146.30
5002001|"importoscholar #1"|19|12|146.20
3004001|"edu packexporti #1"|8|10|145.52
10009015|"maxiunivamalg #15"|19|30|145.25
8010002|"univmaxi #2"|18|52|144.76
8009010|"maxinameless #10"|7|44|144.60
4002002|"importoedu pack #2"|19|16|144.45
7009001|"maxibrand #1"|9|1|144.41
8013009|"exportimaxi #9"|19|47|144.12
10014007|"edu packamalgamalg #7"|19|30|143.50
8001004|"amalgnameless #4"|17|0|143.46
6011003|"amalgbrand #3"|9|1|143.37
3001002|"amalgexporti #2"|17|13|142.78
7015003|"scholarnameless #3"|9|56|142.00
2003001|"exportiimporto #1"|9|17|141.87
9001005|"amalgmaxi #5"|19|11|141.78
4001001|"amalgedu pack #1"|9|10|141.36
9008005|"namelessmaxi #5"|9|49|141.12
10012011|"importoamalgamalg #11"|17|22|141.12
1003002|"exportiamalg #2"|9|38|141.00
6008002|"namelesscorp #2"|6|17|140.67
7004008|"edu packbrand #8"|18|25|140.63
4004001|"edu packedu pack #1"|17|7|140.60
1001002|"amalgamalg #2"|19|10|140.43
6016008|"corpbrand #8"|18|13|140.42
10009015|"maxiunivamalg #15"|18|59|140.40
6012007|"importobrand #7"|17|11|140.22
4001001|"amalgedu pack #1"|9|19|139.80
1002002|"importoamalg #2"|6|56|139.44
1003002|"exportiamalg #2"|17|49|139.40
7013009|"exportinameless #9"|19|47|139.32
3004001|"edu packexporti #1"|9|46|139.16
9015005|"scholarunivamalg #5"|17|44|139.10
10016016|"corpamalgamalg #16"|19|51|138.72
2004002|"edu packimporto #2"|9|50|138.60
4003001|"exportiedu pack #1"|9|32|138.58
4001002|"amalgedu pack #2"|19|38|138.33
7012009|"importonameless #9"|19|22|138.21
10012002|"importoamalgamalg #2"|9|25|138.06
1004001|"edu packamalg #1"|7|31|137.28
2003002|"exportiimporto #2"|17|49|136.96
6016005|"corpbrand #5"|17|35|136.86
4001001|"amalgedu pack #1"|9|11|136.85
2001001|"amalgimporto #1"|18|37|136.80
1002001|"importoamalg #1"|17|5|136.76
3003002|"exportiexporti #2"|17|59|136.71
2003001|"exportiimporto #1"|9|9|136.62
3002002|"importoexporti #2"|18|19|136.40
8011007|"amalgmaxi #7"|19|40|136.24
5001001|"amalgscholar #1"|8|11|136.08
5002001|"importoscholar #1"|19|28|135.98
1003001|"exportiamalg #1"|6|11|135.96
10014016|"edu packamalgamalg #16"|8|54|135.96
3002001|"importoexporti #1"|18|21|135.60
9009002|"maximaxi #2"|19|4|135.60
6002005|"importocorp #5"|19|13|135.40
10001017|"amalgunivamalg #17"|17|10|135.32
7010001|"univnameless #1"|6|42|135.30
1003002|"exportiamalg #2"|19|28|135.00
10006009|"corpunivamalg #9"|17|53|134.96
1002001|"importoamalg #1"|7|13|134.76
9010009|"univunivamalg #9"|19|19|134.76
9003008|"exportimaxi #8"|18|7|134.46
4002001|"importoedu pack #1"|9|24|134.40
7009001|"maxibrand #1"|6|52|134.12
8010009|"univmaxi #9"|17|45|134.00
4002001|"importoedu pack #1"|9|35|133.92
7016005|"corpnameless #5"|19|55|133.65
6003007|"exporticorp #7"|18|59|133.64
9011009|"amalgunivamalg #9"|7|39|133.50
3002002|"importoexporti #2"|8|9|133.44
3001001|"amalgexporti #1"|17|20|133.20
7003003|"exportibrand #3"|9|39|133.00
6016001|"corpbrand #1"|18|40|132.98
3001002|"amalgexporti #2"|17|0|132.75
7006009|"corpbrand #9"|19|50|132.52
3004001|"edu packexporti #1"|18|34|131.56
7003005|"exportibrand #5"|19|18|131.22
4004002|"edu packedu pack #2"|9|26|131.04
2003001|"exportiimporto #1"|8|39|130.98
9006011|"corpmaxi #11"|6|43|130.96
6014002|"edu packbrand #2"|9|33|130.95
9003011|"exportimaxi #11"|19|5|130.90
9008002|"namelessmaxi #2"|19|34|130.64
5003001|"exportischolar #1"|17|55|130.30
7009005|"maxibrand #5"|17|7|130.20
5002001|"importoscholar #1"|17|57|130.10
9007005|"brandmaxi #5"|8|13|130.05
10012004|"importoamalgamalg #4"|19|34|129.86
8008003|"namelessnameless #3"|17|27|129.85
8005010|"scholarnameless #10"|8|40|129.72
10016013|"corpamalgamalg #13"|19|35|129.60
7004009|"edu packbrand #9"|18|39|129.56
NULL|NULL|9|26|129.36
1002001|"importoamalg #1"|17|39|129.15
1003002|"exportiamalg #2"|18|23|129.09
8013007|"exportimaxi #7"|17|34|128.97
5003002|"exportischolar #2"|18|22|128.96
7004009|"edu packbrand #9"|9|28|128.96
6007003|"brandcorp #3"|19|25|128.74
3004002|"edu packexporti #2"|9|40|128.70
4001002|"amalgedu pack #2"|8|18|128.70
5003001|"exportischolar #1"|17|16|128.39
4001002|"amalgedu pack #2"|19|2|128.13
10015010|"scholaramalgamalg #10"|17|7|128.10
10013013|"exportiamalgamalg #13"|9|50|128.04
10006017|"corpunivamalg #17"|19|31|127.97
10014010|"edu packamalgamalg #10"|19|44|127.80
6009004|"maxicorp #4"|17|35|127.72
7005010|"scholarbrand #10"|19|1|127.44
9014008|"edu packunivamalg #8"|18|49|127.40
1001002|"amalgamalg #2"|7|4|127.08
5001002|"amalgscholar #2"|17|28|126.91
10012006|"importoamalgamalg #6"|9|30|126.65
6006003|"corpcorp #3"|8|6|126.63
5004001|"edu packscholar #1"|17|46|126.48
7006003|"corpbrand #3"|17|28|126.40
6001007|"amalgcorp #7"|19|59|126.28
10003011|"exportiunivamalg #11"|8|41|126.28
3002001|"importoexporti #1"|19|45|126.17
1003001|"exportiamalg #1"|19|45|126.12
6012004|"importobrand #4"|17|8|125.91
4003001|"exportiedu pack #1"|9|20|125.36
3001001|"amalgexporti #1"|17|56|124.80
10001004|"amalgunivamalg #4"|19|26|124.74
9009003|"maximaxi #3"|18|9|124.47
8012004|"importomaxi #4"|17|16|124.46
3002002|"importoexporti #2"|18|53|124.43
6011003|"amalgbrand #3"|19|53|124.43
4004002|"edu packedu pack #2"|18|54|124.32
5002001|"importoscholar #1"|8|59|124.20
2002001|"importoimporto #1"|17|23|124.16
1002001|"importoamalg #1"|17|32|124.12
4001001|"amalgedu pack #1"|6|21|124.00
8011007|"amalgmaxi #7"|9|46|123.90
10008009|"namelessunivamalg #9"|19|14|123.84
8012001|"importomaxi #1"|19|51|123.76
7010004|"univnameless #4"|9|41|123.75
10009006|"maxiunivamalg #6"|7|28|123.31
7002009|"importobrand #9"|19|49|123.20
2004002|"edu packimporto #2"|6|45|123.08
3004001|"edu packexporti #1"|19|38|122.85
5003001|"exportischolar #1"|18|19|122.82
10012017|"importoamalgamalg #17"|8|25|122.74
10014001|"edu packamalgamalg #1"|17|57|122.46
6006003|"corpcorp #3"|19|14|122.40
7008007|"namelessbrand #7"|9|37|122.24
9007005|"brandmaxi #5"|17|31|121.65
6016003|"corpbrand #3"|7|31|121.50
9007003|"brandmaxi #3"|18|34|121.41
8004009|"edu packnameless #9"|19|1|121.33
7001005|"amalgbrand #5"|9|41|121.10
8012006|"importomaxi #6"|9|35|120.46
2001002|"amalgimporto #2"|17|39|120.24
7012005|"importonameless #5"|9|34|119.79
3002002|"importoexporti #2"|17|29|119.76
5001001|"amalgscholar #1"|8|28|119.40
7001009|"amalgbrand #9"|18|22|119.31
10003011|"exportiunivamalg #11"|18|19|119.28
1002001|"importoamalg #1"|9|40|119.21
2001001|"amalgimporto #1"|18|9|119.19
1003001|"exportiamalg #1"|19|36|118.90
2004001|"edu packimporto #1"|17|25|118.88
5002002|"importoscholar #2"|9|6|118.86
10009006|"maxiunivamalg #6"|17|54|118.80
7004004|"edu packbrand #4"|18|46|118.56
8007005|"brandnameless #5"|17|55|118.08
2004001|"edu packimporto #1"|6|1|117.78
9013011|"exportiunivamalg #11"|19|13|117.60
1004002|"edu packamalg #2"|8|27|117.50
8004001|"edu packnameless #1"|18|44|117.45
7016005|"corpnameless #5"|19|36|117.42
2001001|"amalgimporto #1"|7|15|117.39
7001008|"amalgbrand #8"|19|10|117.30
10007002|"brandunivamalg #2"|7|27|117.30
7006008|"corpbrand #8"|17|6|117.25
6010002|"univbrand #2"|7|17|117.18
7008005|"namelessbrand #5"|17|58|117.18
7009005|"maxibrand #5"|9|49|117.15
1004002|"edu packamalg #2"|7|42|116.96
5001001|"amalgscholar #1"|17|39|116.94
4004001|"edu packedu pack #1"|9|37|116.48
1003002|"exportiamalg #2"|9|23|116.40
8015003|"scholarmaxi #3"|18|29|116.32
8008009|"namelessnameless #9"|8|37|116.28
10011017|"amalgamalgamalg #17"|9|16|116.09
10009013|"maxiunivamalg #13"|9|15|116.04
8005003|"scholarnameless #3"|19|12|115.98
3002001|"importoexporti #1"|6|46|115.92
4003001|"exportiedu pack #1"|8|55|115.92
9015005|"scholarunivamalg #5"|17|14|115.68
9015003|"scholarunivamalg #3"|17|33|115.56
9003011|"exportimaxi #11"|9|40|115.29
1001001|"amalgamalg #1"|6|30|115.26
10011017|"amalgamalgamalg #17"|6|58|115.20
6011005|"amalgbrand #5"|19|28|115.14
7003005|"exportibrand #5"|8|22|115.08
1004001|"edu packamalg #1"|19|5|114.80
3002001|"importoexporti #1"|19|31|114.73
1003001|"exportiamalg #1"|18|45|114.66
6016003|"corpbrand #3"|19|47|114.30
10006013|"corpunivamalg #13"|18|44|114.30
6001001|"amalgcorp #1"|18|35|114.24
7014009|"edu packnameless #9"|18|9|114.00
9014011|"edu packunivamalg #11"|17|55|113.90
10006008|"corpunivamalg #8"|9|13|113.46
10011014|"amalgamalgamalg #14"|18|23|113.40
6016005|"corpbrand #5"|17|29|113.30
6008005|"namelesscorp #5"|17|6|113.28
7009001|"maxibrand #1"|8|42|113.22
6015005|"scholarbrand #5"|17|31|112.66
5004002|"edu packscholar #2"|8|46|112.45
6012007|"importobrand #7"|8|30|112.23
10009017|"maxiunivamalg #17"|19|35|112.23
3001002|"amalgexporti #2"|9|7|112.22
6016008|"corpbrand #8"|17|41|112.05
9004008|"edu packmaxi #8"|19|47|111.96
4001001|"amalgedu pack #1"|17|40|111.79
7004009|"edu packbrand #9"|7|5|111.60
2003002|"exportiimporto #2"|17|36|111.56
1001001|"amalgamalg #1"|17|55|111.20
6006007|"corpcorp #7"|6|42|111.18
5003001|"exportischolar #1"|19|34|111.12
9006011|"corpmaxi #11"|17|41|111.12
9016003|"corpunivamalg #3"|18|14|110.97
7001007|"amalgbrand #7"|17|37|110.96
1002001|"importoamalg #1"|17|59|110.88
4003001|"exportiedu pack #1"|18|22|110.88
8015003|"scholarmaxi #3"|9|26|110.70
2003002|"exportiimporto #2"|7|18|110.68
7013007|"exportinameless #7"|18|57|110.60
8005009|"scholarnameless #9"|9|49|110.60
7010001|"univnameless #1"|18|8|110.40
6006007|"corpcorp #7"|18|42|110.30
5003001|"exportischolar #1"|17|3|110.24
8009009|"maxinameless #9"|17|17|110.13
1004001|"edu packamalg #1"|8|41|109.83
7002008|"importobrand #8"|17|56|109.80
5002001|"importoscholar #1"|17|49|109.76
5004002|"edu packscholar #2"|9|11|109.44
4002002|"importoedu pack #2"|18|42|109.20
6006003|"corpcorp #3"|8|38|109.20
5003001|"exportischolar #1"|17|47|108.78
4003001|"exportiedu pack #1"|9|46|108.46
3004002|"edu packexporti #2"|17|59|108.40
1004001|"edu packamalg #1"|9|1|108.24
2001002|"amalgimporto #2"|8|25|108.00
3004001|"edu packexporti #1"|8|30|107.88
3002001|"importoexporti #1"|6|41|107.73
1002002|"importoamalg #2"|7|26|107.64
2001001|"amalgimporto #1"|19|49|107.52
9004008|"edu packmaxi #8"|9|48|107.38
7014002|"edu packnameless #2"|19|57|107.26
6012001|"importobrand #1"|9|4|107.10
8011009|"amalgmaxi #9"|6|49|106.83
2004002|"edu packimporto #2"|19|51|105.93
1004002|"edu packamalg #2"|17|26|105.77
8013009|"exportimaxi #9"|19|3|105.70
7009005|"maxibrand #5"|17|13|105.64
3002002|"importoexporti #2"|7|35|105.60
4002002|"importoedu pack #2"|17|52|105.56
7013007|"exportinameless #7"|17|39|105.37
7006009|"corpbrand #9"|6|30|105.30
7012009|"importonameless #9"|9|24|105.16
4003002|"exportiedu pack #2"|19|54|105.00
9009009|"maximaxi #9"|9|57|105.00
6010005|"univbrand #5"|17|46|104.84
1003001|"exportiamalg #1"|9|10|104.76
4004002|"edu packedu pack #2"|17|10|104.76
2001001|"amalgimporto #1"|18|3|104.73
10001017|"amalgunivamalg #17"|6|41|104.72
1001002|"amalgamalg #2"|17|35|104.58
10014007|"edu packamalgamalg #7"|19|24|104.58
2003001|"exportiimporto #1"|9|23|104.52
8010008|"univmaxi #8"|18|50|104.21
1002001|"importoamalg #1"|8|44|104.16
5002002|"importoscholar #2"|17|42|104.06
7008007|"namelessbrand #7"|19|25|103.86
4001001|"amalgedu pack #1"|19|37|103.80
10009015|"maxiunivamalg #15"|17|56|103.76
3002001|"importoexporti #1"|9|36|103.68
10010008|"univamalgamalg #8"|18|26|103.46
1001002|"amalgamalg #2"|9|44|103.22
8007007|"brandnameless #7"|9|53|102.92
7013007|"exportinameless #7"|9|49|102.82
6006002|"corpcorp #2"|19|24|102.69
10010001|"univamalgamalg #1"|9|47|102.63
5004001|"edu packscholar #1"|7|7|102.40
8011007|"amalgmaxi #7"|17|12|102.35
6015004|"scholarbrand #4"|18|43|102.00
2004001|"edu packimporto #1"|19|21|101.76
2004001|"edu packimporto #1"|9|47|101.68
3004002|"edu packexporti #2"|9|53|101.50
10012005|"importoamalgamalg #5"|17|56|101.46
10001017|"amalgunivamalg #17"|19|39|101.08
4003001|"exportiedu pack #1"|17|0|100.89
5003001|"exportischolar #1"|8|12|100.68
2004002|"edu packimporto #2"|9|1|100.64
7007010|"brandbrand #10"|18|1|100.64
7009001|"maxibrand #1"|8|38|99.96
1002001|"importoamalg #1"|8|41|99.90
10008009|"namelessunivamalg #9"|19|47|99.68
4002001|"importoedu pack #1"|18|44|99.56
9007008|"brandmaxi #8"|9|40|99.56
7003009|"exportibrand #9"|17|38|99.36
8009003|"maxinameless #3"|9|35|99.36
4001002|"amalgedu pack #2"|18|43|99.00
3004001|"edu packexporti #1"|17|57|98.90
6011001|"amalgbrand #1"|18|38|98.82
7012009|"importonameless #9"|19|8|98.10
10012010|"importoamalgamalg #10"|18|29|97.86
7010008|"univnameless #8"|6|44|97.78
6012007|"importobrand #7"|17|51|97.76
6005008|"scholarcorp #8"|19|5|97.68
2002001|"importoimporto #1"|8|5|97.65
6004004|"edu packcorp #4"|9|14|97.44
10012017|"importoamalgamalg #17"|7|26|97.20
8008009|"namelessnameless #9"|9|21|97.02
4001001|"amalgedu pack #1"|6|11|96.76
1002001|"importoamalg #1"|8|55|96.72
8016006|"corpmaxi #6"|9|26|96.60
7001005|"amalgbrand #5"|8|48|96.25
6014006|"edu packbrand #6"|17|1|95.94
4004001|"edu packedu pack #1"|8|25|95.76
6006007|"corpcorp #7"|19|18|95.28
9014002|"edu packunivamalg #2"|19|28|94.80
7009005|"maxibrand #5"|17|10|94.70
6010004|"univbrand #4"|9|48|94.62
1001002|"amalgamalg #2"|8|12|94.40
9014005|"edu packunivamalg #5"|19|59|94.40
3002002|"importoexporti #2"|19|7|94.38
4004001|"edu packedu pack #1"|9|53|94.36
4003002|"exportiedu pack #2"|18|43|94.26
10007012|"brandunivamalg #12"|8|27|94.17
10003015|"exportiunivamalg #15"|18|46|94.09
3001002|"amalgexporti #2"|9|38|93.86
8004003|"edu packnameless #3"|17|6|93.76
4001002|"amalgedu pack #2"|19|55|93.73
10008002|"namelessunivamalg #2"|17|47|93.60
9006011|"corpmaxi #11"|17|59|93.13
4002001|"importoedu pack #1"|6|22|93.06
2001001|"amalgimporto #1"|19|20|92.56
6012007|"importobrand #7"|9|15|92.52
7009001|"maxibrand #1"|17|2|92.31
1001001|"amalgamalg #1"|8|24|91.68
2004001|"edu packimporto #1"|8|27|91.68
1003001|"exportiamalg #1"|18|23|91.51
6015005|"scholarbrand #5"|18|0|91.28
3003001|"exportiexporti #1"|18|39|91.26
5001001|"amalgscholar #1"|19|50|91.20
10016003|"corpamalgamalg #3"|6|0|90.86
5004002|"edu packscholar #2"|18|45|90.72
7009010|"maxibrand #10"|17|13|90.72
8015005|"scholarmaxi #5"|9|58|90.31
4004001|"edu packedu pack #1"|9|42|90.16
10009013|"maxiunivamalg #13"|17|33|89.96
2001002|"amalgimporto #2"|18|54|89.88
6006007|"corpcorp #7"|19|51|89.60
9007003|"brandmaxi #3"|7|28|89.46
1001002|"amalgamalg #2"|9|3|89.28
5001001|"amalgscholar #1"|18|24|89.10
10009017|"maxiunivamalg #17"|18|37|89.04
4001001|"amalgedu pack #1"|7|55|88.76
10016017|"corpamalgamalg #17"|9|37|88.74
10002014|"importounivamalg #14"|18|22|88.62
6008003|"namelesscorp #3"|18|49|88.56
6007007|"brandcorp #7"|18|3|88.55
7001009|"amalgbrand #9"|17|40|88.55
1001002|"amalgamalg #2"|19|48|88.50
7001004|"amalgbrand #4"|9|13|88.50
8002009|"importonameless #9"|17|57|88.50
8009009|"maxinameless #9"|18|55|88.50
6016003|"corpbrand #3"|19|21|88.40
10001017|"amalgunivamalg #17"|17|21|88.40
8008009|"namelessnameless #9"|19|31|87.84
10006009|"corpunivamalg #9"|17|48|87.82
6005001|"scholarcorp #1"|17|23|87.64
9006009|"corpmaxi #9"|19|54|87.45
4003001|"exportiedu pack #1"|9|31|87.36
8008003|"namelessnameless #3"|17|32|87.30
10009017|"maxiunivamalg #17"|8|13|87.23
9001008|"amalgmaxi #8"|17|51|87.12
10006003|"corpunivamalg #3"|18|6|87.10
7009010|"maxibrand #10"|17|46|87.00
10004008|"edu packunivamalg #8"|8|44|87.00
4004001|"edu packedu pack #1"|7|29|86.97
9006011|"corpmaxi #11"|8|48|86.94
6009004|"maxicorp #4"|19|57|86.88
8002009|"importonameless #9"|18|8|86.87
6009003|"maxicorp #3"|18|41|86.52
4002001|"importoedu pack #1"|17|43|86.50
7001007|"amalgbrand #7"|8|11|86.42
1002001|"importoamalg #1"|9|54|85.86
7008009|"namelessbrand #9"|19|41|85.55
10011004|"amalgamalgamalg #4"|9|54|85.55
6008003|"namelesscorp #3"|9|17|85.51
10016008|"corpamalgamalg #8"|7|27|85.36
6010004|"univbrand #4"|9|9|84.76
2002001|"importoimporto #1"|8|26|83.97
9015011|"scholarunivamalg #11"|19|24|83.40
10015001|"scholaramalgamalg #1"|6|9|83.30
8011008|"amalgmaxi #8"|19|30|83.20
6007003|"brandcorp #3"|8|59|83.08
4003001|"exportiedu pack #1"|9|26|82.82
8016006|"corpmaxi #6"|18|24|82.56
10016008|"corpamalgamalg #8"|19|1|82.45
9001011|"amalgmaxi #11"|19|49|82.29
10016017|"corpamalgamalg #17"|18|52|82.16
4004002|"edu packedu pack #2"|19|51|81.88
10002007|"importounivamalg #7"|9|51|81.88
5003002|"exportischolar #2"|9|38|81.12
2001002|"amalgimporto #2"|19|42|81.09
4003002|"exportiedu pack #2"|19|0|81.06
7003002|"exportibrand #2"|19|33|81.00
4004001|"edu packedu pack #1"|7|22|80.78
9008008|"namelessmaxi #8"|17|35|80.52
6005001|"scholarcorp #1"|8|35|80.50
7001005|"amalgbrand #5"|17|59|80.43
6006007|"corpcorp #7"|19|2|80.40
7011008|"amalgnameless #8"|7|4|80.30
9013008|"exportiunivamalg #8"|19|29|80.20
2001002|"amalgimporto #2"|19|47|80.10
7006009|"corpbrand #9"|17|59|79.92
5001001|"amalgscholar #1"|17|47|79.65
8003009|"exportinameless #9"|9|43|79.60
7002003|"importobrand #3"|9|2|79.57
1003001|"exportiamalg #1"|17|2|79.43
6003003|"exporticorp #3"|9|44|78.40
6004004|"edu packcorp #4"|19|49|78.26
6005007|"scholarcorp #7"|17|7|78.20
2002001|"importoimporto #1"|19|52|78.10
8011007|"amalgmaxi #7"|9|54|78.10
5002001|"importoscholar #1"|19|13|78.03
7010004|"univnameless #4"|19|7|77.94
8008003|"namelessnameless #3"|19|58|77.91
5003001|"exportischolar #1"|9|10|77.55
6008002|"namelesscorp #2"|9|0|77.25
8001004|"amalgnameless #4"|17|25|77.22
10009013|"maxiunivamalg #13"|19|34|77.16
8005001|"scholarnameless #1"|9|58|77.12
7003002|"exportibrand #2"|9|23|76.84
8012004|"importomaxi #4"|18|20|76.45
8008009|"namelessnameless #9"|19|36|76.34
3003001|"exportiexporti #1"|8|48|75.87
8008007|"namelessnameless #7"|17|19|75.84
8009005|"maxinameless #5"|17|52|75.71
10016001|"corpamalgamalg #1"|19|32|75.69
5001001|"amalgscholar #1"|6|29|75.68
7007010|"brandbrand #10"|9|4|75.68
5004001|"edu packscholar #1"|19|40|75.67
7009003|"maxibrand #3"|8|6|75.67
10012001|"importoamalgamalg #1"|19|47|75.30
8012010|"importomaxi #10"|8|58|75.24
10012017|"importoamalgamalg #17"|8|50|75.00
4001001|"amalgedu pack #1"|9|44|74.91
7013002|"exportinameless #2"|9|45|74.70
10011014|"amalgamalgamalg #14"|7|36|74.52
8014005|"edu packmaxi #5"|19|49|74.00
8001007|"amalgnameless #7"|17|52|73.92
10012004|"importoamalgamalg #4"|9|11|73.87
8002009|"importonameless #9"|19|3|73.50
5002001|"importoscholar #1"|18|56|73.44
2004002|"edu packimporto #2"|17|34|73.35
4003001|"exportiedu pack #1"|18|8|73.32
9007009|"brandmaxi #9"|7|47|73.29
10010007|"univamalgamalg #7"|8|57|73.08
2004002|"edu packimporto #2"|18|10|72.96
10016003|"corpamalgamalg #3"|18|27|72.96
9012011|"importounivamalg #11"|8|11|72.94
8011008|"amalgmaxi #8"|9|45|72.90
9007003|"brandmaxi #3"|9|9|72.32
9006011|"corpmaxi #11"|8|7|72.28
10008009|"namelessunivamalg #9"|19|44|72.24
2001001|"amalgimporto #1"|9|25|72.09
10015010|"scholaramalgamalg #10"|18|48|71.98
6012002|"importobrand #2"|9|26|71.69
7009005|"maxibrand #5"|17|22|71.44
8014005|"edu packmaxi #5"|18|41|71.20
7009001|"maxibrand #1"|19|56|71.00
8007005|"brandnameless #5"|19|13|70.84
7006008|"corpbrand #8"|19|47|70.56
9008008|"namelessmaxi #8"|18|14|70.50
4002002|"importoedu pack #2"|7|32|70.49
9014002|"edu packunivamalg #2"|17|58|70.49
10012004|"importoamalgamalg #4"|17|14|70.47
8014004|"edu packmaxi #4"|19|3|70.35
7009005|"maxibrand #5"|9|15|70.26
1001002|"amalgamalg #2"|19|40|70.20
10012006|"importoamalgamalg #6"|9|13|70.08
4002001|"importoedu pack #1"|6|3|70.05
8005009|"scholarnameless #9"|18|3|69.93
2001001|"amalgimporto #1"|8|2|69.84
10004017|"edu packunivamalg #17"|17|53|69.84
8008009|"namelessnameless #9"|18|36|69.54
2002001|"importoimporto #1"|6|33|69.30
6006004|"corpcorp #4"|8|3|69.30
7013009|"exportinameless #9"|7|19|69.20
10015005|"scholaramalgamalg #5"|17|41|69.17
4004001|"edu packedu pack #1"|9|4|69.16
5003002|"exportischolar #2"|17|51|69.12
10015004|"scholaramalgamalg #4"|18|9|69.12
4003002|"exportiedu pack #2"|17|55|69.00
7016001|"corpnameless #1"|17|48|68.42
1002001|"importoamalg #1"|18|59|68.28
7005007|"scholarbrand #7"|19|8|68.20
10015010|"scholaramalgamalg #10"|18|2|68.00
4003001|"exportiedu pack #1"|8|7|67.84
10004017|"edu packunivamalg #17"|7|51|67.80
7012009|"importonameless #9"|17|40|67.55
7009009|"maxibrand #9"|9|57|67.44
4003001|"exportiedu pack #1"|9|15|67.30
2003002|"exportiimporto #2"|17|53|67.21
3003001|"exportiexporti #1"|19|32|67.00
6012001|"importobrand #1"|17|19|66.72
9014011|"edu packunivamalg #11"|18|44|66.70
10016002|"corpamalgamalg #2"|17|12|66.64
9016005|"corpunivamalg #5"|19|41|66.56
5003001|"exportischolar #1"|8|22|66.47
6016008|"corpbrand #8"|19|39|66.24
8001004|"amalgnameless #4"|19|25|66.18
8004001|"edu packnameless #1"|17|39|66.13
9001008|"amalgmaxi #8"|18|55|65.95
5003001|"exportischolar #1"|18|32|65.88
10004015|"edu packunivamalg #15"|9|34|65.72
8009010|"maxinameless #10"|19|22|65.65
7003002|"exportibrand #2"|17|39|65.57
6001007|"amalgcorp #7"|17|2|65.52
3002001|"importoexporti #1"|18|11|65.46
9014005|"edu packunivamalg #5"|17|51|65.35
1003001|"exportiamalg #1"|17|41|65.28
7009005|"maxibrand #5"|8|49|65.20
8007010|"brandnameless #10"|19|2|65.16
8013004|"exportimaxi #4"|19|39|64.85
3001002|"amalgexporti #2"|18|3|64.80
3004001|"edu packexporti #1"|17|23|64.77
7013002|"exportinameless #2"|19|23|64.56
8006008|"corpnameless #8"|19|39|64.50
8015003|"scholarmaxi #3"|9|2|64.50
4002001|"importoedu pack #1"|19|7|64.32
1004001|"edu packamalg #1"|17|59|64.31
6008005|"namelesscorp #5"|17|21|64.22
8008007|"namelessnameless #7"|19|25|64.22
7008006|"namelessbrand #6"|8|11|64.20
2001002|"amalgimporto #2"|9|48|64.08
8012004|"importomaxi #4"|19|58|64.00
8007005|"brandnameless #5"|17|27|63.91
8011007|"amalgmaxi #7"|19|4|63.90
7008009|"namelessbrand #9"|18|48|63.84
10016003|"corpamalgamalg #3"|8|31|63.72
6008007|"namelesscorp #7"|19|45|63.54
6016003|"corpbrand #3"|19|33|63.27
8016003|"corpmaxi #3"|17|46|63.20
4003001|"exportiedu pack #1"|17|8|63.18
7006003|"corpbrand #3"|18|56|63.08
3002001|"importoexporti #1"|19|21|63.00
3004001|"edu packexporti #1"|18|2|63.00
4001001|"amalgedu pack #1"|19|53|63.00
9016008|"corpunivamalg #8"|19|38|62.14
5001001|"amalgscholar #1"|8|34|62.10
7013002|"exportinameless #2"|17|35|62.05
4002001|"importoedu pack #1"|19|59|61.80
7001008|"amalgbrand #8"|17|32|61.80
8001004|"amalgnameless #4"|9|53|61.38
2002001|"importoimporto #1"|9|34|61.20
9006011|"corpmaxi #11"|18|47|61.10
3003001|"exportiexporti #1"|9|8|60.97
9002003|"importomaxi #3"|18|49|60.88
10012004|"importoamalgamalg #4"|19|22|60.80
8008002|"namelessnameless #2"|18|0|60.68
7012009|"importonameless #9"|17|51|60.57
8013004|"exportimaxi #4"|7|3|60.45
10008015|"namelessunivamalg #15"|19|36|60.39
1003002|"exportiamalg #2"|17|22|60.32
6009004|"maxicorp #4"|18|9|60.25
7004001|"edu packbrand #1"|9|33|60.08
8010009|"univmaxi #9"|17|23|60.06
4001001|"amalgedu pack #1"|9|55|60.03
6010006|"univbrand #6"|17|22|59.99
1003002|"exportiamalg #2"|18|53|59.94
7006003|"corpbrand #3"|9|40|59.92
6014001|"edu packbrand #1"|19|45|59.88
2004002|"edu packimporto #2"|19|32|59.85
8016007|"corpmaxi #7"|17|10|59.74
7015009|"scholarnameless #9"|9|0|59.65
9007009|"brandmaxi #9"|17|40|59.45
2001001|"amalgimporto #1"|19|29|59.21
8006009|"corpnameless #9"|19|11|59.00
9002003|"importomaxi #3"|17|18|58.95
10011009|"amalgamalgamalg #9"|18|10|58.90
1003001|"exportiamalg #1"|8|33|58.80
2002002|"importoimporto #2"|18|5|58.80
8015008|"scholarmaxi #8"|19|29|58.67
2003001|"exportiimporto #1"|9|29|58.60
3003001|"exportiexporti #1"|19|4|58.58
2003002|"exportiimporto #2"|18|12|58.50
8004005|"edu packnameless #5"|17|16|58.38
9004008|"edu packmaxi #8"|18|30|58.32
1002002|"importoamalg #2"|7|43|58.20
1001002|"amalgamalg #2"|18|10|58.10
3003001|"exportiexporti #1"|18|40|58.05
9003005|"exportimaxi #5"|7|46|57.87
5004001|"edu packscholar #1"|7|46|57.72
1004001|"edu packamalg #1"|7|24|57.45
10012001|"importoamalgamalg #1"|9|29|57.40
5004002|"edu packscholar #2"|18|59|57.27
1002001|"importoamalg #1"|7|0|57.24
3002001|"importoexporti #1"|19|54|57.24
6009003|"maxicorp #3"|8|37|57.12
7004001|"edu packbrand #1"|7|28|56.65
7010010|"univnameless #10"|18|35|56.64
10007015|"brandunivamalg #15"|9|54|56.58
4003001|"exportiedu pack #1"|18|52|56.28
2001001|"amalgimporto #1"|19|48|56.16
9015011|"scholarunivamalg #11"|17|27|56.16
8012006|"importomaxi #6"|19|1|56.05
7011001|"amalgnameless #1"|19|54|55.98
9012005|"importounivamalg #5"|18|48|55.80
3002002|"importoexporti #2"|19|9|55.76
10009017|"maxiunivamalg #17"|9|44|55.53
7012009|"importonameless #9"|8|21|55.44
1002001|"importoamalg #1"|9|0|55.23
9004008|"edu packmaxi #8"|19|27|55.12
5004002|"edu packscholar #2"|8|9|55.08
8014005|"edu packmaxi #5"|9|16|55.08
7004009|"edu packbrand #9"|17|14|55.04
8004005|"edu packnameless #5"|19|57|55.02
1001001|"amalgamalg #1"|18|34|54.97
3001002|"amalgexporti #2"|17|32|54.86
6009002|"maxicorp #2"|17|20|54.84
9012008|"importounivamalg #8"|9|56|54.67
4003001|"exportiedu pack #1"|6|15|54.64
9012005|"importounivamalg #5"|19|37|54.50
5001002|"amalgscholar #2"|7|31|54.45
1004002|"edu packamalg #2"|17|16|54.30
6005003|"scholarcorp #3"|17|5|54.24
10005001|"scholarunivamalg #1"|9|44|54.07
9001008|"amalgmaxi #8"|17|50|54.00
3004002|"edu packexporti #2"|18|30|53.97
7006003|"corpbrand #3"|18|50|53.72
7006005|"corpbrand #5"|19|4|53.60
4002001|"importoedu pack #1"|18|2|53.52
5002001|"importoscholar #1"|18|6|53.40
6016003|"corpbrand #3"|9|53|53.28
8007010|"brandnameless #10"|17|12|53.20
6002001|"importocorp #1"|19|28|53.10
9012003|"importounivamalg #3"|9|24|52.57
4003001|"exportiedu pack #1"|19|52|52.40
4004001|"edu packedu pack #1"|18|11|52.38
8008003|"namelessnameless #3"|8|33|52.32
3001002|"amalgexporti #2"|17|38|52.21
7004009|"edu packbrand #9"|9|18|52.17
9004008|"edu packmaxi #8"|17|32|52.12
2002001|"importoimporto #1"|6|21|52.08
9016003|"corpunivamalg #3"|8|7|52.00
3001001|"amalgexporti #1"|19|48|51.70
5003001|"exportischolar #1"|19|10|51.68
9012003|"importounivamalg #3"|18|21|51.68
3003002|"exportiexporti #2"|17|46|51.59
3004001|"edu packexporti #1"|18|46|51.52
8013009|"exportimaxi #9"|18|23|51.52
8010005|"univmaxi #5"|19|6|51.48
10009017|"maxiunivamalg #17"|9|32|51.48
3001001|"amalgexporti #1"|9|45|51.18
9014011|"edu packunivamalg #11"|19|57|50.85
8008003|"namelessnameless #3"|18|35|50.40
3002001|"importoexporti #1"|17|42|50.15
8009005|"maxinameless #5"|17|44|50.07
7012010|"importonameless #10"|19|50|49.92
2003002|"exportiimporto #2"|17|16|49.86
2003002|"exportiimporto #2"|17|12|49.84
4001001|"amalgedu pack #1"|17|43|49.59
8008004|"namelessnameless #4"|17|44|49.56
2001001|"amalgimporto #1"|17|39|49.44
7010001|"univnameless #1"|17|20|49.32
6013005|"exportibrand #5"|17|38|49.25
10003016|"exportiunivamalg #16"|8|8|49.20
8012006|"importomaxi #6"|19|50|49.14
4003001|"exportiedu pack #1"|17|43|49.05
6010004|"univbrand #4"|18|9|48.96
10012002|"importoamalgamalg #2"|9|37|48.93
9016002|"corpunivamalg #2"|19|12|48.77
10005014|"scholarunivamalg #14"|9|25|48.76
3003001|"exportiexporti #1"|9|55|48.72
3004001|"edu packexporti #1"|19|22|48.66
5003002|"exportischolar #2"|17|34|48.64
10011014|"amalgamalgamalg #14"|7|31|48.46
6004004|"edu packcorp #4"|8|55|48.36
9008008|"namelessmaxi #8"|17|34|48.24
6010005|"univbrand #5"|9|59|48.16
10002011|"importounivamalg #11"|19|55|47.92
9009002|"maximaxi #2"|6|19|47.61
NULL|NULL|18|30|47.50
7006005|"corpbrand #5"|9|3|47.40
10004015|"edu packunivamalg #15"|18|23|47.32
6010004|"univbrand #4"|17|48|47.31
1003001|"exportiamalg #1"|19|37|47.16
9012003|"importounivamalg #3"|18|14|47.04
8005009|"scholarnameless #9"|19|12|46.98
6016001|"corpbrand #1"|18|31|46.95
7008009|"namelessbrand #9"|9|2|46.72
3001002|"amalgexporti #2"|17|25|46.64
4004001|"edu packedu pack #1"|9|54|46.60
10009006|"maxiunivamalg #6"|18|21|46.58
6015008|"scholarbrand #8"|17|27|46.54
6007007|"brandcorp #7"|7|38|46.28
7011001|"amalgnameless #1"|18|49|46.28
1001001|"amalgamalg #1"|9|49|46.24
8008003|"namelessnameless #3"|8|30|46.17
10014016|"edu packamalgamalg #16"|17|28|46.02
3003001|"exportiexporti #1"|9|12|46.00
2003002|"exportiimporto #2"|8|21|45.90
10012001|"importoamalgamalg #1"|17|17|45.80
7008006|"namelessbrand #6"|18|3|45.76
9007011|"brandmaxi #11"|18|6|45.76
6001007|"amalgcorp #7"|9|45|45.58
7002003|"importobrand #3"|9|46|45.55
7006005|"corpbrand #5"|9|22|45.54
6005001|"scholarcorp #1"|17|58|45.24
7001004|"amalgbrand #4"|17|57|45.10
5004001|"edu packscholar #1"|19|34|45.09
7015009|"scholarnameless #9"|18|43|44.84
10012011|"importoamalgamalg #11"|18|4|44.80
5003001|"exportischolar #1"|17|38|44.66
6010006|"univbrand #6"|17|14|44.66
6008007|"namelesscorp #7"|17|4|44.36
7009003|"maxibrand #3"|18|29|44.23
10015010|"scholaramalgamalg #10"|9|38|44.16
5003002|"exportischolar #2"|18|35|44.04
3003002|"exportiexporti #2"|9|28|43.96
7003001|"exportibrand #1"|18|23|43.62
4001002|"amalgedu pack #2"|18|33|43.56
9013008|"exportiunivamalg #8"|18|38|43.35
8011009|"amalgmaxi #9"|9|7|43.34
7004009|"edu packbrand #9"|8|6|43.32
9014002|"edu packunivamalg #2"|18|30|43.23
5004001|"edu packscholar #1"|18|17|43.20
3003001|"exportiexporti #1"|19|11|43.12
10015010|"scholaramalgamalg #10"|19|29|42.92
8010008|"univmaxi #8"|19|50|42.88
3002001|"importoexporti #1"|19|28|42.81
9011009|"amalgunivamalg #9"|9|3|42.57
9013009|"exportiunivamalg #9"|19|12|42.57
9003011|"exportimaxi #11"|8|43|42.48
8015005|"scholarmaxi #5"|17|17|42.14
6011003|"amalgbrand #3"|8|9|42.09
8005010|"scholarnameless #10"|19|37|41.89
7009005|"maxibrand #5"|18|15|41.86
8006008|"corpnameless #8"|18|52|41.86
1004002|"edu packamalg #2"|19|29|41.76
7002009|"importobrand #9"|6|40|41.68
4001002|"amalgedu pack #2"|17|4|41.58
1002002|"importoamalg #2"|19|24|41.30
9014002|"edu packunivamalg #2"|17|41|41.16
5001002|"amalgscholar #2"|19|14|41.04
6010002|"univbrand #2"|17|46|40.95
9012011|"importounivamalg #11"|9|20|40.94
4004002|"edu packedu pack #2"|17|8|40.92
9016002|"corpunivamalg #2"|18|16|40.82
1002001|"importoamalg #1"|18|8|40.66
6008003|"namelesscorp #3"|17|59|40.52
10009006|"maxiunivamalg #6"|17|31|40.48
7003005|"exportibrand #5"|18|23|40.32
7010003|"univnameless #3"|8|59|40.31
5002002|"importoscholar #2"|17|36|40.26
5001001|"amalgscholar #1"|6|15|39.90
3002001|"importoexporti #1"|7|44|39.84
9011009|"amalgunivamalg #9"|17|52|39.66
5001002|"amalgscholar #2"|8|12|39.60
2002001|"importoimporto #1"|19|41|39.56
10007014|"brandunivamalg #14"|9|48|39.55
6008002|"namelesscorp #2"|18|20|39.52
10001017|"amalgunivamalg #17"|19|2|39.45
10015004|"scholaramalgamalg #4"|8|12|39.06
5004001|"edu packscholar #1"|8|52|39.02
5001001|"amalgscholar #1"|8|20|38.88
7006001|"corpbrand #1"|9|41|38.86
10009006|"maxiunivamalg #6"|19|6|38.70
1003001|"exportiamalg #1"|18|16|38.59
1004002|"edu packamalg #2"|19|20|38.52
7006009|"corpbrand #9"|19|27|38.48
2001002|"amalgimporto #2"|18|30|38.43
9008008|"namelessmaxi #8"|8|31|38.25
2001002|"amalgimporto #2"|19|10|38.12
8015005|"scholarmaxi #5"|17|23|38.08
2002001|"importoimporto #1"|17|43|38.05
1001001|"amalgamalg #1"|18|46|37.96
2002001|"importoimporto #1"|8|15|37.80
3001001|"amalgexporti #1"|19|58|37.75
7011001|"amalgnameless #1"|9|49|37.71
9011009|"amalgunivamalg #9"|8|4|37.62
4003001|"exportiedu pack #1"|9|13|37.59
10006003|"corpunivamalg #3"|18|40|37.50
9014002|"edu packunivamalg #2"|8|8|37.45
7002008|"importobrand #8"|17|7|37.23
2004002|"edu packimporto #2"|8|4|37.08
10016002|"corpamalgamalg #2"|19|31|36.78
7015002|"scholarnameless #2"|8|49|36.75
9011008|"amalgunivamalg #8"|17|31|36.72
4004001|"edu packedu pack #1"|19|57|36.65
3003001|"exportiexporti #1"|17|12|36.58
10009017|"maxiunivamalg #17"|18|53|36.57
10014001|"edu packamalgamalg #1"|8|53|36.51
10004008|"edu packunivamalg #8"|19|37|36.30
6016005|"corpbrand #5"|17|17|36.27
9006005|"corpmaxi #5"|17|58|36.26
1003001|"exportiamalg #1"|17|50|36.18
9015002|"scholarunivamalg #2"|19|18|36.16
5004001|"edu packscholar #1"|19|16|35.96
7009005|"maxibrand #5"|19|20|35.84
3002002|"importoexporti #2"|18|7|35.82
8005005|"scholarnameless #5"|7|19|35.61
7008006|"namelessbrand #6"|17|25|35.50
6007007|"brandcorp #7"|17|20|35.46
4004001|"edu packedu pack #1"|9|7|35.36
7015009|"scholarnameless #9"|17|34|35.33
10006009|"corpunivamalg #9"|17|21|35.28
4001001|"amalgedu pack #1"|6|52|35.10
1001002|"amalgamalg #2"|17|57|35.02
9007011|"brandmaxi #11"|18|15|35.00
3003002|"exportiexporti #2"|9|19|34.98
6015008|"scholarbrand #8"|8|58|34.95
4001001|"amalgedu pack #1"|17|30|34.79
10006002|"corpunivamalg #2"|18|55|34.76
1001002|"amalgamalg #2"|18|36|34.70
5003001|"exportischolar #1"|8|44|34.58
9015011|"scholarunivamalg #11"|9|10|34.44
7013009|"exportinameless #9"|6|22|34.42
6011007|"amalgbrand #7"|19|51|34.31
8010005|"univmaxi #5"|17|50|34.25
3003002|"exportiexporti #2"|17|56|34.16
6010006|"univbrand #6"|19|52|34.12
5003002|"exportischolar #2"|18|50|34.02
1002001|"importoamalg #1"|19|16|33.90
9006009|"corpmaxi #9"|19|10|33.80
7001008|"amalgbrand #8"|7|3|33.76
3004001|"edu packexporti #1"|19|17|33.67
8009005|"maxinameless #5"|19|15|33.54
2003001|"exportiimporto #1"|9|42|33.39
6001001|"amalgcorp #1"|17|50|33.32
9001003|"amalgmaxi #3"|8|37|33.32
2004001|"edu packimporto #1"|17|47|33.30
4003002|"exportiedu pack #2"|19|16|33.15
9010009|"univunivamalg #9"|17|23|33.03
10014001|"edu packamalgamalg #1"|18|37|33.00
3002001|"importoexporti #1"|8|48|32.70
10003016|"exportiunivamalg #16"|8|47|32.68
1002002|"importoamalg #2"|9|26|32.67
2003001|"exportiimporto #1"|17|14|32.47
8009010|"maxinameless #10"|17|26|32.38
5004001|"edu packscholar #1"|18|13|32.34
6009003|"maxicorp #3"|8|56|32.30
2001002|"amalgimporto #2"|9|30|32.20
5002001|"importoscholar #1"|19|25|32.20
7012010|"importonameless #10"|17|16|32.00
4001001|"amalgedu pack #1"|18|57|31.85
6006004|"corpcorp #4"|9|13|31.85
9012005|"importounivamalg #5"|18|53|31.80
8016004|"corpmaxi #4"|18|24|31.68
1002001|"importoamalg #1"|17|34|31.62
1001002|"amalgamalg #2"|7|15|31.60
9002011|"importomaxi #11"|17|48|31.49
5002001|"importoscholar #1"|19|34|31.47
10010017|"univamalgamalg #17"|7|17|31.35
5003002|"exportischolar #2"|9|11|31.12
5003002|"exportischolar #2"|18|20|31.05
4002001|"importoedu pack #1"|18|51|31.02
2002001|"importoimporto #1"|8|19|30.99
2003002|"exportiimporto #2"|17|4|30.96
4004001|"edu packedu pack #1"|17|56|30.69
6006003|"corpcorp #3"|8|13|30.59
10006009|"corpunivamalg #9"|6|56|30.50
8008009|"namelessnameless #9"|17|51|30.32
3001001|"amalgexporti #1"|19|10|30.04
4003001|"exportiedu pack #1"|9|23|29.92
6008002|"namelesscorp #2"|19|42|29.88
6012007|"importobrand #7"|9|35|29.85
4001001|"amalgedu pack #1"|9|0|29.72
9011009|"amalgunivamalg #9"|9|59|29.64
1003002|"exportiamalg #2"|6|27|29.52
10005014|"scholarunivamalg #14"|19|10|29.43
7014002|"edu packnameless #2"|9|52|29.41
2004001|"edu packimporto #1"|19|26|29.10
1001002|"amalgamalg #2"|7|47|29.05
6014007|"edu packbrand #7"|17|16|28.98
8011007|"amalgmaxi #7"|18|45|28.90
7013002|"exportinameless #2"|19|51|28.56
3001001|"amalgexporti #1"|18|39|28.47
8008007|"namelessnameless #7"|9|18|28.45
10015005|"scholaramalgamalg #5"|8|17|28.38
8015003|"scholarmaxi #3"|17|7|28.24
6006003|"corpcorp #3"|17|46|28.20
7006004|NULL|18|15|28.12
8010009|"univmaxi #9"|19|28|27.87
5002001|"importoscholar #1"|6|0|27.86
10010001|"univamalgamalg #1"|17|39|27.84
1001002|"amalgamalg #2"|19|51|27.73
2004002|"edu packimporto #2"|9|58|27.70
8001001|"amalgnameless #1"|17|16|27.69
4004001|"edu packedu pack #1"|17|29|27.68
8012010|"importomaxi #10"|17|45|27.60
4003001|"exportiedu pack #1"|17|11|27.20
8013009|"exportimaxi #9"|18|33|27.16
7001005|"amalgbrand #5"|17|25|26.95
10010011|"univamalgamalg #11"|9|57|26.91
1002001|"importoamalg #1"|19|35|26.86
10007002|"brandunivamalg #2"|18|4|26.79
2003002|"exportiimporto #2"|7|1|26.72
6008007|"namelesscorp #7"|8|51|26.72
4001001|"amalgedu pack #1"|17|31|26.52
7004006|"edu packbrand #6"|19|40|26.19
1003001|"exportiamalg #1"|17|44|26.10
8010008|"univmaxi #8"|18|35|25.76
4004001|"edu packedu pack #1"|7|47|25.50
6014002|"edu packbrand #2"|6|53|25.50
7009010|"maxibrand #10"|19|44|25.46
4001001|"amalgedu pack #1"|8|5|25.41
1002001|"importoamalg #1"|9|33|25.25
7012005|"importonameless #5"|19|29|25.20
9001008|"amalgmaxi #8"|8|30|25.20
9010009|"univunivamalg #9"|18|25|25.20
6015007|"scholarbrand #7"|17|14|25.12
1003002|"exportiamalg #2"|8|40|24.80
4001002|"amalgedu pack #2"|7|17|24.70
2003001|"exportiimporto #1"|7|40|24.16
10006017|"corpunivamalg #17"|19|43|24.16
6008005|"namelesscorp #5"|6|32|24.15
5001002|"amalgscholar #2"|8|19|24.14
1003002|"exportiamalg #2"|18|18|24.00
6016008|"corpbrand #8"|19|29|23.92
5003001|"exportischolar #1"|17|41|23.82
1003001|"exportiamalg #1"|9|5|23.80
6008002|"namelesscorp #2"|19|30|23.68
6008003|"namelesscorp #3"|9|19|23.66
2002001|"importoimporto #1"|19|6|23.38
4002001|"importoedu pack #1"|19|54|23.22
2003001|"exportiimporto #1"|8|25|23.14
10011014|"amalgamalgamalg #14"|17|57|23.04
4002002|"importoedu pack #2"|17|10|22.94
10003004|"exportiunivamalg #4"|19|16|22.86
1002001|"importoamalg #1"|19|25|22.80
4004001|"edu packedu pack #1"|7|55|22.80
5004002|"edu packscholar #2"|18|18|22.62
2002002|"importoimporto #2"|17|58|22.44
8008003|"namelessnameless #3"|6|43|22.41
5001002|"amalgscholar #2"|8|48|22.38
1003001|"exportiamalg #1"|19|34|22.33
6016003|"corpbrand #3"|17|15|22.32
7006001|"corpbrand #1"|18|1|22.08
7015009|"scholarnameless #9"|6|16|22.00
8001007|"amalgnameless #7"|8|56|22.00
4001001|"amalgedu pack #1"|7|21|21.78
9011009|"amalgunivamalg #9"|9|57|21.78
1001001|"amalgamalg #1"|8|55|21.76
5003001|"exportischolar #1"|17|1|21.72
9008008|"namelessmaxi #8"|19|13|21.59
5004001|"edu packscholar #1"|8|43|21.42
6012002|"importobrand #2"|9|44|21.40
6015005|"scholarbrand #5"|9|17|21.36
9011008|"amalgunivamalg #8"|19|4|21.32
4004002|"edu packedu pack #2"|17|42|21.28
2002001|"importoimporto #1"|8|52|21.20
3004002|"edu packexporti #2"|9|4|21.16
10010011|"univamalgamalg #11"|18|15|20.91
1004001|"edu packamalg #1"|19|6|20.88
8005009|"scholarnameless #9"|9|18|20.80
9004011|"edu packmaxi #11"|17|17|20.80
2004001|"edu packimporto #1"|17|48|20.75
6015008|"scholarbrand #8"|17|26|20.56
1004001|"edu packamalg #1"|8|14|20.46
6009007|"maxicorp #7"|19|24|20.34
5001001|"amalgscholar #1"|19|49|20.32
6001007|"amalgcorp #7"|9|19|20.30
6008007|"namelesscorp #7"|19|29|19.92
8015003|"scholarmaxi #3"|18|13|19.80
4002001|"importoedu pack #1"|9|0|19.79
1001002|"amalgamalg #2"|18|14|19.65
3004001|"edu packexporti #1"|18|3|19.56
9015002|"scholarunivamalg #2"|18|30|19.55
10015009|"scholaramalgamalg #9"|17|0|19.33
4004002|"edu packedu pack #2"|9|0|19.32
5004002|"edu packscholar #2"|9|17|19.26
10009013|"maxiunivamalg #13"|19|1|19.15
1001002|"amalgamalg #2"|17|43|19.12
9015011|"scholarunivamalg #11"|19|54|18.81
4002002|"importoedu pack #2"|19|30|18.80
3001002|"amalgexporti #2"|9|57|18.76
3003001|"exportiexporti #1"|17|31|18.56
7010001|"univnameless #1"|17|3|18.56
3003001|"exportiexporti #1"|18|48|18.36
9005009|"scholarmaxi #9"|18|2|18.24
9015002|"scholarunivamalg #2"|18|55|18.24
2003001|"exportiimporto #1"|18|29|18.00
6008003|"namelesscorp #3"|9|13|18.00
9006008|"corpmaxi #8"|19|48|17.91
8011007|"amalgmaxi #7"|7|32|17.90
8006008|"corpnameless #8"|9|16|17.78
5002002|"importoscholar #2"|6|3|17.76
8008009|"namelessnameless #9"|8|38|17.70
10012011|"importoamalgamalg #11"|17|18|17.67
2002001|"importoimporto #1"|17|32|17.65
2002001|"importoimporto #1"|18|37|17.60
6002003|"importocorp #3"|6|47|17.60
2001001|"amalgimporto #1"|19|1|17.50
8012005|"importomaxi #5"|7|35|17.42
1001001|"amalgamalg #1"|9|2|17.39
1003002|"exportiamalg #2"|19|30|17.39
6004003|"edu packcorp #3"|18|2|17.28
10011014|"amalgamalgamalg #14"|19|24|17.16
4004001|"edu packedu pack #1"|18|50|17.15
7004009|"edu packbrand #9"|17|53|17.00
10015001|"scholaramalgamalg #1"|8|9|16.60
9009009|"maximaxi #9"|18|48|16.56
8004003|"edu packnameless #3"|18|30|16.52
1002002|"importoamalg #2"|17|26|16.51
7013001|"exportinameless #1"|17|48|16.38
3004002|"edu packexporti #2"|8|57|16.33
3002001|"importoexporti #1"|17|14|16.02
7001005|"amalgbrand #5"|19|30|15.81
7012009|"importonameless #9"|18|38|15.76
6001002|"amalgcorp #2"|9|44|15.72
5004002|"edu packscholar #2"|19|45|15.68
3001001|"amalgexporti #1"|6|40|15.65
6012001|"importobrand #1"|19|58|15.51
1003001|"exportiamalg #1"|17|55|15.47
3001001|"amalgexporti #1"|19|55|15.47
2002002|"importoimporto #2"|19|22|15.42
6008002|"namelesscorp #2"|18|8|15.40
7004009|"edu packbrand #9"|17|34|15.40
7007010|"brandbrand #10"|17|37|15.37
4004001|"edu packedu pack #1"|6|18|15.36
2001001|"amalgimporto #1"|17|48|15.30
6014007|"edu packbrand #7"|19|44|15.12
6015008|"scholarbrand #8"|19|51|15.12
6008003|"namelesscorp #3"|18|1|15.01
6015008|"scholarbrand #8"|9|24|14.76
4001001|"amalgedu pack #1"|9|5|14.70
3001002|"amalgexporti #2"|18|40|14.64
8012004|"importomaxi #4"|18|27|14.41
7015007|"scholarnameless #7"|6|58|14.40
7003001|"exportibrand #1"|17|44|14.36
2004002|"edu packimporto #2"|9|55|14.28
5002001|"importoscholar #1"|9|56|14.08
10002007|"importounivamalg #7"|8|24|14.06
7011008|"amalgnameless #8"|17|32|14.04
9003005|"exportimaxi #5"|19|47|13.95
2004002|"edu packimporto #2"|17|33|13.68
10009013|"maxiunivamalg #13"|7|34|13.50
9015011|"scholarunivamalg #11"|8|59|13.48
9002003|"importomaxi #3"|18|10|13.44
6014004|"edu packbrand #4"|18|44|13.40
8008003|"namelessnameless #3"|18|56|13.20
3002002|"importoexporti #2"|9|19|13.14
8015008|"scholarmaxi #8"|17|54|12.73
1003002|"exportiamalg #2"|6|46|12.48
10007002|"brandunivamalg #2"|18|25|12.48
7013002|"exportinameless #2"|8|10|12.30
2002001|"importoimporto #1"|9|10|12.27
10016002|"corpamalgamalg #2"|9|42|12.16
7003002|"exportibrand #2"|19|59|11.78
6014001|"edu packbrand #1"|17|14|11.75
2002001|"importoimporto #1"|17|34|11.70
5004001|"edu packscholar #1"|8|10|11.46
7010009|"univnameless #9"|8|25|11.16
1001001|"amalgamalg #1"|18|7|10.89
8010002|"univmaxi #2"|9|16|10.89
9016003|"corpunivamalg #3"|19|22|10.89
8008005|"namelessnameless #5"|19|34|10.80
1001001|"amalgamalg #1"|9|15|10.78
1001002|"amalgamalg #2"|18|56|10.65
9013002|"exportiunivamalg #2"|17|53|10.62
8002009|"importonameless #9"|19|4|10.54
4001002|"amalgedu pack #2"|17|57|10.50
1002001|"importoamalg #1"|7|4|10.48
4003002|"exportiedu pack #2"|17|10|10.26
6008007|"namelesscorp #7"|8|28|10.25
3004001|"edu packexporti #1"|17|18|10.23
4003002|"exportiedu pack #2"|17|4|10.17
7013007|"exportinameless #7"|19|13|10.06
10003008|"exportiunivamalg #8"|17|28|10.05
10007002|"brandunivamalg #2"|17|28|10.00
10012004|"importoamalgamalg #4"|9|45|10.00
6008005|"namelesscorp #5"|19|43|9.90
3002001|"importoexporti #1"|8|53|9.87
4003002|"exportiedu pack #2"|19|31|9.84
2001002|"amalgimporto #2"|17|4|9.68
4002002|"importoedu pack #2"|17|56|9.61
7010004|"univnameless #4"|18|7|9.57
7010001|"univnameless #1"|19|36|9.54
6007007|"brandcorp #7"|9|45|9.52
10006002|"corpunivamalg #2"|17|44|9.52
2001001|"amalgimporto #1"|9|1|9.36
9005009|"scholarmaxi #9"|19|20|9.36
4002002|"importoedu pack #2"|8|3|9.24
6004004|"edu packcorp #4"|18|23|9.23
4001002|"amalgedu pack #2"|17|51|9.15
6012001|"importobrand #1"|8|36|9.10
3004001|"edu packexporti #1"|9|1|9.03
7015003|"scholarnameless #3"|17|35|9.00
2004001|"edu packimporto #1"|9|22|8.93
3003002|"exportiexporti #2"|8|37|8.80
4002002|"importoedu pack #2"|17|6|8.68
4003002|"exportiedu pack #2"|17|18|8.36
5004001|"edu packscholar #1"|17|35|8.17
10016008|"corpamalgamalg #8"|8|21|8.14
3004001|"edu packexporti #1"|8|33|8.13
6008002|"namelesscorp #2"|9|1|8.00
8004005|"edu packnameless #5"|8|22|7.95
10005010|"scholarunivamalg #10"|9|43|7.91
9005009|"scholarmaxi #9"|8|12|7.80
4004001|"edu packedu pack #1"|19|34|7.68
8013007|"exportimaxi #7"|19|21|7.67
5002001|"importoscholar #1"|9|20|7.44
2002002|"importoimporto #2"|17|43|7.38
10004004|"edu packunivamalg #4"|17|4|7.24
8009005|"maxinameless #5"|17|54|6.82
2003002|"exportiimporto #2"|18|34|6.73
6012003|"importobrand #3"|18|39|6.63
2004002|"edu packimporto #2"|9|19|6.62
1001002|"amalgamalg #2"|18|43|6.56
8008004|"namelessnameless #4"|8|59|6.49
4003001|"exportiedu pack #1"|17|48|6.48
5004001|"edu packscholar #1"|9|8|6.44
8012001|"importomaxi #1"|8|4|6.33
5001002|"amalgscholar #2"|17|33|6.30
10005010|"scholarunivamalg #10"|9|39|6.30
10008013|"namelessunivamalg #13"|17|27|6.30
5001002|"amalgscholar #2"|9|33|6.15
4002001|"importoedu pack #1"|18|22|6.08
7012005|"importonameless #5"|19|38|6.05
1002002|"importoamalg #2"|19|45|6.00
10003008|"exportiunivamalg #8"|18|33|5.95
2004002|"edu packimporto #2"|6|23|5.94
7004007|"edu packbrand #7"|17|12|5.64
3002001|"importoexporti #1"|9|26|5.60
9001005|"amalgmaxi #5"|9|21|5.49
9010009|"univunivamalg #9"|18|38|5.49
6008007|"namelesscorp #7"|19|44|5.21
10016001|"corpamalgamalg #1"|9|11|5.13
10007015|"brandunivamalg #15"|18|48|5.08
4004002|"edu packedu pack #2"|6|37|5.05
3004002|"edu packexporti #2"|8|26|5.01
8005009|"scholarnameless #9"|8|48|4.98
9004011|"edu packmaxi #11"|18|50|4.94
7001004|"amalgbrand #4"|7|1|4.90
8015007|"scholarmaxi #7"|18|9|4.78
6007007|"brandcorp #7"|19|13|4.74
9013009|"exportiunivamalg #9"|9|50|4.74
8009010|"maxinameless #10"|6|43|4.65
4004001|"edu packedu pack #1"|17|22|4.50
3001001|"amalgexporti #1"|17|23|4.48
7003002|"exportibrand #2"|8|29|4.40
7004009|"edu packbrand #9"|19|39|4.20
1002002|"importoamalg #2"|18|53|4.08
10011004|"amalgamalgamalg #4"|9|13|3.99
9008011|"namelessmaxi #11"|6|38|3.92
7012010|"importonameless #10"|9|0|3.90
10005014|"scholarunivamalg #14"|19|54|3.90
6001007|"amalgcorp #7"|19|51|3.72
10016003|"corpamalgamalg #3"|17|58|3.69
1002001|"importoamalg #1"|17|18|3.55
7008005|"namelessbrand #5"|17|8|3.50
1003002|"exportiamalg #2"|19|11|3.42
6009003|"maxicorp #3"|6|8|3.30
1002001|"importoamalg #1"|8|40|3.15
3002002|"importoexporti #2"|8|33|3.10
6005008|"scholarcorp #8"|19|9|2.90
5002001|"importoscholar #1"|17|37|2.86
9003005|"exportimaxi #5"|17|8|2.82
8015005|"scholarmaxi #5"|6|34|2.80
1003001|"exportiamalg #1"|17|22|2.73
8013004|"exportimaxi #4"|17|57|2.70
9015002|"scholarunivamalg #2"|17|11|2.31
10015005|"scholaramalgamalg #5"|18|18|2.29
8005006|"scholarnameless #6"|18|26|2.28
2001001|"amalgimporto #1"|19|37|1.99
4002001|"importoedu pack #1"|6|10|1.92
2004002|"edu packimporto #2"|19|36|1.89
9013011|"exportiunivamalg #11"|18|26|1.84
7001001|"amalgbrand #1"|19|55|1.77
1002002|"importoamalg #2"|17|18|1.68
2004001|"edu packimporto #1"|17|24|1.66
9014005|"edu packunivamalg #5"|17|54|1.65
7003001|"exportibrand #1"|19|8|1.54
8001004|"amalgnameless #4"|9|16|1.54
8015008|"scholarmaxi #8"|6|32|1.50
1004002|"edu packamalg #2"|6|54|1.48
7010009|"univnameless #9"|17|13|1.40
5002001|"importoscholar #1"|17|1|1.04
6011008|"amalgbrand #8"|9|50|0.96
9006011|"corpmaxi #11"|8|49|0.88
2001002|"amalgimporto #2"|17|59|0.80
9014008|"edu packunivamalg #8"|9|53|0.53
1004001|"edu packamalg #1"|17|28|0.46
8011009|"amalgmaxi #9"|17|43|0.33
1001001|"amalgamalg #1"|9|20|0.00
1002001|"importoamalg #1"|18|44|0.00
1002001|"importoamalg #1"|19|45|0.00
1002002|"importoamalg #2"|6|51|0.00
1002002|"importoamalg #2"|7|14|0.00
1002002|"importoamalg #2"|18|26|0.00
1004001|"edu packamalg #1"|9|43|0.00
1004002|"edu packamalg #2"|17|21|0.00
1004002|"edu packamalg #2"|17|18|0.00
2002001|"importoimporto #1"|8|23|0.00
2002001|"importoimporto #1"|18|5|0.00
2002001|"importoimporto #1"|19|22|0.00
2002001|"importoimporto #1"|19|50|0.00
2003001|"exportiimporto #1"|8|35|0.00
2003002|"exportiimporto #2"|17|45|0.00
2004001|"edu packimporto #1"|6|45|0.00
2004001|"edu packimporto #1"|7|20|0.00
2004001|"edu packimporto #1"|9|46|0.00
2004002|"edu packimporto #2"|9|18|0.00
2004002|"edu packimporto #2"|19|1|0.00
3002001|"importoexporti #1"|7|37|0.00
3002001|"importoexporti #1"|17|48|0.00
3002001|"importoexporti #1"|19|22|0.00
3003001|"exportiexporti #1"|17|56|0.00
3003001|"exportiexporti #1"|18|47|0.00
3004001|"edu packexporti #1"|9|34|0.00
4001002|"amalgedu pack #2"|8|37|0.00
4002001|"importoedu pack #1"|17|50|0.00
4002001|"importoedu pack #1"|17|56|0.00
4003001|"exportiedu pack #1"|19|10|0.00
4004001|"edu packedu pack #1"|8|54|0.00
4004002|"edu packedu pack #2"|9|13|0.00
5001001|"amalgscholar #1"|19|9|0.00
5001002|"amalgscholar #2"|19|57|0.00
5002002|"importoscholar #2"|9|25|0.00
5003001|"exportischolar #1"|17|35|0.00
5003002|"exportischolar #2"|7|19|0.00
5004001|"edu packscholar #1"|18|18|0.00
6003003|"exporticorp #3"|18|43|0.00
6004004|"edu packcorp #4"|17|53|0.00
6005001|"scholarcorp #1"|18|46|0.00
6005001|"scholarcorp #1"|19|9|0.00
6008002|"namelesscorp #2"|8|45|0.00
6008002|"namelesscorp #2"|8|50|0.00
6008003|"namelesscorp #3"|18|14|0.00
6008007|"namelesscorp #7"|9|21|0.00
6011001|"amalgbrand #1"|6|46|0.00
6011008|"amalgbrand #8"|18|42|0.00
6012003|"importobrand #3"|17|57|0.00
6014004|"edu packbrand #4"|8|44|0.00
6014007|"edu packbrand #7"|9|5|0.00
6015008|"scholarbrand #8"|19|9|0.00
6016001|"corpbrand #1"|19|28|0.00
6016003|"corpbrand #3"|9|5|0.00
7003001|"exportibrand #1"|18|51|0.00
7006008|"corpbrand #8"|18|59|0.00
7007010|"brandbrand #10"|19|43|0.00
7008009|"namelessbrand #9"|6|41|0.00
7012010|"importonameless #10"|19|13|0.00
7012010|"importonameless #10"|19|32|0.00
7015003|"scholarnameless #3"|8|22|0.00
7015007|"scholarnameless #7"|18|29|0.00
7016007|"corpnameless #7"|9|28|0.00
8005009|"scholarnameless #9"|9|22|0.00
8006003|"corpnameless #3"|17|44|0.00
8008007|"namelessnameless #7"|17|11|0.00
8010005|"univmaxi #5"|8|30|0.00
9002003|"importomaxi #3"|19|46|0.00
9009002|"maximaxi #2"|18|23|0.00
9012003|"importounivamalg #3"|9|43|0.00
9014008|"edu packunivamalg #8"|9|6|0.00
9015002|"scholarunivamalg #2"|17|32|0.00
9015011|"scholarunivamalg #11"|8|23|0.00
10003011|"exportiunivamalg #11"|17|20|0.00
10006008|"corpunivamalg #8"|8|37|0.00
10008002|"namelessunivamalg #2"|9|34|0.00
10008015|"namelessunivamalg #15"|17|48|0.00
10009006|"maxiunivamalg #6"|18|59|0.00
10010008|"univamalgamalg #8"|9|34|0.00
10011014|"amalgamalgamalg #14"|18|37|0.00
10012002|"importoamalgamalg #2"|7|24|0.00
10014016|"edu packamalgamalg #16"|9|16|0.00
10015001|"scholaramalgamalg #1"|19|3|0.00
10015004|"scholaramalgamalg #4"|9|46|0.00
10015010|"scholaramalgamalg #10"|17|10|0.00
10016007|"corpamalgamalg #7"|17|33|0.00
10016017|"corpamalgamalg #17"|8|0|0.00
