11976711999477703387	4
1121539111333231937	1
3473020158145397596	4
8398173283832682658	31
12248328576739450491	9
7349472985133857491	68
5899992783618071127	2
8221612826213412843	5
1209928515503468857	3
9672523239653564970	1
17946220771748535397	8
3897416556587425849	7
2177941974948560259	10
14286815655104917939	2100
15717703434134182707	1
12277717105093355971	1869
17942521449485780798	1
17998406876216521694	5
17512731193947351489	1449
15914914655219941216	179
3231571305324767729	19417
6371395264409527914	38
2426284733133320202	5
17662798080502795274	1
4207062919424141470	63122
12392007686316119786	1
9673739679629016205	5
8124818348859591390	23
16271656158582889514	7
75127652121342409	2018
15101906425999084355	77
7129858761405523891	13
5340658927287093631	77
13878539965396341519	7
14441775574560568697	14
4052147924390116970	1417997
14124808264292383080	4212
1001997748371937804	1123
1527009715660323959	1
16016130102639701721	26
5094770332973083864	37085
319526235592322475	8869
4205589697489696518	295007
15494476320090688471	426
17544796479530512714	1
12170494713828273076	79039
7876344168107512187	1
6982711343029625450	3
15664746288528348750	9
11917712803369188155	3339
15232712295469595966	2
16600226079932043479	3546
13653834799253880022	49487
4785579123964908120	1
12015412615493059946	10
4011950466067160992	1
445824770106119456	1
10634824992035589061	1
13792459122111278707	90
10159807843114183517	31690
15317062123449553510	4
10879163320945157302	46
12206920124055966937	7
4404708513722562023	6
17604234034955892712	51572
12261239746980613806	465
15238231413439953474	1
17468550546799029704	102596
5920861294555861269	4
1272828886675763469	2
9477260873924814746	1
9044182186368951183	4
12765887758370667326	2
11417600019612982976	2
14137089127906296619	17018
10362658364425471819	1908
16218983282300086	2
8618748075812497333	26650
12904268230886442838	1
7418801090476015796	3
3510765969820216439	1
3560398289063838396	226
14170264974342682106	9
5642435208022132530	74
2158022229176062091	1436647
6630024389145518431	17
4000664256126856441	435
1487210072473062454	1
17826460837864055866	3
11730937990422588315	113654
9605257022498354494	3517
15696275306072004067	25
13479578848664783693	12
7569866599305626426	36
2250031324507101280	114
10374319589228059210	282
9706565912109577712	1971
7978730896246023663	14038
17579970705981925684	5
3075482701905105334	394
6370759155062584918	1
8672321960416293823	2538
7608827042581210924	109
6901580749910972910	269
5706191226375940193	17150
18373325320143732587	2229
7152919671268534264	6016
7174275847934695817	1
16390733888314479588	1
14873876790341825506	3
5664337266526186650	3208478
13093476937477503814	1
11976235761286787910	2
4383082942296479325	166
17796765540700055912	42
5913920947543529471	2
8894239716954876371	5
10326968508659087150	7926
2118375772182700363	1
17485410154812820086	1
15952654511891741213	2
12898437241157827107	58
15378717153957818432	1
8583040100073636829	14
11666626503662110369	187
7638687473368040447	2
17654487581147697325	387568
17065165738950946234	1
17922253332929101465	1513
17280268754251642890	4112
8269291936122395533	1
18088988336294011121	2
618799111655007007	27
14400754413081827650	2
7946519696775130624	26
4202473471164770975	1
6214018559264434509	35
13339976134770816423	1
12695140808351935195	13
10912868509911248368	2
9408074635365632941	1
6060105912585142258	1
8881125570807706093	2
2964795021616147791	5
9082686874785341929	9436
5544075057574230254	5
8350571377554041638	341804
5363041216822762493	1
12842753619763412897	1
11779455174881352217	7
3696142659633658628	17150
14391975468356202900	5576
4463518276348284480	747526
9674329193299278909	29635
14934300673716396719	408543
9064971071896870302	1
3718676305133272260	36
420368205395094391	13
2070193733463182550	4
13326091195343763674	15
8891866616090780863	1
6083829118423768086	80824
5454134071823185550	7
17893605162560470411	1
12838216164481492193	4112
10505632489439387908	5
990805162275669102	52303
18001655505890366562	1
5820649839355644643	1641
2428315144929473032	89
8599858650002419397	268
15593561972251263630	1
13587011820816168603	1
17862741744939489956	19
13740172672709285591	77
243569827165486758	4700
7724603801522638679	294
17175886108547683992	1
9761873091714340568	31
7637882757369549016	14
6232483071248867257	15644
17126720272644466873	1394
8322678400358224753	0
8651925114665902570	662
13028831302046494888	7
4371401205716824525	1
8124284593885195009	1
7852625437748317484	1
13494307546322268285	3
1663175279052662796	1
5765124840108220867	1
6045100606340468805	27115
11029983503295486294	1
11298271445512627611	3385
2206498432357053302	2
16171511609674488946	45
4502366133148255429	2
135720682693697122	1
8240783273021059112	2
11960652683239178510	0
5523216894912838865	8
2137403050017614217	1
13593771675882417945	12
14637277281522909808	10
8627487509013639511	36
6343830827782873299	24
11914783830316994554	67
18346612177928718131	1
1457342611868134198	1
1721779375432203355	1441
17590768469972472710	3
15289947580214960101	0
16492298212582210902	5
17599310264924892353	1
6481834812932241372	1
6210465711199851801	387
1449441486544955040	12
16007396604065027036	333
12546743326627458991	486
9509183964620968238	1
4443615486526371393	10
3087502395291818111	6
5769397530012335885	119
8657996995918986561	1971
4130992525900582970	2
5499286662024173071	810
12184085731515914771	3385
16114465243129040658	5
4654210663046109371	156
9343808524745970994	34
2509143076969380630	83
16339051006320643922	14
3081542483636954747	2
11939401584669434818	1
15371228726021773173	14
6412005277201216041	2
16863587005230744803	6733
15006953159305916728	1
5175565728799516110	4439
6272739596840616879	13
12995161998311730128	17
1421776842202447497	1
7858534960109692362	4
2838285862855446178	557
15667896231083795883	929
6255275897912399560	24646
2427064277229407564	27
10012084989631165308	1
1990107550769722514	116
2655724995710997513	1
11011527597517466185	1
16519229273970605457	1
9782253852789725641	483
8869600855956820769	1
1483894561208899652	153
9902758276035048810	194900
12071052767516357996	2
17316966923048511952	38697
9923796701267699796	1
3759162509788405293	1
7721205637463687158	1244716
14816618654989067397	31
10175250188472076104	3767
2695425836665451451	0
11002991949189812797	73
16406907135587999682	1
930364642518461146	3
3048821290489516423	17
13741676767269836036	10
4884735700500002957	1
5896613123616399777	80
17738586852592574733	1
4842837208358625131	3417
13064912089512382357	2
1730727468233495522	3702
3935550371585721270	8
12877765779062627965	217
7272762421943885361	25
8804509296203322064	287
16461506250510811450	1
5871962127271149955	226
2223345706098055678	53
15494373458258717447	21
9967560058080826186	5
2883617505106559592	1265
10213417157814212030	105501
17928013896298840611	14
343419575188906199	20843
4443846196814092248	1660145
7384823465634896412	1
5580498236061351630	105
16499496334444982034	1
7823032665083335119	35
15209282281405875608	11
10444622944970725259	0
1651267850221000989	490
2644137902661161407	4
17971856522500149042	2818
11584054954777534263	14
3203352729858796960	7
2413143475142101630	1
5815141758443758386	31893
3426714047548802294	1
18378236267429010228	4
5417418173026288098	5
12793199420117528266	2
14316734988556418380	4923
14432018723087119189	1
5574887935586316362	391512
18304067176061499708	1
5490710313444697013	182
370116570731834077	3
10455161447723170581	1
14362686116958184570	1375
5232205457076542562	0
10066817918084975474	0
17518570927200094657	682707
11456944512007052326	170
14751849796918385524	7939
2187535276693575683	1
6112028288034791605	6641
4096754355228118763	1
8389771940157730749	1
4225867832803178165	14038
8206891334977143624	10291
12502678772266694862	1
12838469324395407301	51790
5569122358416899127	2
10089566125383763683	61
18341290813790706477	148487
2324012004301750117	20
8044885817057595650	7048
9962655132036239352	6616
17126632451557194639	1
9667423540000324697	2952
1026462509458095568	2340
11838462105740139217	1
9391355719501200583	1
17311368213105640259	1
3215965469071389003	1
6282043468397177315	1
5781047784918592305	1
13608019086313171830	5
475578871945627354	186594
10370030462818408329	744
14366034489205055790	198
15736299493488600486	5
5794451874449416505	77
10975208077429428942	67
9205332995831164232	8
12391652317930614314	337351
7479097907975809429	1
12810060504647290462	21343
16117027416639712979	763
3097206901862489340	5013
10328744019521237565	1
7570994748534943168	217
5937769448720758115	8
611107512592641934	1
5024365856650047607	14
8497471860702581455	1
12270513640382519690	3318
8015481944630349577	1
4268763485650022755	31893
16230016563510837542	1
14825479194812718001	602
8305749210098693372	53
17876595061115536300	37
13569615177749272766	2
16691413399834103436	2
3778252750806189617	9558
5836809810339256367	168
193855289393594724	2
16538454377505322702	2
953591079735185065	4
6662458734398731245	1
15836330341314513409	1
11819598309173477780	441
8022589624973062026	177923
10830961988853003533	889
9946051068342114190	1
13511636383965624302	1
6333393729813850840	2
17792214902298004037	1
234693872620120680	2
15582065062652623490	149603
18098619077448741892	1
5696276741137764901	1
16470453810485727619	2159
4025126328920468006	1017
2547740644282505856	396
5000952588184362413	2
555299832460330384	1
4260497317621559805	550
2376576483997357099	1
6529563455212305918	2
4803992403576523411	1264
18430214525544815629	969
15836174122821472372	747526
862090490968143800	1
14054695781189669562	1
14228334878521792252	67
5887823232844225977	1
10071443366668535742	131
14645647862191042664	17692
12241673406674031003	2
832904491140060505	58
4291343300859605126	1
9581108301922961895	1
5749174896403076471	23
10511123596214013958	131110
2704707289508894246	1
12319304374879501468	1
6931669476387121568	567
6841005717705929455	481547
5530736320131958556	352
7767547847557978870	3468
1749649957827627695	13
15255984460971754268	1
279287539212299426	1
6429410501289772974	99
7185055453254408123	956839
16826005042651119295	1
14281040744147727967	1
14401092406727998123	7
17732175685679667197	3
6406643788561804722	395
11621880645438653373	1
8862003884573985099	73
9927270872441923912	1
17782831661620304289	2
12364822125125117864	1
15682167215947641968	0
7874128833825101797	1
4435578895435340991	6
221067938493238320	8
10898273059241222199	229
15333694881124276148	1
6140527581731010697	3
2902390634467979382	9612
13981209032870340789	1
10817358088621473082	1
11540853540229267312	108967
13530774970084145072	1
11988492274823173146	4
14637058897425091108	649
8012473202044473434	12
6165178575931538837	5385
240927755197955605	929
16346799140455942342	204
8753762316516400368	46
10680284028990762459	254
13073291411581897475	564
9406349960112001772	2
9824222372422383516	1
4194422360872420749	5
5865322705802521401	1
9693428279498496354	5385
411849165096971296	7
1745626377232688043	41
17566985022183478870	10
2261567654098876774	5
15848400056070766670	182
40458473305445340	1
3694454302509018551	1
5284850450249783258	10679
3849147609035033700	1
8494732808275646535	9
11261329963312623325	35557
17581336129713674435	33037
9614014872531781223	1
10219681005000232392	991
4767780200411643155	1273
10097883859830272095	1
3089670999845144329	1401
3495856252046436944	9
1634330402685550335	2
16988890227963611247	70
949955940029019504	1
17189239956150650240	1
3075477835962360547	1
8488701246768415550	2
17670327637129065688	2
8765696941595009560	9526
16214611661004337993	1
14143526344108137179	4
3571072616406943177	1337088
5464582635757949656	109
17415869731880377087	30413
3581087860225767649	1
18245274772133522825	42
18257464581557428770	6685
17832828317705720215	227167
14460092000872912297	4
17266902456197404319	211
8971864514606753098	1
12277934518201681129	250
2483026509522014919	350
10215933240322223464	1
14141075576087299040	149
780469164294166529	15
16352794157334617832	58
15324621386759865966	561937
15631898745811776334	1334
12302663284779774757	1
13831683841473501967	1
4048953662947729655	6
16383385744944262458	1
11738362509008619221	4
14515778384609023876	10
17311727649482144125	744
15167172502949236565	72
3668671958850388604	2742
8596842772424426031	4
8115509236747003879	7
1271337341142018378	1
17261068427381928449	3
16261144506827295615	184
11596917080863238010	17
11863640509200711756	26
5716245966497851873	394
11082732732903067131	25
135328967446363440	6079
9778414727530083443	1
2073899026930587201	1494
5472672993373584881	37489
5327005943529795398	16
10998699988836714204	1
12687306384213422446	2
16636897940463839829	1
13515688524756651368	422
11055235179204965324	47
4810550675267011814	206044
8392928894373509736	1
1640556595462591445	1
10734415482122849169	6806
11722459144888229085	20
9310887759070225075	1
13989390797347056493	2
12713402281774953446	37
15112837703008860025	15
7543099827158425514	69063
9187318836209302433	13
9299674094591819496	11796
4285177321637693409	33037
9054662499757241815	4
14200836907200005557	1
1081653465564694561	2607
11199979021641518792	149603
17765991934867960576	11759
17150091224526996076	3
11587915438466083978	1122
17982649872933807373	7
2186309941982757710	668
7838969660748748599	11
8430903662131363122	10
13795615528473305090	3864
18297036672938052661	738501
6719381687037375392	10
408146677007912013	1
16262005108087337105	1
4489296184950408404	1
4251676933616378690	7
17757539981712584453	1
13115913025769941075	1
17824991320658152191	5
5593018888604136689	6
5646910416624896040	46
260750141256832801	56
9149161817803516669	1642
17235479126241180557	3
1589077557662590158	20186
17537733327062960144	4112
2897258561537760325	1
975600726806704527	81
12179671661763644724	1158
7694100418068040050	2
13330081451512180633	106
5883342267193419087	2383
2196945359145614677	1
16275107156771716490	233786
7639429772028927703	2
17214293880632643942	4524
6709596382564913212	1
15422562683961731214	11054
12563323349293024201	7048
14450649678800090199	273751
9532249663908252440	3
15339960486276959900	11
7794980157135833422	8
6088998752483039421	41817
13599545771886517270	596250
6899639618536960288	29
3302094434738995340	10
18326021511196434164	1
10006922030821959850	1
4305596283595881693	15
6159540127889914016	1
3661121163649848254	2
7462450497995041833	706674
18435713522406871087	146
17789660802939873971	56
5532364498502196772	1
12811456266982618659	53468
12907634882566078158	225
4700462251059465057	3
772522063355060059	18183
14683910481924981573	1
14092894118885930288	1
12164987945414320022	3
11699586170314374841	5
7499525778324567486	2
441405597182648280	12951
17164058574097103502	23199
11688842149450139270	320
2744234031824854919	2154
6747958747487167538	6
16294655746955683299	24323
12645037944221144005	919
18322422707726364040	1
194738409431455646	1
605002411499279966	2
17358217897350134425	13249
2711320947570420235	1
3409362286099087213	20
15659982546838933513	6
16750745195272892707	187
221936928363318685	1
12655934292213348899	8
12592591930047436897	3866
17836974911131011445	1
11258161494794655139	19
10809429815847267567	138082
14489791409617244442	29997
17598879966080015264	480
8066576475250294917	2
9737116357891194665	358
16903395553109633900	1265
13734675214849045558	1
4794224184978992696	1513
13530217849038433686	6779
2407058604122616506	200
4464291727884484799	234997
13881517935670620366	2
10228615172501219421	1
9421988962627990781	47
2627373133223997906	3
13022686165800770716	3
17057462555374707980	2
14523578913602312973	30
10911182143808422038	2423
9740772440705091275	149735
10096138438307317065	2
7463791086830116329	68
5040075941422118141	3
4157567258599985734	223
12945186581055840181	10114
17034756901230151791	1
7374505766805462521	544
11704488163426355094	0
18191436085243403055	8
8371772149111258801	35577
7744343532111397567	2
7477134779718591301	1
6849933776553682167	5560
12647752357419659621	385
16377493652513046230	3845
2750032830934260972	168
9011225051349963786	561937
1058672131763152306	12
10024399451853644679	929
6876325715635280955	24383
8219269650260228277	152
4474987459914331796	1
4549044702766320681	23
16795772019980464834	1
15653596265882599889	2
11795917958907662061	31510
5287126122256676275	3
9680504163566628258	731095
7408754829038780008	1
3442265555911487871	3845
7973527257152919953	9086
8373053897947723546	3
595141712883003268	1
6639662769371018839	18
6612265241612582432	1
4273519482675134444	1
15384515635468094313	7
3134781070705755989	3
12335062221640519835	16851
15445477439967348811	313
11665487624130490429	5
1164727740719020966	37
8976869304728738100	1
7265264690158328516	396
9817234132094009394	23199
786646781882617111	2
8518218205756016240	1
6231800248288937957	6
9716915491717865970	3
17518615516973188775	428204
5707543759588215166	6
16299975766885705925	1
1745061068885345260	24646
2175433654347414159	5560
11755345281473469876	15
14603051839740685700	3
2568112625566632011	15
580088964162279706	703
1508282303508113549	247
2628117207794147477	6813
17499859872366693482	412712
11203428546123847123	1
1952843443712431332	176
9648208066131697377	4
17177652321991667838	80901
14370923200364334550	1
16500325095139423483	37
15052055218592114710	1
7318871631883610214	25024
52690610541303751	1
9956474454496181515	8
8055967334647350710	81153
16881500491870668529	6
14064546317085980964	6036
6738695404457032485	38
5140328797042183762	1
4650302480813566925	1
2660229543761137162	9
12463166795496310945	1
6633266623975709233	17
7659159746241838529	22405
7260699106149651880	3
15517664246431523034	25
8575233855945947228	11
5826828086055453405	24307
14785759253042821465	3
1648451311077523891	1
5509401086492853537	21
4016156236145594446	282
17862115115435892049	3
17854293847226946047	3
9274599697861312533	281
11899260734756183117	166
463769761256944426	4
17152793007828218234	1
2008558162037779390	2
17068718559440470195	1
12552187833525783519	7
4901554036552796216	1
15811540643739501946	1
2365219346296655553	1
2413474844591798407	17
8333363865595572214	47
6671496076705434259	6
7304418158457181173	314
16345975065637609897	1147
10323102214086836606	24
8201471874867020891	1
9598112591576136798	33
3737486248817189865	47
4522415599235983922	54615
4510082022217268832	1
15273951224224364133	765
6930345245109709402	134258
18153513900323505362	16514
9960048847399035380	156
10662822516657365164	813250
488665178604949948	732
12582095757650123152	1
3189457876248939033	4
16093998924568612152	423
7490267566357197382	1722
14323364634381184675	44411
7096539003423115360	43
11175007892326678468	51572
4603885834621183891	2
13821922817506494214	38
9883800863495800742	1783
16521995967672024570	10361
5911558007226176718	1
2395968722857805275	6
5255284233956773219	1
13524344316926869935	38
5233232436290633775	40
5503579652648424228	12
15006157034154426195	24245
15178462567323134912	3
7871360268882746594	1
4877686806112954401	1946
10303646657442672674	35
16179227131863511521	14852
16396599367693455119	4
2390205278123700191	1
3876925975892097275	1
681839578918404654	24646
10610466632839239125	200
2481843213645611013	1
14477346484328037999	3513
12455469109573253532	0
10718816142301878959	1
1932875627282682297	39
8089897922422302215	1
7274717859130750456	289
8955092412704720375	17602
7858893648289883100	43
17683586634894568538	1
12878280949513592495	11
1585548642431307072	14
1306258619034962283	1012517
2070331838140406193	4287481
9650663040730799329	3
8758946672470986968	1
10946507167948893000	38
15711680405019001626	2
8507039218286552473	229
16249365965206079358	114
8081056266453308746	1
17034254991370298977	9
16209717885535305874	1
13093792559472678503	2
7057746941679038839	12
2426269267310533142	3849
17000569864751836268	276166
5264394033024806839	44
9427198664363607132	31
204938626005575834	229
9282298448413559342	38
4561486909460610944	1
5280222607067397826	1
17178101054513720400	33037
5319083926391189803	17602
17765655875123789296	389
18111231348211289840	6
6327777938997472503	682707
9492193602869541027	3
1986361000442483739	4
15080622794529109988	5
12042536504050228593	3
6121031747219508040	114
18405036239795172984	5
9032974384735642577	4495
15455915942754531804	90
7079160293742139105	1
4280962183789797393	2
7542285757275023203	1
9848844505135893255	2
6699201538933595486	4
15941813222468307827	677
14432308939099896477	56
8312835915544198654	11
6419715466407167481	11918
9115752988926231493	3
3286327868641028833	17012
7532253427815057169	168
2849540612851775525	75493
2285856340228598313	2
12615479569201929617	23
15166067377692268391	1
3755264748856528308	12
9519736702060158413	1
5835399442962976485	1
3992738253799284641	2546
8838906957401942725	1869
2591293272042528992	2
2799337154726329046	621
14798556689526474819	4
67349895051701087	9526
16587586961214164706	148487
2558920706413349755	156
730299384758948346	2427
9154760094826923405	3
15522145922626838728	5
10659790823104750591	32831
16510057584716737555	71077
9863493687989216978	11
10308646829324802110	2
447311870178409434	141
1783063705570121784	287
6617574336423422821	1
3916193040476458455	339773
4164473146318413352	311
14962317631399694415	32586
8659808969507048600	9
16356815111691246279	10
8286498565020316406	5
15727663588868769434	46
10813079528081620684	1
4301797620718676379	47
14375616721014219584	8
2910590860986769973	4
15811418469753375026	25
9282197655220946247	15799
16885704107419833835	6
7232452778006363982	1
9728516292717494053	12
2849570636107828885	1
4380066012618896994	32140
12055837630935446162	5
7858755083743871294	3
4675005333497507550	3532
17899909241891663683	140577
16072218135764828228	270
979916654744847920	2534
1185152325686809570	1
466302785782389509	7027
17573085752099413701	1
10933588088249280234	3
12603266784229256805	37085
6302500061059758893	0
514515006246791385	2
3523329376391947072	2441
10218307358863506727	3
8619966040406399658	1
5057229429172947989	602
13729761060816430054	2
3111316739428785556	1
17255256768249738719	2999759
11348419079068686219	273751
13347714885601879167	34
5535864603828955890	44
4909374239148623689	1642
9048963459096827539	694
6002699516993782960	454222
10502624971858895153	450936
13751722001414279380	19
5520369339043521172	1
3525698695438151309	1
16733035652891747314	402948
9505494936214248549	4496
10213869843685103908	1992
8275557583454227285	300270
2069435230999208143	35
16247953876703355790	694
1939883820009852672	30
12013714003299572172	1
13212614102006617070	9086
10977959595854040664	1
10981067347922932188	301
12928252367070564156	1
9107378104203286461	320
872229570269679373	156
5163758005400683700	1
9987117410745180165	3
8531840214298965612	21
208173190959044795	2
14111896481939323236	703
11275629531146030209	2759
16085187927902195387	15
5878677570203086568	595
638044002291601603	3
18308959317986467459	3080
10815352433108683632	37
5971227099378954209	3469
1516541237131014746	528
4434995360598878524	2527
5277488259829358368	1
5712590843462733117	2
2442434105589921499	76
9781297462653421266	13353
17229088580063993781	3
13202782539817453240	1
6907810538424643113	4
17918774393031097323	41
6410584765357100428	4495
4152641633556644666	3813
13010511384044981283	1086146
4127418278398156572	3
13734554775998428311	27133
6220607943451716467	1
11047682624809217137	42
566950762069827691	40
17255222010190830542	79867
8948069199025346819	1
14472572748391401043	2315
1702709091919397761	2
13017965882733725688	2
466088990211222649	1
14852787748854316577	1
12190070873273887256	2
11834067374805619355	95
2053784374515012063	3
9725448484926930045	1
9276150067989132464	211
17495632394439087324	1
12754136139499444015	30
1484423811013719903	3
9597800839762212809	1
8765585191446085447	5
4875643947818734593	913
7876275128927500693	1
6210024179178871883	2
490143204334551415	1
8444987495381453231	53
14410384737955426706	1
3716513884974935575	63
18265260558172453227	1448
9956781572256658269	1
11710312008514747982	3
1369805219416196335	22
6018688078146904286	16
15979825877192257125	695
16159824941469122620	67
14074556409923324290	50068
11693864829404144570	10
17618256706895750834	445
11401937117349441336	309
17942476041820247894	2
5530465572814869007	3576
15697694937912111815	1
11235332819728978074	18
6560604680620523479	616562
2971840169922656479	6719
6955416822110218577	1
15405919205101771207	1
124655354160212608	1
9645586611314528410	184
9882617897788325714	2
17977931577272277228	366
4388739105789847253	1
4329490849744038606	100
17151943151580500658	198519
8231774882497987070	73
2766710721209546553	158353
9682308801667822152	738501
6882386172005974762	394
2445568594313616458	5
1813258275016307867	3866
2705867084466780599	1
18101564500902681255	18408
7013615805053136894	9
9666119470041229803	3
7270882229786294189	5
11769641784707103918	3
15119386675382757265	1380011
2282215156102021138	16514
4890834594360348072	1629
16443648173626902692	4
14441549097134484328	1
1319109969980140721	4112
18416614540522202626	1
5823322154415441800	2
3100886989992424878	2524
8291864596300213947	5
6472014920755262602	2
9130657792070980174	211
7628943764204757095	3080
4898495068252403501	450
14351305787546909141	1417997
17654709634196562982	453
3198974143373772202	1
13159547337541507029	19
14168808689091284209	1630
11210177669910630570	1
12376870922037699867	3
4634390021271969568	394
1749300141407214646	131
8432271285951640224	61104
14360382559431787995	1
2881700241788678028	225
10608933230387341856	223
8311089217136272238	1
16051688256060137107	278
10562639293029110930	15411
12936785819711054160	1137
4650856404740891694	1
14245310643725466139	631
14943523574683135549	1
7795725253749108294	2444
3951100467394692600	1
214140499982986358	166
5255692221885009832	4
3756662912391974870	309
16111192130444362988	631
7980161046864302550	3
13228554392947021091	1
2004556093974250178	118
17736552883653399933	12
2757882565820218617	98824
18106239069950359045	2
13994729954092375809	166
15174427222530865776	5
1470403161161159844	1
3196093076918646829	9296
1537358655777643782	5560
9965097682751631275	1312
5027848887099541680	31
5544142831953430219	146
7548005395023053137	1
5901474751681214156	1650
4454195988400037321	2
7129093498094731983	40111
9641022121158464292	3860
15582588448876653897	3
177375714255662765	10
10071811179171955377	5829
12489465499701533410	2
12131863114488655999	1
13028770761553271548	280
13096438902719402156	109
8396209752365487453	9
7810807527948617423	561937
3644758439146665572	217
2140003226348574492	4495
9656977931297505712	394
17516909556662051109	8291
13758863178414425945	9526
7447262989714265316	19
11758129186016412072	34
17090869122189198815	1
7207838482739070406	153
2215434549205078558	1
3082374989719639782	762
5031385679459409509	1
9208444429469752958	1
17629969924040829546	1
16909312022745306618	13
1207388061489106008	1
4774052424722723872	8869
16938305610248593853	334
10859029367220383581	3
3774699781936598267	301179
1604552892626326287	1
8328451527495177469	3602
17850409593163522610	4
15329865494016836578	12
11945445439939346374	1
814795328931938167	243
3201307774204448831	1
1603328265154746788	31
13642939602360710886	762
16443288649688232	540
10444284552428851367	81234
8171941810812189112	3255
11396080359023012365	13
2510125636703644356	9
5564329692546936893	1
15230016059472225763	71294
371586498996472922	1
11448544596072470823	1
5701210298704285877	2
9239707391752394100	88
14454816745934568394	600
10137475824317143533	320
9364282721165756061	1
17728916409328277608	0
394591469078942203	631
10343844337404627176	673
5710742548063134882	584444
12165810514280041401	22
4727764195954757126	1123
15671896781835064143	1
6856474338851148000	345
5182528241717540804	3849
18348271923391149533	15
3775121443682677191	2
16286572426259740989	5
9718045110975141127	350
17555552180773783086	50
5727536917469390387	0
12967718741912835218	571710
903848217941092168	1
13137298923029384533	5
2560327378924013676	119
3910353413109571366	1
1052430752636826190	58
12516131028924540646	10
18363343833648553644	87695
14342242979373224870	1
13326098369335146935	294635
16959497026884886300	1
6394843997721935528	2077
9920454602047838941	29
11976804824929379941	2
8392147718667868648	5
7085420894312854930	1012501
6242089979000940978	5
1659710425093581156	1
12785317068404968107	2607
7675763032244751691	16
14216522645046504035	41
12578653478952236147	1
17836293062078590155	536896
10424078336069534045	483
1061699752140224709	18
11044690575803036772	37
67936822267504428	28056
17447919388074317560	342381
4801924803970708219	20037
17316117803679472517	2
17725787242023563800	12
8518110780132122064	1
12760877418391712105	1
10738521703619825796	63332
11636984953539784170	11742
3269553619980506157	1244716
12653228181974018555	59883
12207237583311497670	2
13557727294589768235	9526
3460171906302775184	2
14625514850259456731	2742
16568189984291692316	131110
6623307848129348502	175
5319783357148604723	301
431912603720876051	4523869
6911282538542727270	1
16089577813880400680	370933
8344226065389197276	1
5526927292689140407	4496
1128762213827737500	24245
4699515089389952832	1
10117659812935808622	296
14717578153915622060	1
758464162114629687	5186
11655883487549289089	4173
12323176747283190145	73
9862140685487446107	1
14415461225789749627	5
2985066035439583369	193
7733275531845000406	200535
5926480148218370295	158353
3852310208483109456	3001905
320127006986881656	1138
12558205557827864757	3
12977006092240258344	37
14421726715418595604	5
16390112152723805148	48
7803392503246329302	9853
14502842544213174615	239
16659877515995652409	1
6584197026818909887	1
3498160322243405992	10
1315419114252073696	1
17411048506373514235	11
5270324193750378075	5
3151645018787228097	1
6833015425044451700	8
14296553770349348870	3
12946099120383412502	1
17907502692790946827	2609
4720495480066760489	1
2644230926217864021	3420
15682139686822284395	78
7236253707335403793	19140
5429210421909820496	1766
8889623537874890452	2441
397974444438151800	8424
8182462867533471906	3
2003850513149584921	332220
5358378017274585674	4529
4793520235804557653	1432
17437385029510376285	1470
6519570342908168311	282
4956180957299545575	1386840
2672102948103144762	3
2687570024500225678	6941
589415484792222111	1
11949823324659167080	276
2433902035284987050	89
17940639922500474496	1869
527450684318125720	39414
13358480234480895807	1
11835172269575996588	564
16134984683877445456	1
9887042805592106656	14114
385913075360545651	1
11148934605054591096	182
10104452961943025972	390
10176953333405820909	0
16534522090075532726	5
11072166775609294729	329734
16112459561308516229	540
3153519123946810208	459925
3833965974212191094	28996
9576310716515942147	17150
1413478167984345214	2
11109084991967426100	9
2755449533150431355	156
5844612858707945644	37
2158753759780119324	2
8480984824518955234	1
13343839341347096167	2
12007482413778235345	1
13853148282425611865	1381132
6199074427774498372	6
7325190642449760880	5
2798525864312926083	1
2218823587868618430	0
18032593361561415932	268
16944673407799953415	1
13233894841084423837	1
18344218199183530223	1
15126978865068503133	268
13883004537425323676	266
17888162783166117898	2
11641942829983722726	14356
16088038754094680313	2
14950729672873515327	975229
5927250137121974267	1
14771466115674783890	1
18215640034437088792	9121411
16120314216498117345	3
12592827089200719760	1
7418825917990217034	12114
626544715918944662	923
423100478527914624	9086
3561267345441739886	30
9274132700897947796	1098
14258803173940420217	13
11317005071700359222	1
13539807735884217489	2585
16663498264544293738	694
4428963653366485846	55
8846629940199949191	35
13595338352310383793	311
15469484811479458586	4
924843434455100529	975229
3507655642440804716	158218
11142623891672315486	13
8456214858923952606	3082
9436386778104793895	1
11948350198646040878	132
11124101051431845464	25874
8728926412840962024	1576
1191296154077037989	1
7070086638427772851	3
6150797052464397959	5
16879429897312136852	105
4404192613181364234	2
15503001930577461383	1102
4612524605408343815	230
5851878291085618998	116
11974212395573607093	118594
16492287494845427597	1
866914126763851726	131
15105351077211579330	2
12416385107099150960	7271
4206002553765391306	22
10679986165768835484	3
3570247219430416980	1
7262787044440041987	1
6553520929519304818	4
11573575520050620363	152
4768035619449322706	1
13615014973312776597	17
521855669290053522	649
16689371510913879800	1
17997313054620337869	33037
14432040984888540531	23
12130255259857892123	11796
4967705536268166765	53
15090223222324978465	177923
2861169528048260138	1
6767863650604799715	311
5477298851809373974	39
3845534063493017886	11
811753879745999939	1
14566531526750482205	1
14767541542165227425	62
16983472413982846056	10
1988848551986795757	3
14808546106679525974	1
5882971311109963951	40
17316136858420198988	919
3301807347549191914	583
5717748338180727109	223
13245871310639017975	1050
13928173305462073027	1
14720367482747569771	3080
2686226019488942680	3
17910297024294539930	13
6089995230133924871	1
13763225774202346049	3
11782630921873151858	1
17102581092157179865	36
13680915086304698718	2
11867968143750588665	1
12804487992152958887	1
5697838819509183260	0
9863243527270480419	1
16597556591500753956	2
9475365342003016456	19846
1718889514736910831	164
2797565407448874538	1
4954033387368436478	24
11051981200114433279	2
16445567705050459806	13
3499092261114531020	5
605092926517166466	14
12366299164967086517	1
10130569172435376095	1512
538140078061079614	1
7532339722592368203	6
16010838684846482319	1
17347616363683662061	3065
2258182592357988868	2699
8317057861498880192	1
14670249994985870144	8
12856314197783447260	46
14926341429839524714	0
14853274768680526986	487
15632143069854997072	1
45021696623266533	19
14728518584578795349	3
14497531324047630398	176
15274675284346398429	2767
818434587000509512	1
8448825857114874584	9718
5266299783185497549	1
5024873941830924467	67
10360436630435123705	2
453789514009966641	294
9748396693747995418	10
158993589103901324	4
6362247579571645326	68
10123902727723999765	8568465
17511666951088257555	1
7079105090196466431	34892
17901687538767450131	236
17906913628775055497	4
13371700810599047367	138276
3947095036577978269	10
13831628159174986297	200
12696513518031449491	18
7377551864276608534	15
12667981205753226286	2
1406603980807113822	3051
11319800180533316449	1
14548369415738745582	13
7605964793039663329	2
11429134665264284994	5
16646928511282235056	2
3833766685911868208	8
385643221645600541	1
1607264658393880337	1
9377192428021887773	1632
17730817260250056873	18
16328925260967504786	14
14390715009500512207	228
9093529367236259901	1
15026501458077074762	1
354867437861639078	282
12897071993264439822	6543
7150864050280195232	14
8487732187222328377	5949
8966076850472445319	13
16182397581953739995	2
1208048579252250446	2422
11632005449690281939	0
18331262547320172289	167
8908242446588659101	1
4919655725250343876	4
729873028720495149	1354883
10758290358917724819	1
4128688587291507364	1
6234126605470016330	68
4120734213828341168	3
6390806714168639148	4700
2135912844402989988	424
5138242571635852465	14
8007603242511442399	11
1971394655625294944	1
12888772999644712728	131
7693674938811958785	1
15703724454609709592	6779
11426704098581791818	3
3310724317044085647	17
16233087112826250109	1
7149163344871109973	5560
12120991017668786911	38
6661298423455790532	14845369
14940822231337305870	1
5912001621177209798	17
4004857235007235107	5
8670264885596945536	55
12321417230545109373	113654
8051666373490868885	2
3905513902811813933	47228
9861105695147432753	6
9043726019444141858	3860
9905575073672935107	15488
17368192231649805413	529
15953537418425370358	3658
3398766896831507000	762
2816760283722887962	34
3332440894041852138	6
16227175287778892913	292546
7030250466797620283	1
18176154693496922486	203652
18057769624537975328	29
4670594706430691082	233786
14888540385341101445	1
4483722460496174177	61
801314326305020124	1078
13942896956470587171	16486
3718677508181899798	344
12389022965183919959	319
815961070112586677	1586
16480431324154880818	1
5122848592141668277	85095
18024001801057085546	14
10817019000924727531	396
8460504116493948320	1
2183055741773722261	969
1791912510390602069	6557
7922227456791745927	15
9786776133466753136	1
9526372435828059336	1
4321719269709431386	1
13955994064640052901	28
3766264489824066992	46
15375237790655515217	1
5160498988902092795	1755
8559935997073180456	2
7249008343260509347	79
3977346906400112780	1
8473183629120226315	17
6576887731079737300	6
16888705773870697470	2235
1833806468157126420	673
484829535014611419	1479
16091096238928834175	1
2255854980766333145	1
12636574715076991520	2
5158730488867014009	1
2785663197572849779	6654
10275488948436664450	2
17568727520905180622	31800
11198000270776732502	2
3819233224281926163	1735
17887870704190023465	13
3547666418762775717	153
11781755033771132242	1
12152595273718686256	49487
6074343518467034872	1
7034432493237521626	9
11434945571607556043	6
6676891110400314085	948
931818241179334070	2699
7752686636863124686	13
12037161255234485490	152
17183360172236588808	3
4869219367427314350	222685
12137664776176443866	8
4600349579498560112	16
683146459070063721	9
265756219388755307	986
13710214179788292087	68
2607611129861470237	32
17183178163099640562	153
5591855741162146942	1
17884322285210979991	3
3177122386345468919	59289
7283715677367246035	23638
16563896876468566864	389
1485411833635887734	1
8188352192281631213	218
12535092781790524127	1
10473199232165434262	1
14244971000340880967	51
13233671117784186489	1
10799748152384315554	2
18413276691625021383	21296
3537810084403270746	3
7737403509449094792	3051
18313228889092746264	1
2280185456745745022	454230
12779214210749935526	68
13865490545067740462	0
14990166886575856237	4
17621388621542530336	1
16812047511581950217	29
4988371910141663020	0
5353498735470960097	310803
17133141311377287658	262
11468998932750765925	15
1721127969580366855	1
15910345689061536386	4
15321655811526603598	21
1148531892874275063	14038
4980312989787702076	67
4517339045396322590	1
16534239424503518017	1
17028317753392522086	184
3886292155056419822	20
14817002398825286333	1881
364265709704557439	12
17445982023744211731	1
16426741195308037077	3602
601426944869711257	2
3693156338049217692	33
5006413458538367471	2
13639106540108872663	465
1797273825163715411	698
16178299815358669820	268
8087036303907942519	412712
14891229589952341097	179
18004337213212812858	1
16785466479609176700	3
10008413847005348048	698530
10842320030404974340	1449
6430787104157178444	2
16668946095766665481	11
9843688276702555588	1
7838517688596245413	2
10887327753536170487	1
16820541244592141555	92
5868829975278784681	1
5356108483022458438	1
4908189944479780616	18
8828759226190666693	78
17462745190869759742	2
775896007829273097	38
3488378518395979740	18
5566381102135754871	9701
4288625807960059873	1
16355938536881531427	0
5601953731480049565	2
17526150472595680113	1
3742744168196636577	11
12644151780373692722	296
12461842536024441485	162
5192049991117881611	2
8177562737605027454	1
15022139548566222979	1
14400648523497232667	2
3339472745143528548	27133
13333561717737961645	422570
13911752391119933912	3
5101199186662327053	1
279520911762804326	5186
1442434620492045163	24233
4524462329158608098	3
5551686275323912181	224
15641659989722750698	2602
9181112099905707044	1
2106997028461245386	1966
9675015422165660171	25
9410078568881408269	1
14932781307858867219	358
4401595173509232147	1
8613912820256624972	3
7064837148216132557	7985
1515196874322088719	690
16735453745473442919	169
5680169153110759855	51
6531235542544090334	478
14579348074302545276	1
11591196607668023458	4589
12054642789059700061	3486
14035740698907066790	55222
8769706835882510854	6
13861024667517247352	2744
10104277306638078943	108967
15435500430917859395	3
16977701050674143675	1
15048161886776307395	33037
504524879552478959	1992
9089819967238937587	81153
11478291277736154555	1
2909465331475356609	1
5934188800587805819	17602
9542325887510163357	0
6896078255684116488	67445
11220788190559816677	77
15467325646108561776	1
10572722737574607214	6
1982880681741970144	1424
16453671389369536188	1687
17534084624948525147	2
12446745741385143193	12
1057611171616539432	120
13625152000047510387	48
2792050171335358393	11
5298320973062654123	2
3247353152096989622	10292
6122244961758403420	31893
1444088700007429853	0
15623753131974565322	1
9863945741392990240	1
11824507198458972518	21
621705282352000935	31
12237382548487610004	1
559110919998501889	10
16176856107926546444	256
18303363205303235224	14
16598748447491855380	8
17484034987144671904	3
5885863058964188326	17018
17003872136855970309	48897
11559238268078824985	71
10636487547081466603	1971
11270808137982984460	1
17672396823790949465	728829
14214892362392776133	3770
14839838724586221068	2
17760037088867701732	1
6156241808286831096	316144
11918376425654970358	13
8071933359792882871	892998
15206319983083714192	1
5366048874362167128	1
8717395093259900884	156141
13360075528228602352	184
10026455205589959272	38
16218149922989715193	0
15698845133760012527	1077
7287314583825582049	308
15326036126250199103	3342
13432085507532896401	10326
1558733279637494463	4
11359342247049414598	1
10574669985798297880	2
9396758147091113149	1
13419686583992154864	976
10110986385389816743	1
10681621788839250115	1
7197678939414374868	1
12195426109479132590	1
7325509574098184831	714
14076491385640722487	561937
3008451454956551928	262
568190754162805448	1
12077803611589824127	22
1922879319894540641	15685
8621445765809033202	1
13791011473919228976	1728
14560964945246273413	1
9081966422953928025	1
16355441671485465964	156141
15752095417960929369	1
17910542438212628627	37
12794365666366655662	1
14968311385706566892	6
10541698415927881548	3
9084236611292435441	71077
3988302347934188413	20
15405203629228568027	5
11696196742421654061	31893
6443346100731081695	4
18001862247794401404	106
725244161001670078	2
4786267132155997593	22
11315453700868267131	2
979978641239521503	1122
17196726035780924264	138276
5568617495073967668	0
4482353115877533545	271
10671629103841197391	1
3406666880400273898	163
8088590533944049325	2
13749405491315837242	61104
8027041572539608682	1
7340991354135752329	4916
17175603726722360815	1
1331167430712287083	118594
11099105552818612075	1
1020146481670527073	686875
18319994999739997356	77
5466478882761198693	9
11786032583703254182	349
16315396102402667448	1
12320137103387876930	420
4899416460698791578	2
5044789427979028109	1
18206912624662485639	1
6889187879067851371	1
3008166145394244101	61
12978343841246461239	131
2294283424154595994	32
13887518937870150009	1
8040128334458252587	535658
9595020443535861924	1
7902072943014433499	1
9059678656574630635	5949
1522846208274882030	1
5163065512241496039	434
9427310024477853017	2
15368737792566798519	3
16210151800337042139	0
12175906426802066363	734523
10719159740446618791	13249
14647181875088227323	3
17503421646383929597	1
17708078701679499390	1
10078543038189779201	1557
5838100678351502992	10
15867642560109469644	6
10913989002543649015	13
781345293962819977	13
9839991977234567218	540
4500319761418408905	7
10225887695542517896	3
10422738515469483664	15
1234010261880475219	22186
17910261724108716686	1
1907913754398917215	2
14684075219801842001	1
105366795532317651	143
15917955147795431372	10
3465113143113925485	1
17198662160023338309	209
11067359370231025331	1
696726411075116983	1
1509617790414345144	740
927706180829156268	1557
17778375060725216832	35548
10418331077377258764	1
4213287253333693391	188971
13804759775994018968	1
12254293505559747913	217
10486665758653345106	3
6977315529713990800	5
13600391397493689189	879
11390674865380396573	1012641
988995612459812351	14
17157612052391174451	36
4904536927276802829	1
16663106368496240118	1
10321259788512359184	2274
10666628663519128451	24245
15003256508299179535	4
9207274769913492099	6779
16655472129189219756	1
424064093323255470	145330
17228790053861053589	17
16070397416868834087	1265
12884107220325222024	10326
6290442803312689020	3
3574524928665914985	2
13391229246301605525	200
16853996056539278680	2
10151096841419432545	1123
17977770599937072433	410
17465910828798191488	564
5174015695897930343	1
14760353834307888607	387568
13850050654170234740	50
4297043996852725103	4
3334699032126443040	176
10500470145902137135	15
11472831193991691777	268
7442524086837996110	2
991928196381030455	1533909
168459891367839109	12
5540426764760905700	1
14769911272164392341	17692
7205157904062318349	8
10413958596357020801	1411
13208968126280350813	414
7177527694538405647	1
11424866068713097009	131
16976828509667708954	1
4892998613965829423	10
10454159131440946515	9
13765928705980533627	1
4766143457951048535	156
13271603933122418525	19
14650252716244610751	1
12199980808315406148	1
14081749819765018745	437
2083782994232596134	3
1973805059089756350	135
18199049351541159526	2
1449822645852555064	22
7239610071036960106	499
2501706411500010852	2
17693100703783349689	12606
17148627302147293195	106
2095739406295618115	1
3022516129228443832	211
16924052471274601856	6
13572058731136932080	1
6921869403498237764	15
9361293187017396502	1153798
3141582365236391575	1
9178227431146766811	3
14275580451762102798	216
17763894720993354231	121862
4408809434124678264	243
10045979886216747079	34
7965361114698590023	540
6686688542236564568	2
7635593294961053813	1
12476708304782055910	47709
17476686244308139695	7
6797118612039990987	4
547885943707202508	168
12128311841329547709	1
1353378591721567378	1
16517771697086833973	2
7321596936441830787	1
6086033707773834943	4
9776290721235514404	540
5685494783420908151	0
7767044344725969458	6
4866625188482902323	77
17639886137327025489	6989
2897780604822363097	1
16465114133889608728	8
16951971385325538833	39
7311971326457704704	19
566829891897007015	4815
3781523677122709845	6
1477535547635482423	0
1549886649017117734	48
101815692943078505	187
3930769853161887863	31800
14587621746033902329	9
3993132296259427740	5302
7640235609951050759	5
14920372743044085090	229
15645790632529153243	0
15108588530420870939	4
1286832496873380102	10
7536169174943463274	250
16191645600320390017	1
15706988612579944202	2
16616161450321085070	3
5872713902473336858	3
8412264774273482216	2699
1568791261609822091	1
7159691761397617630	24245
2101820226401264067	165
15780228295369176985	1135001
6580698780377629578	1
7085725648776256167	4
17162098830342672016	369
5542828701491678815	8653
9044650023955275859	25
15844375608348167400	15849
4577140748142462046	131110
17488385012585787014	590994
4102290411044908357	5
1941318515498927353	1
13665279718538819706	3
18373759185226677023	1
15438396493427910838	59289
14496974677963189209	2
15859738983794104979	3
11454896674154189034	1
10134509711413695565	1
7612745178896743564	76714
10680504094213930259	131110
8914001352654776661	2
9806448249295708914	4
4189746163397670173	744
9830840614057400218	1
16053936249088095191	207
16211651635655625892	1
13490595740642932335	1
13647332225257049869	1
10491516468454530747	420
13057634233396719222	15644
4591998499690319143	1
18313275680385554973	11759
2495219983263902931	394
10788281776924234139	6
16681257445199601508	92
2409003462503259282	324
3104185885233919805	7
6618563260980229777	3
17469020314064105641	394
7988082988906149596	1
13997049513058479969	8
13108723499173330589	4037
1035661213061637752	0
13126650107470055484	105
8701139215650045325	203
5472231576845700919	1
16677397775131831675	4
11298810718994151903	84843
9096504673774812899	59289
10871092139283302553	2561
6779954584973023970	14
4876527426154724915	1
12237132569041482391	11
4730690631753425711	1642
629641846099295436	2315
1809899258008902513	2
17043523253069235252	28
4877372363155641558	36
3061373224476134567	2607
8150665626994576382	6
4992370185927721279	487
10470367679035381505	5
1893877973281664004	15
3369873284402417284	296824
7866049404732772965	1
15833392717533416277	1
1257892881059436256	43
15332668682538524670	28749
17893587636316160414	92
6455551963456272304	127
6026562394852094551	23
15132928783752913160	9718
13808002539999178431	4
5654438190701769559	30413
13181611432464484882	1
7045777462002994979	1
8626904572807979223	2
4565185268156088517	6
634507913088182479	3
12444295750161008865	41777
11023491412564159982	32
247980650904757233	99
11070756948678867196	1
18040154078106688774	41838
1428767721130165181	19
14187691607795770621	1
13676465422356221387	6552
5391239813378562172	1
7363067533584013702	182
14714729705105117705	1
11048003300466870742	80
5163332992224730147	106
8572784563347233817	487
6618958937988904867	12803
6335951942669220805	5
9096112064220256741	2
15031550961138353722	0
6347846627166379071	1
2193757504416262201	923
3349657963561497798	2
13077890169546873583	652
8656664271517936502	1
11229836765203174118	51721
15397653764682195024	1
15588921856350949576	596
16971873640511785772	1
2613130823280292171	3
18354399921711506619	1375
14539578505662309071	18657
11018092670527064674	67
2609960097697752561	8
11014318889812069466	451027
6160834840573109626	1
7845850198719693627	324
7857817291225649136	37
13482494574391063556	156
17830074151544064897	11
13157728332719085547	17641
5477480947131896695	4
6068653720969538401	349
14478134671894836520	1147
4248945446994617730	1
2936318599385017050	8
18439525928964368923	5382
14301587093677278	1
13561613699862615489	3
4652787108744319074	5
6825652812545175388	1
1011811131975991919	919
14445791465064551656	88
18116827989934337197	1
2916308018263436109	104
7761736838872154418	179
6862834139898233597	81403
9651693690368193840	305
13545636108817385862	724726
2659671792041210724	1
16584582026340501310	23
10751994413524198354	521
15376673860130230766	14871
17974630044657803747	9612
17338241403840954104	5560
354511263152870056	1
14497803169898448936	0
5540049079944104626	9
15781027837039300667	95
6171211753922731340	14871
12114067010330183343	28
12529602563514114961	1
2526773780288205629	6
14573168411553825995	301
15765171111690015436	149432
233207616789226586	10
11284442839209213603	1
4967876143404289385	1850
10267012756659449824	2
1085140989979557287	32
18038797738274479434	146
9637334112952130071	1
6408851260057941830	19
16152284749680507479	1
15413350442398011000	5
11361964863965414161	100000
4690492120316474812	1
16518341431995127774	1
18303733219594997537	1
2434305783890954300	1
6861559032511640995	1733
71633889719289004	1783
16057888803288194055	111
13638164629736726481	350
12869018974160712051	186
9979040947271080870	8
18398006764210911233	71
11947089191778714284	10
4076120745289855554	4
15299660448722032468	2
10532103933967568661	9
864147815464080632	164086
12003013626109943331	71
2498667758839443430	1
8714439712278514679	2
16367351675135326912	1
128184788547798293	15
1964385273974820588	131
10269363272004755505	1
4815824090872763947	1312
12618970927092504549	232
17002075495685560924	1
12525678857159052923	1
4655624613592613566	32
9670990094576952210	2472
14888499781355735936	1
12503604243301401470	4388
7772096013856870318	1
3469995913146392482	1
10316941451700096178	1
609316195879074295	7985
7364862161894937163	6
13747044659389938547	402948
11200291992739280020	17150
1177287681762857376	4
702475696586014532	6
13106807480782405163	12
13116672461628234967	16
9946858879859919125	1
17320522810622329788	23232
5322264187358774294	1
12048134917618741452	502
227329603045727963	1
10831458156488922198	1318
13432679334920200031	225
1543238215166737127	29997
16131343434698351305	2
4483252544167812575	3
8423140798585731677	1
528849809242621450	227167
16699285551596183022	1
15648736757952149517	1
5127917743017007575	1
4024821396135083010	1576
14825532945074935510	6779
1777195044423459657	14
7248566441136322612	1
5162992834214543375	68275
17523899341496565120	187
10564019536501961204	27586
16944985854568976027	2
3344416434979952408	1
1082656089587178968	1
8465472039330957242	1
5642691945042640163	1889
16302200033865993787	2527
9222504166595923555	1
7248073050776426631	2527
12311147603290150681	1
12923873899653392545	4523792
13433762986945409680	1
3451814889735282265	301183
3743251208206732086	1
10254283147930626075	10
11929853423138326358	2
9537843477833342391	0
14887697690499752731	7
8202127366197906447	4
16953087338793619949	3
17426017849946251250	318
4549954128764007785	7
7105413799121725479	1
5059611887100223239	1
6511533534239527839	879
1238752868678878812	1244716
11571472245817959091	4385
7831829397191017816	4385
12581599447592627916	349
578279168289449222	561937
12291240952302320159	25
16352854300826800975	1
15172022747506242569	272
15117484956702921134	3
10138505166263135670	10326
422230762573215555	1
3275776807446077645	54
16233407795441759521	2018
9975118550743030596	201
32554119756501702	2
2083914075544059608	1
13316039923320005042	0
7214656443136208251	3
5118763244140525932	7971
17597217519363984886	1
16806947046926567550	229
13367154277123980320	43
10783206429517910548	10
13478250554076438410	18
15120386802599095262	2
14171473935600690965	1361
8077963904817394436	1222
1531817780949678507	4
5012606170019530774	4246
7117772180286702672	2
17730332163659705306	8
6056963918587884011	131004
8221039841406057887	1
7141314088863510048	1
2630318860685410039	4
6133235387246418352	1
3003378530612087793	1
14080908090858505705	4
11441685035671184336	1
13502201774656866505	1
78981951956306737	80
9254298602663936430	410
6998920651921248438	757
2034504459727453266	1
13674600961463713693	57
12556063583285447747	4
8258941202351721807	3
17871875454776938300	10
2713012417776313986	5
12710797512124659673	210
14702512702054863571	2
16884473439149916883	673
13619347420689896928	451092
13638325952506898758	1
13673136169777830895	20
6433759862328286797	1
8534986483020317877	1488
17035983715360256235	2214
3828509136465003320	89
3050002275726483391	35
7148664342267131142	451027
15478069830698639090	82474
10738412900718597940	3
15869532513099530930	1966
13264033925492879574	13
8728417125990880957	223
10478410175540331308	48
1842613731342691274	203
1359991026820428672	1
1907466163916651501	80
14705825278472152127	1650
1273282637178418287	2044
802959034947550999	250
9841475181142837235	2
6819908869189395646	293
11912393333080242568	3803
11937044348564576822	494
10600034804022873605	2
9884930419507740348	1
8088384405470786682	8
5196423036060935924	2
16906171102766235918	1
16016632044557430920	54
7429961686254431009	16
16674672314691677119	61
9209403303138618245	1
6249493511315773560	17
4824875757021827570	20
13440256969724713131	2
17427192532885995226	1
16289095949365457652	97
32173093185808036	1
1498326076965173881	1
6630268067405981089	37
1486240777518127511	20
2426246437742593852	1
17335678749957305200	16
13536158984451406403	7985
13418504790096879997	1
10724251776549875412	8
8073088829747594075	3
7876510836391507509	1
12676004108066309158	80
6216209700776778428	5560
11400109485895254350	2
15654953104272771198	1
14604388261347556679	1
12494047410357562308	483
7116950611012807250	1
2046365572297943045	324
14604998090773133751	1381089
890839756643787685	46
4788121948134110389	1
3449213033840650703	14
3697632929066859729	3
6799201636114284989	241
18209115279453814831	140577
14247808481405150973	1
4722872051422051278	363
10408839763250222881	1
5056572115090004459	43
15777215846653973571	7
16492387279575349626	5168
11242351660732504423	1
3760514210154034202	80901
9201094999781707264	452
3820210235883872037	14114
14675830915223704501	1
12072031725174077916	1
10863849969837850834	2
18180267731436004466	1
1476957693537534832	1
2784201807042521459	1
2757944175507768402	3
6452822376058228750	6
14411044446933661010	43
5004185667980847164	1
4568231170207701841	17
4504356500096526190	1943
18314398134479598195	26
15709874938362222552	1
1499654489839163789	486
9137127006292166803	34
12316135198803964514	2267
12295941592473363627	34
16601362858902964995	1
13693957358593461226	1
14380701174250964288	1
9421897357171936358	11860
4393629342707789280	1
10541394151152240839	2
16023846276436983538	7
8551986011647866117	13
18329158115557189541	5
5478168165960522914	227167
11666702953567844874	377489
10655518592890240306	4
7001245390343413302	3
17689216821315297461	24824
8436588559633805189	12397
17670445144495843281	1
16385393923457935999	1
9116798468080202578	184
13524940113092086409	17602
1482396363244317226	1
11027142912067042255	19
4717530974250608376	74236
10578923718144333844	1
8792451886833778105	1
12264438200090582971	10
8425891487918346118	1
15607624889083067374	1586092
17000537988304695637	2
8853032492545909393	1
15164620548374228721	229
9200408950475184220	2
15063650881172558172	32943
16950639682202629769	1
3829381419679192252	1
8477127042201937571	1
6085172389923213108	99
2960141265180141639	12016
12956994993584368668	28180
48055705687810216	1
15256791717499326699	1
10836314055128163659	11
15845892390574097195	53
6047806525253187041	250
7168176442006219616	1
11480527565296915442	3
6477300464976878497	6
12309045111463838401	10000
3849323570216148782	1
10855935467941541403	1
14032804781626442736	8
2150296543794108828	160
13367360385709932194	2
12311712400683757996	1
13096215196239379326	1
15440373786389410253	1
5172256716977088954	182
943578176618724791	6
13841758461543453154	2
9308310384958789208	1
12026916190374782352	47
13354213103862992748	2
15373202589794071817	1
8758170709397127439	217
9214976102348101412	6246
17588300176276803427	1
5982076652024982248	10
8363035213832158874	1
10185867126642338241	2
4813275431612903342	15852
17827256368555979355	1053
5972333734249654477	76
2194643756176974013	1
8005820030424522927	48215
16105550691792749178	1
6897724380527424305	1
4890149375076074043	2655
319618314056002866	19
6459229025062483028	7963
15671423452804823285	1
12610407382964250977	95
2458189006551493468	2930317
11435861686976913072	14
6838356291041813774	1
17409780300087611517	347
8767788784024966852	2
6561808710390305085	410
7840919399884565946	68
14377519917227886431	2674
13154160902825793748	1
13910315695783998285	1
4510896948323381113	3
15720617841212516784	5
10417720478961441989	2
10021238906012165749	1
13535060393733624125	179
13980112174451983809	1439
3343191843819077209	3
6289826214019251907	73
12204946498197897894	691930
11428490944688833916	694
17628142430903986886	1
13953957972292471404	425
14716387072531040541	2
5287445269943392687	2
7241237484994260781	66
1027092940263608456	15849
5438365539442197015	1820
2479861034765107345	1
7946681515167679482	239
3477826849190161520	1
17898176719911277117	1
18274908893727228469	2
3791113404168094705	1
16117053963006112714	1
6722794303876954402	20843
2357255084946234784	1
17283082118296698757	296
18047157990290309839	1014
281171143668061229	1
17227989888135996862	2
753562158070173817	1
13788874026959220708	2
6986770694551381213	635
2746328502630707376	536
7161310157710545370	26
10602283484206417624	18
7187899220340648704	5
6066965606735229744	7
17146920769196519188	17
12871723722789218426	412712
18313368467113879610	387683
17732984634303643927	153
17325816343877390944	1260
7358445159672309076	1
439098014172659230	638
15856113989527175331	2378
10808045398504400267	298
11238724067569340827	5360
2253594861736733409	5
5480797085329595844	9355
17667421333230962274	88956
16870952869532529672	14462
7556566845475434116	5360
9779896272998126021	38
8864984824412565739	92
18319994870554970429	162
10458797290001628727	3
15143632687948345123	46
7908092851691519502	394
16211067657630161374	184
1230639055821939424	1334
1024074444667189055	4557
5284917392014354864	58
1092948917160795559	166
13805197792809569392	11
17609012751659433015	7559
13055739468398399174	25
8968750471108769376	2
13224684064006908840	20
993683201921002958	9086
10443460426326313515	209877
16483512422787593517	13
81451166989934324	1
13851924103305739280	564
17645153040392917145	2
13669818010280575783	6837
4666460360349667214	30801
14751333536084679049	4388
16691972064293886673	48215
2574237269554466957	11439
4066688876230681375	1
2084420861218157339	801
10280000760638759399	17811
1422527578345714765	6
11109129952066977008	10361
13578055033362095126	0
789267465629513709	3
1555269747887760696	1
18337757707574584465	2580
11538601836462614671	13
3132953000879295969	1
10930233005487062760	4
8662051717917481613	1
14350295224391655074	1
10226010154202401838	5
14473599843918162951	31510
11404381015409039930	3
6879877018061189786	732
2699424291988448325	7
8265501488991516470	11
9319460667254520865	35131
15274439421357079864	1
8757531969207879599	2
3632184659977480773	0
1426607715260144614	1
7173624279296863354	67445
680880411023630636	92
14060815758549420983	1736
18289031598149849345	3
14700012236990630697	111251
7948070129260694716	42
17978350156069846421	10
10335390500040330866	0
7070981462762729788	262
12311346870701312583	203
8633365584718070671	1
3986301781151817100	362
3865001527858329680	285237
6696042976367206294	7971
12575093621604365919	1
16240155835443679339	1
17696872033426751319	4
1618244348802230040	131004
17587446398512429569	4
17667038685960237490	3
12853229223488358916	11
7796167363092154367	9355
16716619470585697443	39
7572483233032425439	3
6444096313291942548	441
8504287274892634294	1
7729722966963658445	2
12357115553841640579	1
17795209278500994700	0
8193473349746159158	1
18084502854048962444	7
7068842645979016510	3420
9189227526176045861	1
17461495657916191416	1
4477463585437690095	1
4417863158844325190	240
1242429846738015554	25
10606343621888448398	13
9449658246276771486	1
11238941619008934640	743031
14219942247014045433	8
10909051277526015623	287
6001174913183543138	1
1499470070918824795	1
1295206600799371819	2
1870821684449937483	90
2692507236265981922	11834
8730923431656216266	33
3805567723018450129	1538
8283959185905010806	262
6789047360763933414	1
11994436848319713843	110
6590365010976372522	1
14134535019443112291	14
11607520563760583566	1
9951438275345852122	5
17523291383408676190	1
17318464424425843408	28657
17132404491245815752	1
3332728093746053617	4
16482252559268821878	13249
1240135375073745194	1
722340621488324137	11
5493612551547935861	1
2890601856548690563	3
1023108100237204482	1
13705356138127611802	1
10615419808657017800	1
8879172288737961371	29
184921975861734334	58771
2924335062128095329	1
12336422960875055651	27
14640204201116137877	5275
9581519323884582325	1
16477485685355404498	2
9029908152805521776	1
8084967047616372211	8259265
5337801991365372366	1
2633165041428784797	1
3895273756472407391	81403
9602254877820751867	1019
6227875206661738085	765
3869231798696172354	22405
3678218831322954527	0
1503363006250020973	152
17932788381036422552	74
4091395063329094520	2
2099648583633373264	56
18297292178391107498	486
11926001698580937688	1
8586361785308438101	72
2822295260684892737	1
4072369137737872945	750
16013685762670666916	287
9567040628410115128	1
12020382359412423580	1
2273719733709665192	765
2891578981803120961	1
3597063507546642305	45
3728739903099693198	1
11638888635039406708	1
7780138357942059368	4
17313558239646014034	1
1312846127629511360	50
11745664455392627710	37
830337728327222882	3
10185394819897890348	1
11661896478947226627	1259
14495986053402094017	4
2184464169340242974	3385
7315672355150562368	1
9175368137955978102	5820
6528578447244251540	1
17487311110459352073	1
10119121821610057379	6779
2971676419497657554	1
9621169851221584121	7985
6496588083016016282	1
5094711166642540377	268705
2997219415935562669	41
14136874151686766902	7027
13621868769605213551	223
14658286869395525208	3244
11841508533978860283	2229
6324463453124945995	291451
15031665162086304699	47
10834030463862366543	35
9464660783070945542	77
4506626664138220010	1
6111699968590773826	4
765163612484920866	15884
5520851416532990326	424
5548541961614383939	4
14047807416258271664	25
11372459713324679028	6
2899419132745289753	1
4063537814795854576	1
285023363643134005	6
15991953280492256527	26
2755369879549507588	22
5175044668864375522	22
14526612273694117425	2229
4373219190299888276	78
8869651033485938686	266893
8391642536933129782	3954
363170906740854433	31
9340036257641192141	2561
610784305689935982	5
16105017321494507037	1
12240888392202875140	3
6774069763633292546	113429
6048937298001697619	1
15052895010511543141	1
15376621383585667573	5
9817666201527982218	1
7456057467918809850	2
18306034526664804790	291451
4061083760168323385	2018
7843680523551549726	8
12609328713839639504	1
14356304482557343133	156141
12769373220380394927	1
848233736672595257	410
17289113526681514944	1
15155243715287330732	506
413469944143187563	2039783
8148600236800553905	1
5482478370437686621	1814
13178433040470313502	1107586
2236675769477677668	2
3209693167559197849	6
12306101888521811707	21
2586594277459736842	5
9856443698637344106	149
7067305290269586372	24307
6642184236635787132	28080
9965363674980903873	2
6228754555264855121	1
10368329311343948262	1
12402460603999664768	742
5749426916187604562	422
18437527257821562649	8
15414314490677061635	1
4006230159455497452	1
13884563740584890147	2
3501410855741914454	2
8820248976251340238	4
15323825860210060013	82
3516572093425678863	666
3216120702114825887	1
8424911385053479857	4923
5115942230021303619	6
17198972227135428897	28
13746967188917643637	54
3783050408333455112	10
8561078196245864240	132439
10524471511730265060	1
2626551021709706064	18
11860227360146765439	16
18003265511475179048	455
3353588125387721126	13729800
5748502352645741134	44
1342171427461262710	2
7193485208071570112	5
10410933805360916336	270
18176521296487409137	0
14935262003857231129	1
10746497694332295541	1
14889883584533340707	3
13028270080692559290	348
10283006294594021833	17018
7182353598557223884	0
1033208488433852289	2
14752786085921273809	23031
17251280056446095321	6685
3432394278979709969	699
6220118085783996308	4731
5333467563092188190	276
8251381386690179431	1097
8489151005111500576	1
13899838130826634976	2438
865602079942803831	1
11959567629467472444	235
12169973427370601144	1
17443618801785477924	116
1438585694543229063	12951
7840009057208275834	3
9329836703246739584	2
12005661448782386037	1
12442360701274666678	3
1646940703815022902	66563
4491707327952410416	3
4918885987778303045	195
8103446867393192290	6479
6402355636938420240	39
7552263757256120693	757
4551346630036174178	1
4436980137805785071	73
4818388793617486498	13
4203516903354270940	4
10264092866165254759	7
10849439176962028849	7
13009186099814405341	53
13977672547075693063	2
15038615121585698103	1
4710527438393092569	1
12835757988136531760	6436
15897304207949691437	1
12295207357677099364	18
18165449797428282361	36242603
16413050832830362280	765
4582643872499290993	301
6304040397911794230	1
422312959674453329	1
5293346350538696581	2
10107574261006671139	33
2683879948963928257	16
6426205045906523703	440
4846008906304282383	1971
13777992158322680279	1
6652107038377225814	1
2451482524851138339	15
5561999735398728603	2607699
17014349940516910619	2
8136647731156574900	1
11289473737907291242	3
9682873309201467913	635
2198133174016531477	233786
10262301939277723297	15
3168173243841861566	1
5448323202031784747	61
7831245361742550652	3
10154919348181582652	3318
8550927822485423175	30
2547931769925802755	1
13023470117999765351	256
4931232945136728014	1
10614981551786367014	296
16636041919456542972	1
9077925355023850713	1273
16750585184016559036	12
14830852945117169494	1
12072424003573376296	88
707450921564532887	29632
10442915982011872593	227167
14813315674867082283	969
15545834177333336203	13
1796262215686338802	250996
1057459020076832544	1
10884066594239017217	716210
5946129088669269502	1
13386268443396881692	77
11725890553114769020	313
11114534939669129547	602
2216138061523817358	540
11286358643855470638	2
14690746209712154147	1
17625322483230027616	24646
10854832347290533211	2
367543435200159832	441
3723196725454161428	0
8850664792343138525	453
261568975488561373	3849
1294815146358966767	1993653
7602235480258701177	2
4625271117159234	3
10380705251128851935	1334
18166481157500334721	12
4784160722146816414	2
17648589953719852981	3
8139892447741956506	22
4596468091663691571	89
17973182714311170144	11
13773230775966850568	293146
1059789154352564884	4
2091842901820747500	12
16429007414851946603	8527
2875113129243380519	1
15107327459715666206	236
1445404115718914291	8010
17397851337814788140	1
4526346555583467789	1
1676868216983923672	657
12170143473495970042	877
15005229510879187135	119
17006459092285734596	1
11545986444674466318	17750
4361884261366944043	2
17975443654343459404	6
3726282209301095077	9
17173758471557364694	262
9447461026306702521	11893
12218191412193626250	13
2963841380837425288	45858
11652504157382755295	1261
3244009594047454477	1
16576887362319296980	381105
2815384711423730708	300
3505499795390397459	1
10227803169615894832	3052
12645730864707359860	1
16151027270163012444	26
5959770764262778594	18
7230187837379880336	2
5508302962175835559	1
12916466984789528627	175
17430951863882470336	1
7418808683873751330	120
11848414833270072600	4
11820110663420243513	552328
7425166050812516589	2686
12966323128282428508	1
304762959926659170	423
2867035736531858124	1
17439175433181049922	1019
15584974349816319505	182
3004461524308228276	2422
6973169973901758961	1334883
17198180196085368560	1650
690625229995237922	168
15616681348513091888	83890
7007967492536189771	14
14388492983330422045	58771
4035742814103844366	26
2736022938817564880	1
14096318551126333343	37
17844064828989117008	73047
9140279109606419218	0
9443417731694851146	1
13374900598944199623	1
12110658831848323145	3082
18170061371456970949	105
385207147647652154	1
6515973872292927804	1
7502233253714596063	1
17609327015748218765	516
2457589725687516639	892855
12726775309117108365	2525744
15943791176439359492	4815
6071409729753704344	184
11021370603060271383	1
7483507759821650478	33
218242677929219613	4380
16860143707482155232	508
12900441498267615033	4557
17252577900431351576	365
15179599688905117073	923
4640955753602873051	4
12469144058202294109	3244
1791799325055211824	779
5092628356099636111	441
7661921195793422946	455
9669521248800903903	2
6765993805468623475	694
9521353976068463741	7
5594770419120346257	12
7204492942747570917	263582
13287203346712954198	1
14097427462906713121	3
5546448171685191265	8166
4176722588298712568	36244327
221026839216664624	18
4240719472733642413	71
12207193847712931690	34025
10158896999314706263	3
14046857639401542357	194
17814133208685099728	45574624
6714083437011466881	6036
4786001670154929424	182
16827314744785441232	1
17005347622476005919	2
1112303236504565237	176
4965428839282815163	1
8085732246690678544	649
5922804205475684888	186
6553192838963900390	74
847821352563299237	2
16790686513188401990	1
17006045299213531660	8
7145154844931699754	1
7942225564789096716	396
13465321566203217648	5
16140782589566349877	13
5056581240070280682	75965
8321733815747959520	82
18168170064606157772	1
5917858276264996948	10
8321356961511712601	4
856414979844695145	588764
11843856357000127225	250
8427253541078229585	116
18194692637952559687	141
12674415178339195349	1
1110481937865124218	1432542
3644757569379080839	0
4960944851299291517	1
3813517451864050415	434
7049731421276404726	71
9437876388211041881	1
6198357804933535102	2438
4587618946767378515	278
17945399652357705724	146
9161070676169216254	82
11707275399729632683	1
12483200020668935944	9
3703517783746359819	87293
10161664435548229806	67
2797896569795525371	694
14145271704476361133	23
15884828434378486015	1273
14951906366721237088	67
6761959802912472466	5382
9349517250301151862	1
14971271366992298424	1131054
1663848133737317718	1
7206052191852282051	1
14074070761945347082	8
6633508282194914589	1
1000091042678090031	38
11839489642116947672	62
11167591380378760833	2276
12381012676826293033	1
1041250410895614741	2159
13538698163404138723	1
13974787826327739738	1
10433808780805510209	6
17315356434793917747	1
17100104509139913345	9360
4454532762684600724	1
8946608328501596910	3458
749901911136520978	8
1329407654707908998	1
8994900454388330929	90
6867509897728450182	1
6205540124916579519	4
10826395396905783666	113429
4875234300009716882	10
3374321532029333061	1
3632043782148660835	499
513587893328993993	48328
17225566024245690985	4377
18305213557346939042	18
14369596504751027129	2
15063323961653630943	2782
13285741207460746691	1
85905315733420933	1
2524539932234442921	1
9236238513572155295	1
866063950933709194	11
13050520686565100894	3089306
215139377842010411	732
18429652220437165845	242
1311711361738771758	8
15005891953225618611	3
144050859120209020	1
7876749213087985159	18
13481053179048712505	1
13371248467985410516	1
15804923109955729135	747526
17670157812759283868	2
11961826591785131854	5032
9468048327598988085	1
10953956578385718255	22
12604004390192176205	1
17078397269552338188	6
9779126805507057208	12
15518482007440812830	1512
9575777381920051183	19
4687999983376243285	5
10156504436966017516	1
1105615376086789773	371
17674217320299022602	23
4555863752350263459	1
16081079679007125546	6984
8309583865508359287	14038
14173445130150743264	1687
11277231461903756103	11
3402961302841972435	10
9730447042837250401	4
15095705374404030943	2
1709737876826134743	71
2636578725318867553	1
10517020659077315122	5182
3186140087589229002	4876
5229043592309056244	1
16758078340314954731	1
18169106645544768639	2
12978486561225079628	5
2428732203943379143	1122
118632629496158250	6485
2308635119367279205	34848
13295665185640607395	1
16879547937600898486	441
8171602788926768093	13
6117939483252747647	459917
14911717542482767556	56
6085638931480367253	7
8903704098519120253	2530
18142529788732393074	3078
15638628196393316138	2
2501227868435233663	182
15838393601324248431	875
63373679802916169	1
16422038723554362184	1
4374580499324638257	287
11741452919925993671	29
10491221091767453040	4287481
3147168088171295238	2
9225661804899807314	2
9168630153153333353	1
6887530978607399320	1
11993122138678939023	61
18338828024520962595	1
3172696346952837870	745287
12454016413349914252	5
12120516978483955001	77
7191382615994158080	363
2354245987096084569	17
1436785471890733395	43
14277372787671963761	5
16654168078658695340	176
15005075071694881433	186
12362645813527026173	1
7290947441098323060	9
16071872541008146723	9
7210965465917450060	1
6223567440020369919	313
2934910163495351566	41838
5576360598818260963	53
15830998012590547654	5
737860487204175523	50
8099338388217918141	22
16798848870782770002	0
3945382622549670028	1
9016278333351623208	2
12293890243242374728	8
136109119878206875	23638
16282241022306552108	35
8605631728024976210	85
14008509907475164529	233786
274864796694756396	0
15584857904477642608	1334883
13542838613844785874	1
14725588087227971085	2
16682325001252997979	268
12430575248822523197	1
11819716047831258351	1
9792665029585317715	1
11667161882862585021	65
16522761501246370140	1
7605612238204434427	1
6822342639020786977	176
17572044420608892864	1
16814413939037581058	4523913
6108516933193182501	2
7379889235056588024	24
7878321657554786054	13
17312799871974747577	15
7112187027780657285	420511
15497894515147050857	49
8292254375538459403	27133
12267042936075057635	1
6860008855249685232	1
5957137285322820924	1
3382036219135523065	68341
1070764773509488769	12
8656816064989164186	10
14489148272418897684	84
15842747640675869405	3687
10491285248507379734	21
3180228358934825772	661841
3467911478841464764	12114
1794757283224088105	30
7210211608047809499	1
4468752554317385100	1
15855801593372444273	1
9715355740564701288	15
17780383557646067393	2
9493161447373426475	131
10781470211735400677	52
15464835987214949660	56
11415413640060678945	1
4075864037782406982	0
13562467779028818815	0
7427246044785687945	2
8527860093774323524	564
3958338405819508472	15
3583774581916928313	50068
16246168500325115304	67
16617850619643780593	2
9050489345108900050	2
6690720435109535966	71
9621266822377409926	40
13281126109247063594	1
12895641677407898021	134
14687171656433324441	1
14313284857579627033	5
15435217660897420012	1
4326008236821519542	5
838680360141440750	0
11124696299068082573	23170
16884447331332178109	1
5993831229392432402	34
7717469168610252734	5302
18052969427256655098	3203
3238379279001930671	89474
12538188507575475918	36
9537202909149015954	1057
6960413193545923650	21780
14381456772475977435	3390
13450659770261923650	595
10462575170270558275	1
14786398689386210233	4
18372195303599459986	1
17950903575298592538	9
10555378616928968898	1
2971651666896891187	34
235097206085229317	1
8623374937783763165	2274
7862946717942500679	84843
8688155158005266212	264
4278321087913015897	1
15906066257673954277	26
15642629495908087115	4
1748832605870891012	3
17872597434895813753	193
10446743374694875057	4
6778117013054648573	14568
13467696144860349979	1244716
9917215839917015083	3792
3353394877943076466	1
5281825817560754463	1
16593149247998533191	1
13037765372276235253	92
2165704581685583598	22
10072108354412360673	1
9869565313258567739	7309184
15104170000609553515	0
1776634518949619657	67
13860835520454227873	180
9079896730002820272	1
9805164679280292604	4609
18001793590556236814	268
15140192007228896510	3069
16329042752205851881	230
1447119292188527850	1
1690440398084231213	3
10603243601568687764	487
7762019467617350293	747526
12935871185874533221	2
7977218354077701926	14296
5304215921147041638	1722
5899493055569053024	1
17952467799053388355	422
8556605510382872863	2140
2959765238168371367	1334
11547246002328780818	8
17195614457231425816	3
172087190981268619	77
9990002006281573585	2
786512297388268915	1
14337643516661705819	2
14896284774082370012	9
12336130240255508018	414
1759825803174840306	106
10571247831917970697	84165
15762598101714733317	303271
548063795551478796	24161
8706286856985578656	474
12589525925550516101	1
3428543419707085818	1
2416013647135409927	7
9218006617108477007	4379
13996111841026475532	574450
691872613983622942	14
12588907830276156742	938
10351407810499748541	1
17550819968475820401	1
9666815401284794976	2
17448496204187604140	4310699
12143050926081772135	15
7761373282316388610	102357
7978754342536763832	1
9243620096321095155	595
2876760487200515030	31357
14420418815908729937	211
2632911965666071658	1
17583310324164247451	1
8610854276981159919	3
10903813323907177761	1
7705010769351801904	28996
11923923855692030154	176
7276517805883019318	690
2603893784040535005	9
12403944128276044399	119523
8877767713765512652	8166
11477563584169750936	1
1089645806633177632	4377
6865119318991682879	1
14279587237137399465	4056
11905758353578021356	1
14780539850663452506	4
7239476894980769574	4246
13397332099963645808	1037911
14700196380919371800	36
18423022160791158095	1
6109608227133682486	4377
13397151842425538019	2609
11119065792700105193	9
322511185332492489	1
13854422663062314410	11
5898428993936698846	1
9135839179485770531	1
16552541686574268125	2
6292547210509554457	3
16741482235089859125	9088
16405385885728381807	4435
13404119794726178825	24905
2205502093717266771	14
11046110929303493679	17
11830112268130611000	3
2425770864312179356	350
8771552755718368358	1971
4161874635150019764	1574
6411460393484724181	52629
11127953572870802705	308248
6344745242887610993	6
1767554814865919695	4026
18010718104247872215	1
2996388809326593549	0
1300393621044371129	4
9314318056333650290	1
14730552666306285988	276
14778229820139357940	1
7249010761974811474	5
14100596066886852435	2
2659343545665750288	732
5347736315212228596	25
14900248844096362662	4
16225286530534185632	270
7546440306437079278	1
3327041750260000877	10
4352436967581213169	294614
11900087035034652531	4010
9777488800044755251	1
5308975261080187306	6779
8253732757879267093	1
16741120100473102924	3117
7939753483246612856	5409
11178898009232428840	17018
3565481649318215120	61
7156437736860960319	63332
11229466288747973248	810
4423541672746248910	20
5402564133154095282	3359
1785670844269969398	296
18158038471776635463	602
12028821828344527847	4609
7945553635159768775	1
2222978899559444725	512721
9869116090297252405	1
10460523823599881240	58
13756309025180069748	369
3460163705809383231	3
3130286467649173537	2
6241896169091080064	102596
14486645562873315923	251216
1989196065834505870	74
9973476950986684133	1
16362377115639883573	7
8040899095786575222	13729800
14486464249752160028	1
4394735919397890055	1
15328835918238194383	193
13508454258817409920	1
10748370580496691854	1
13014767365700325280	752
11376319072305372244	184
326627176374910108	567
4691896733714920151	1
15198491959275635058	21
12384984513025266076	1
1052378973172574430	3064
3498233013178157756	9
14366431820459368482	31
13550648562849831579	390
4609983532657257439	10
4585012693875832617	3
9059491749241933747	49
5398661295969232651	1
3788186436614249836	2
17227063447486944952	1
17651136157655028087	13
11858922328922394095	71
18115038378142765466	10
5152794623374801413	10
7395225827226450005	1
16987921022292483759	1
5760958975138297713	1
1157355989299042398	4
14410394843331832777	1
9426974166580206650	1
3021205384384074128	10
14173568224989920506	99095
16857407722009262878	12786
17519031735523541129	2
13339283456291978761	222
16594970215888901561	168
13771017438007945084	7
3112439734511171804	19
12058395065066746839	62
14877515485825807622	2
6570248109735603982	49
12654776741805919724	3255
8750186831853492501	148487
1945072079581835838	278187
10443909886752984642	540
3241622967023122303	379
1405258509778981824	1
5366004906507614258	186
9589443343481110477	1
10302051554844938284	189
2120971411354697184	3
9286364264145368503	2
16635831211095734638	186
17028008336003996291	3
14113726937725885474	382
16052843121994359685	394
6702508755825732586	948
11467761589282201718	131
15240331028666718278	327313
16100475197347055523	32465
991335584098953438	7
8992569563671457342	1513
17034459141263331488	1523
17651513943680702623	134170
15412657794203399995	37091
18284340456942881914	76714
17821485523243726908	3
13652254250497642136	1
425886291235372726	1
14513020143624063737	1
4941966681724765949	24662
16918207638770618918	1023383
9249320227182982631	22860
17789547750403381733	903993
13456345698545123874	1
263773197039124329	6
15489589852139270061	1
9623368332228259632	3
6444170003355197596	1
14555300900919443869	2
8851410345154821216	22
4325009541407706912	4388
14913545130156572326	975229
1143123144341584946	1
17629012140591885631	10
9651929079399885709	0
2639755328090844404	3943
2187946276926669374	294
1579127824674642393	3
4583494526676493440	203
1953438467446525644	2275919
9014006035023671538	16
14894323299532988891	1
14529846122710169044	1
9451870447432086234	1679
16724144968986109582	3396
8680444085865251222	38
7675192287929490986	7
10017472213902290104	8
1506306704391120845	441
14381420581213362175	7
415431480515689521	16
7289805489356912669	1
164767448213839107	73
6240465927304650329	269
10007846060738457147	1
4165792766073506321	1
5535366999576234841	167
14096495004022852233	1
6342460589637991091	6
14397793626688070975	382
13599565353336396320	1
11317176412299389411	4299678
10096545440225268552	72
8593822582365518304	0
3861115819145791313	2
18354561128821311077	27239
18041354624163586995	9
13933138433402225483	5
13456965124723546682	1
15439070378244573016	650
15041405316945366998	55
12165079936144425454	24307
7695986613189010302	1
11350595529251162889	1
4256385137134152780	46
4109956349888575308	1212764
118786792359806487	0
11955484815049632154	1411
10020291956789735614	132439
1277855807006574183	12
6243047606971321720	1
17041155720836242090	166
18078047550228348346	584444
8601604571308472112	1
1177975001861330386	1042377
12074001689997342146	1
15052879393425848548	25
11382289394523427883	90
3029094131844320454	35577
3402083760880516245	15644
15923642951241822602	195
7798103751948017006	3339
135742815403142419	1
9979255317268076400	233
12073748902905839298	1
7355852686223460273	24905
881984543530970262	19
14224282282401384178	8149
10368240477237111011	20
5150658353721777111	164086
10916848446805136315	1
13382534565375265341	37
13094140874103457067	67223
13862865842391855166	2611
9312376489546607999	18
6421342507269444116	7
8865536415903022806	7
14838407641538101629	3
11887394603410445485	22
10555292132224930366	128
7987425489001177427	20
17428304553882670612	1
6530199778845696472	2
5098834693933209217	0
8517841147527374501	896
989177210485047579	29
8261568169347806034	2
3463203975826130822	4
9430143073810204290	1
14994111905371161166	1835997
12771156064286391825	1
10227961380763841984	1
4227074917567721192	108967
10964275310298757503	321
16407742508641985366	5
11523791469102979411	5
3277360376767661395	1
16867864617695559909	0
6353362062060884333	1
10286927436433825983	1
11025366488278433612	1
7155458455294084935	277
16867796912388531220	1
10317474254042654987	26153
10255572952962522364	114
15684568213324523738	11156
10361435400448605940	131004
17899829115192134269	3
11627138115806094695	27133
8334784524333210	1
5675906028992910554	1
5957039228708702744	1
2636676388649243637	1
3227426035604131388	1
16870818415273760842	1
16445773193900101229	818
6859034886594732325	1
15447895842417895562	158218
2305680706817643641	1
9810056069414319616	90
3563647924473516628	344
6634718555698732612	1
16998642538691318807	1
16043498596376041638	1
4271538910809386557	1
3088771617746667295	61
16159113519773354682	409
4929554291923204140	1375
11838389707355082927	12521
1039242427388673144	1
16940290564345512411	264
829820195378374459	3594
3225122736611597227	11
7517468902824870046	41
16714286744677223987	156
11881586066502206472	1
632550683672915333	225
7699416365787200181	694
18266328205806361923	1
5931977203366798652	28996
8077122065755014651	1
9967450539272680810	1731
4211433357758131348	0
5576098251850223753	2
14996336042725195841	1
6106240391298014050	3
3069882533154089863	454222
949730110235590169	1513
7452056405931964415	2
4490648743394749905	131
7227459475004563408	259848
13286108305732226155	1
9597163592188766793	43
5487303473397027272	14772
8639599172699317025	75
6590658690299246624	7635
6401886924838366933	1222
6266840020047782149	1
16249116779334223368	1
490477175512567970	53468
12533012040993826973	72258
16468604601544701323	219
10905401767829490695	1
6797251011301971020	6
4744681027265461175	1
3363193448516944113	88
9665860950868712406	3214
13952451899935006589	2
7582203922240832066	1
4712538314881043573	10
5829119188792387599	1
15919305028247912191	1
3316390049898125812	11
11193550262397240928	1
14967515741043832650	1
5389959285786983425	614
15953785431007229037	131110
9691873789913018462	4
3717726300211652419	4495
6911490410979662632	4
12893077513447456572	1
1473165882751726627	440
5455156409671885576	3
13830948334873592718	0
5741062802895395982	2
6238282742091591218	21
6271281642491750028	3
4268138710907128923	24307
17895623963146625751	4215
14196626424892587170	13
11514241340744386478	15
17392685262830497496	4865
12119082254937960918	1
7794701897124370839	4
5917135391248906761	1
7336384461728215008	1
14378195782445359997	99095
584075679780148912	35
13403713468343621280	1273
8915891022462137348	160
8526143699433419873	2
12876245981047976932	4
7224514078332223165	4618
3241413633778393271	1
9771175229392624880	1
2965329331429174703	4
2992152295531187886	270
7288377275705863517	35557
6350666460269259564	0
15108034439841387933	3
13025981042639031542	40
14609208209618538573	21806
12179101854418913495	3
13082868801800526257	420
13399139155336387868	750
17099921860604779251	1
1899138398192591258	1
8702409232714637063	10
6461033998541677543	425
1748871037012295243	1
11617439448118835755	42
11988697626568502843	18
1882763258208566423	3
17852793980275465631	8
15033898836294970767	185
5007886312267144248	9
2221929290766504575	1037911
14725997447324222040	7153
3329147263244384172	1
17690522991924630406	691
12237324554453819444	1
12055368016636897384	11
11584943984915040294	1
9661550981883056518	2609
734182695943667499	1
17203776665603925021	1
876740030897509667	1
7704289510840762145	344
1349371523688052579	1
17711373581508368900	1
15069231000097262558	18346
11588959736370469530	4
16715253546552839887	192835
742050996089228696	9853
17720552279081711468	1
7826243461822123050	17
6317988365159417244	545986
4596547763495222000	349
12120352148272318889	1
15934196536839892491	22405
2025526436031684024	11843
13713231872147295058	1
13096653008459699890	1
14190788183084980378	322169
12787483250909449744	1
6008659010322554965	14038
14869101887797188751	24
9400045105777166106	1295
12213658396459249648	30702
6404838269781320880	1
2715208042675886766	2
7525668617951725050	3
7679794333796103489	2
12849817550481995227	3
1877308131901477812	80
6245019338028067413	2
4015292897385214673	47035
5262449890981349711	6
313564885560439755	48215
141198084989198315	6733
11556344761085181484	1731
6793172079389136004	1
16126052706042445452	225
114657632141440636	3065
5892155215398542244	38
1651094373042562485	29
2891008835182547714	83296
15268912879559781417	5766
15320392082579955687	1
2878205553126950634	394
5066522364392932880	211
1580370514991816827	36
3965141770060151980	1
7112883912564845533	59289
11311730069039250540	5
1554434865020271562	27239
14885230514649801876	6
4496013237817904534	1
10516100513024243279	810
5192283345572538175	1260
12422115435494371993	10
13850347986750829940	544
896257129409467228	1
6268614256288727950	41631
7366857506020762068	1
16729354997637927553	7
17432571877866053215	1019
4782286914174180814	870
5078578105934480684	1
2210796643673392103	1
6808472181353303683	1
2684494902982069809	2
3840649358285016117	31
14274171550309953556	1
15665696027900920885	1
14381327278630522023	10
7549970031786234569	1
4213277385049540557	4
14474096794376822977	1
6920506864870394901	5
18242337741542490578	1
682018228695596438	78468
7623496159409878122	4
8667502724402759263	3
17029574769003083148	2
11986766525576905533	9
17510968521645464073	3
18312233450987172821	24662
14579827885464295871	3
18111488309766845309	14
7919222409842012703	74
18141439525421287801	116
89398933318910858	1748457
15591177827578722249	5
6133051795423719293	1042193
13626077808983667805	48215
18005133819777449892	716105
10072050931121868536	1
2277120617988889031	1733
107661455872885947	1
2950146339213887575	158353
8542016061131601583	1
15706407311982592183	12855283
17112110115360482963	1
5201653645917589743	23
16763367066016713203	9612
1698457597027692205	365
10684488104609322481	314
5762080874228521315	3602
15970891788441891684	4068
12336015060064090113	26508
2456754761400755549	3
13982227413326171659	6
3339045389803944237	77
9753894931908918385	673
17033271311658670524	1
4227625014530123069	5
15033946776920327832	27239
12077943823501819714	3359
15217351298371673392	207
10795254940708993472	25
12695805618280714531	316
941133815212573208	7
3627495197765514312	0
4568280292339604534	0
10446428792604836687	2
13448081618102153407	60
1984982966817690991	182
17242513681535166524	1
6807789771638130588	0
15428462906410939188	87293
5188462615252011371	7
193167340841561705	35577
5910937674930491650	1
2705830685289059505	4
18125765193475278681	11759
13168393201536555235	6732
13488563567683883044	79867
12297743434766778305	34
15242398522247543108	10
17215868383731730843	5327
13662040479511787010	5
11440678832779271827	159
11429364204523809293	1312
9107793147300298757	1
3508809332935133473	7346
1963873510178948836	3
7676258306411050961	4
11195225559967363906	6813
1627061511171755229	3767
18200992949637245974	2832
5499481590562797815	1086146
9120734365008866940	2
8077831774784079779	1
6127394257104791327	18
11826491428124610684	6
17864461021582882665	1
6743595000483999973	8
6502287000697706513	0
14719101739624278798	4
3021602225885410665	326
14860868135711385851	1
4460868129041411217	79867
12495556552564111229	1
21650317034351403	239631
8186350738333418082	350
8582911953313177272	1261
3991473491187439806	9612
1507567114937348605	1
2138048110412018214	61605
11755881133703504681	815
2339727189914330730	929
11447539195296984633	2
8450407214954360044	10
17623112782744826167	1
2917575453654589207	1
11469329044481213660	95
12414899003797400022	4
17175816351894072490	0
18225184577687685601	2
13987689056421966099	7
4085164762001072157	1
92732270381045277	623
4094405362835638538	1
12150563994294398461	6761
2489047407047484152	9
14131494052332861061	3313847
10217699502582613001	648
16698277568550991043	19
6447922092090800216	14009
16936779024382535246	2
9842186304769136419	0
16157652514824713050	8
3759917973929954872	7874
29882834659885291	49
4636029457390908036	120787
6837785505872639798	9
15005011731596299416	323494519
8438560647548405294	1
17724365986082149141	1
9414250349257288300	1
4281722553484658576	1
4895773326311288785	993
1619231504088822267	1
12837604701808631157	1
3161880023997505533	4
8847468111440103813	5
726740912620491724	1
11246514288602023143	105
10619750008364622526	101018
12049127749048028396	113654
17321975459373799719	92
7603567075956083126	2
18030838570437970170	3663
6861210202161949073	1
360259785561757103	1
11023150563668933385	1
2804948011882977785	4
10249746032028732450	3
10177506464097860447	170815
4854700756003169838	1
1901664143146632491	26
4561341788589931885	54
11535585174661106212	1
15273263270871064394	1
16467944389731751257	1
13345835554456769277	40
10810778822969050103	3117
15593883970782216880	1470
11653040468612767674	3
13906092790995692957	168
15070615034772002	57
13035518024399390370	1
16605086355500842735	4
13601557566556140769	694
6963122117414252806	1
8247696319432508774	1586
3355215045157481920	720
8025736846475153651	289
18067427651146080612	1
10038355200499836623	999982
14972429706435208367	2527
4278370814914688180	2
9084429866572668559	5
11420631850153505723	2
12200842811875452914	0
11848549504866186707	3643
7090821063437787484	4
5304387786079857027	12
4635921716873623506	9
3340435338174863121	10
2515688137774071574	2
14899469107844035862	1
5492283323497428733	33029
2021478187243301079	6532
15734101535020110832	415
16322705614766963276	98873
12665058225846280035	3
9252362222081903792	10
1832144191660547549	12483
1993196318800150930	6
7171695321474848508	26
2483454443332537332	1
5722441113801652383	11
1694165421180528935	1
4016958676531152392	2
12247988378232344147	1
4871332891394796645	5081
6852876372447592123	2
4882454715733150444	1
14789371966964157261	5302
4262614459330091221	8
4298468388626638555	8499
10699674051618394814	3430857
17888176985082328652	168
255051090755568537	7
4652439330904177026	1
3911014854244112228	1
17761158538046825236	418
17200683661009270477	16
13011604888935425348	1
17896498835896149239	10
13831671238799936564	1
14694824480332846567	8
10899377160139715555	4
12979577015747587716	1
8196464455769285335	30
4690779538030283145	1748483
11415653687932445238	595
7519971977579473114	14114
13796641902315265540	24
16988123189467745427	1641
8650473275716032586	10
8342584728523164807	69474
3548112505392054776	1
8957331370652232494	0
4676484495213498960	1
9402743229806127414	24091
13505663947557170653	25024
688164987705770333	2
17138410545780098365	1
3222961295786478036	16
9350204970010151142	1
3585791372804581682	1512
11896463068400799701	3445
3507911387488907428	1
4093472618052523878	2
16427428244822354414	183
8124852397660328207	1435283
5116972865852698683	272
11117579601670917758	283
10625310232837032769	17898
2759521341917847202	4371
7827191539877904710	1
18095079772241179862	11
7080811806820727469	1
16456697623914921815	273769
16997565223818975111	17140
14688231522818657595	77
3491149030221153317	3
10166093978791484106	287
7422675208766011377	13
15007789686506289303	1735
3181687979818602559	7839
803851534687953755	15556
1436047862522878634	216
18331986879388320466	12500
11855857515601038648	4496
14207976658815895771	1
2295431677946008818	12
1820739029436734365	38
11780988034773269708	1
5273932017061816665	77419
5459093667167775269	1557
8791881955733122020	8
13337558148323376070	4105418
13634561209343517959	2
9458817032095147215	3
10206523923475144992	211
14810132733525827996	2530
4194178517475666961	1
13149474440556935678	1078
17482381870945615290	92
9576646741812376324	2
13847054203087166983	1
13417615803328276318	2104
1971151827582980048	7
179235428510324120	8527
17187365995270012293	67445
9744078749121963325	14194
18009340408249460788	7
8188400328157058586	116
17117554440077969405	0
4995386152450416290	2
4911656098556733385	11
14401898241514356305	79867
5921450270359578028	1
11915280344869864772	5
17562133824058553249	3270
3596640187266047180	227167
1182500781983452272	2
2869185442236053260	6638
10995790431975223872	1
17813826234611162176	17018
14754939150801334620	3
17327545793717263991	1
16486462212490752995	936223
438389296553537174	1
6446196174916492791	10
13300641894953573837	399
8800948539828878765	1
3837419904219458174	55
138927489490315377	5
15357042011274040472	2
8920152933410002099	31021
7747039686272189935	1
9431696338170192357	38275
6673957541286609578	1
11063274479536150406	211
180277822630400758	673
439700226856745600	91
974054711601766088	38
15820365869959955802	30
12748086654221447277	3
3207248670551558901	291
11495232461832118649	5
12842222363123046335	459891
2639195132223767945	716
16117139447574493038	31
11187381081551326654	1
4746596995462933590	31
2896334298345262375	1
15899870536613691540	13
10062655193237363390	1
12706729332711876609	176
4196071011503801702	1
16653217612946969347	4
12512645669487106828	314
1454569689437958884	1
741750956591045606	5
297134773352494766	1
12655984594030727995	8
8833093316445032497	2
7346717073473554615	3
6215888589936174325	408543
6257952088287751746	435
2570672889044282548	18
1375905805691452633	4578
16343705788970360828	53468
7452414631116542709	4377
7784334363830945311	4578
4267756223851345051	11379
12225742672066394473	16
16435175894203493777	4
3923855796981428371	17018
318601594836440408	1
7966584148264915910	341804
3330901527954146274	4
16911404977938928451	2441
1647926063578405132	1017
13073417719537162044	3065
4487524074230220705	3
15980302724557568810	499
15367027011132247365	52
10028410569946180428	1
11652552699010280192	1
8143296707440936140	15
15820511040119909515	2
8577791153127225391	176841
2319967723942355203	498
17443264210973017169	4
8461091315139378728	4589
5672166703443294954	3
17149452977790293386	956839
12850619765380068964	1
10155717358183306468	1
6099058591041798035	1
776492912937888136	2
7503299409189141538	14568
17975512792234788248	1
3424484078987163158	564
3605269854918181730	282
7695497949891880827	1
5692779257399929043	1
9044111814525570220	3
7435570858899318918	10
8831181540322701093	3
3298393357644863716	11796
17918214815532003617	4
17016736183487923485	40111
11565989557742404046	1
4302568860137664542	1
12123043395896968365	368035
9284809937849192550	3
8716894739789655897	8560
11648556294967925511	3425
14001562650283358554	3
13234909878495567074	9436
16729831362779158432	17
4568189180619715319	5
13861635726452833414	1
8862203086432844102	24646
8791357359602035488	36240724
8676146899996443608	26
17285043429475944382	27
9926205746633079938	96
18046831994389764987	394
13383268615040131204	24662
10127463729816897027	71
12853761257120801022	146
2685161906511715269	23
15826776253450771524	17173
17767391483270923575	68275
16021560370886985021	420511
994947937373497974	8
2126930740842262160	27239
12844890016842023194	115
14637684727195148066	557
8423078286505995184	1
5108054899104001563	2
2173403409204406008	2
4299955054822012766	46
7670377524137940437	5
6663087686932173039	762
16699934642913385912	1
906346393126356260	1
4193135909285227213	17997
14589021179563375911	6806
8019686774439587230	1
1099757311151525030	600
10515167725288366860	15
17859580869821151947	148487
6703981322572637328	1
9243499004148851789	1
492166109741380034	3
6366488713491628463	1
694918015912665523	1
11494018141759831033	1
3830824022788746539	1
6366466580619372537	12
4358002982195579786	76
2042947133585240506	394
1349424571098023425	4
10519043664877627233	90
15088147750997466070	349
15068317710778985535	109
6417507330556558459	1253
12650465753860546255	1
6459980713316959960	4
323618359290950883	806365
11143629305738555263	4068
7167021140586238131	11
4130307886387785920	5
4144475276286753595	1
996407838781747455	44
14034077840514525022	1
7700428967948085558	2
10742026978336440871	6543
6214346392493009657	22
2759582153771086396	10
18328780353936925843	84
5136253588096978014	189
16325567342456941910	2
14524282992903726284	7971
9024980282555779425	14
10523428070538691634	3
6851113080053884406	9
9052834754181471241	4
2618247694818688123	5
10585429225098828777	1
6568858463318445403	923
4020670374074557358	6941
10913888865693026382	1
11579604990243530448	1138
14819393488245880813	1
8774796181208877963	102516
16061418314816541229	1
4589402922038294670	1
4234369303842123903	1
13645802044748478293	969
11272017332680745034	3556
6183881495966423667	58
5547361080792650253	34848
13911450416321359122	728033
12044615759331366395	0
3617534090236585339	5
2263208345634605530	5
10206735344938817432	73047
3425840258965711710	16
467740088284851601	194900
7561678605743757893	885
2068394778130582045	108
858394081982941527	9701
18139225074638230130	71
17383170322789285617	1
840488464706124863	2
18123958811517064529	276166
9275217700950033077	31357
12865342144541065302	1
13977460151995635540	3
1457781536486689409	16342
3851534259410625527	1790
3361690258946788066	2
8271764750821272627	438
6892484663402849081	1771
3787657662909955906	5
4519813420623258084	3
15540250049302574987	1
4034515506607314819	22
9216907378626747914	233
10465882912789842009	2
6390073500135789672	478
54534222133248598	1
1544674318783998469	1
16671966034254236365	531
9612765841684579676	9088
6038051350737281824	6641
10344690115752282557	15
9469884878980228593	115
10359812507462067029	3
10704014242013095956	2
6363568940273093506	33
6447270547221737505	0
11367059518923355627	3451
10092434604903906432	1
15668106684283797471	961555
6912129510570710695	2287
9537807484947133936	243
1303191053465333629	105
3453118594348923870	445655
16593927245878823295	204
12873905067232116914	113654
2387269389603356138	17
10611474329289599431	1
14145170052612036151	15
17517574459570551101	1687
14638047565130670903	2444
17874966088596871072	1
1931534429527199985	12
681010895444399247	1042574
15620559586576872400	1
5301907025194502721	2465
10117758250000209802	24662
14122088040138621531	174118
12970435314604822207	3954
279956830479331452	1
9736878453940764326	168
8789361003860965956	1
2680873929511300303	20
18363367787990801548	4
7836791998994376312	5
6741086598239445298	1
17783527601031411583	38
6581652783720582632	1
9694503504894027097	373
17912382010690360557	2
17738412943531175003	5
13363431145385970729	3941
5752981024984322842	1
3182334864855577185	7834
2766179721143913941	10
17392740935531490314	350
13789058055153387386	131
5485013278108312090	2
12343471718485015689	11493
16430264661911886728	1
12593032865961240524	975229
7997925460872620158	33
5556755634746067812	437
9564442860226408181	320
17781566934537427771	3
6176165432995175112	1
17898803128449317376	72
18199224624242999308	35
7720850745655982530	474
8774165532023140381	2
7780308940056371384	1
8812502153537940880	99
5580063259807134298	4
11048607606410420882	3
3085975159049055507	1
9420699956497915304	2
15366669288437619088	17641
7032811625908582175	8
89018585170732776	48274
5608403082254169287	29
12752364313665523747	1
7263170828579284307	1
7435603628783586938	2
8014356474172614923	10
2533371026662397698	8
1067732844440683598	2
335653640292839905	4
6407029316284467782	1
263143838556688044	1
13979685832271398116	1
15257455653941534955	986
7551463487428199813	1
8779865064681051206	87851
5886156727595078255	223
8326824754945788525	4439
12862738684672017600	334
1070512267733331205	3643
10978814508029486329	1
2279891735156330012	268
12038907089764614604	3
7424054510580302183	510
298847441782429054	39
17975322107874496944	19280884
9717136407741627167	1
2130913110994195238	2
11477806713366775636	1
7003181534433244182	1
2494574067644797864	240
16054601973285173189	54
10943569764825155909	491669
7855796924117340393	1
18355692065947448004	5612
5259166206364176105	10
9368395335320308719	2
11260977451200281712	157
2175570766742935856	4
11710999883052418218	3
13279746247293053453	11
4851253114219575659	1
13321565231129989212	1
14263813283222286437	18
3213218114502490344	35577
15035920321342521782	223
17230503850492021240	73
3241252489653836911	2
16924959859290837369	18
6919651293924005783	80
16671310321478586585	801
8566350021294398096	1
17666862504427430756	7
669061213992857291	6396
669238916381731470	75493
5923343608784327271	1
6272218019150946722	1
10198732855481405721	1
6177300496135442343	2
4673309304061222300	1
4843412110612255099	2781
3344967543139720904	350
360278649416699583	12011
10869353491174263467	131
12806492096215348140	3
15437056810077677532	948
10882600366967065435	14
89187142359282459	9355
8210794996588415128	5
16088655038603771667	2
10993309682978047317	3078
15350467764207677351	1
1717916683713255671	2
14143644377705734215	1
9036874379411029224	173
57444389277797778	22
10673707504653001918	1328
10135713484542529868	2
16202071867062360905	444
14265807808609307621	4
11858886077473993607	595
7255990846583285597	199889
15243544672987595423	1
9750191316526481610	3385
14948795265537006916	1
4560161930305071542	1265
6347827643374108573	1
3837907896847117145	2
18055315024734488457	2
16077053757605118923	14772
15396327331421948124	2
11727585587168803337	1
13213179104749647487	6238
15779630240515680929	1
3302040256885168797	39414
13934928705308633948	1
18372404337494347443	1687
3239025599650083034	20033
12590580522897275416	1
58124893052277199	4
15459177325513218920	237
13722333979111697339	4
10634350231086209898	1
13795681930737737742	9
11669904478470181426	3080
9369578199752976186	1
14493604043059176231	5
7486854748452027276	1
6451662225253055061	49
7835020182569749921	1823
888357409715827225	1
16804044119345378684	12
5546066779873851254	15
7743627625380479583	4380
3278273410432692757	16
1601823197972190473	12
9590049587842706239	105
2577960185706470511	1
12606836557809549369	1
15961684116751513231	1
17500067150353278518	8499
9010776211044536200	198
18333341824360718280	35
9023297445913544183	50658
5213162812789361428	1
3804052114709816735	1
748901625077065466	1334
18408972776674211326	12
288201700480414719	200053
8355119954358724058	1
12716041893168276949	2527
11321250770154594735	1
50033146686799246	1
9389503781810208066	1
1597670321637350113	4
16669457175662523986	1
12502647407486749710	3
8260990168568643136	222685
12707401766787791255	43
2376545073893988482	6
60421162037918598	7
7818767509214908103	1
11228649265616361189	1238
8686156988696014798	1
4731159388823942840	24383
3467194648370198878	1
11059128294037287704	892998
9559945535586893043	282
164047156365009863	12
2910147613359594908	1
8167294259102603690	0
7549950934185539056	2
2591228763003784907	66127
2678903271432219462	5
1921180941632448192	910360
7013592513783716647	43
2380938386177614549	9871
8058170475168361852	1
15423384319779585499	72
1729741293012807882	15956
15986248457599422985	2100
13829576919129718905	9
380937435440980838	1
1787320861645576938	4495
16631792063394971042	9853
15653732060359122718	3
6653453085262667477	3
16410622611617671970	1
8837434272643150960	1679
1102453626580433985	8
10223388266698713251	78
1713549463307051532	16
3974754702059231707	156
8787732569227864751	2655
14371265740243025225	1
2829317211797315824	14
8395798291947083623	11732
16217649214598927450	1
9215983810830343160	1
4803275367032176813	41
11086305274715130545	2572
15155791644417064807	3
2158221415187464283	1
13946907059111229960	3
6538178149222156694	2
17278454700667707648	1
5719801192573642511	37
12610621210021020624	2
17151989964875023234	1
9928103953271523155	32
11725117194772630226	8527
9147060264726085053	2
10116390422504903611	456771
5934263165430870482	6
11797942800642805480	113654
10092677978783842015	1
2863614131474722961	1
11502252488847978065	1138
16880078080393986830	1
17541005366690526847	1
6658189590134549549	1
3761491703700792549	7
165325702072355409	1253
7472320161723425180	7
17705912495720236238	14
12915375233023810765	1
7275555782080608631	3
2102135747354208187	9
15550462579720662389	1
18305826922113777550	1
8020687195689930869	613
916054076346943082	4496
15410885306131837791	1
14114835391021825172	19
12960635095288654969	10
11096929293530699827	240
101816797001277585	32
1447009225703875722	3
16568667756210620835	434
7263584318167230320	6641
15711975575242200634	4495
8834109798108531265	38693
5459697714748189675	1
1774278729414666742	377
1976573059681454566	1
9885337926310130781	3499
1264179529350042007	187
1225709192687308453	1
11977754619855620030	156
5699498476532669679	2
1555968605595793898	1177
9380396683433931600	15
16490291780967998533	706674
4094249390657268801	156
2046595622122604301	16
9699931141088680946	3
18189234224463401494	43252
16701109122632224776	638
6319628798060094306	37
4183350887373787810	67445
4833772087465558255	420
15740296441809428760	20
15265402196305664832	3
6658764924039930667	1
14698790815942883508	2
13548399152174513045	0
4516190727087645027	10
9267725035917168639	64597
10579151779813205746	8
9325919865566388387	1
14844322364125129399	11
12921712364600673692	0
6761371498676103889	6
13576687105288079316	1
11723729273726748448	415
4453046950494323705	1
2003580051379609299	108194
9730453321150683457	3
2624799172487905466	6
14320587095230162888	5
5779607288463389689	5
6264049904315910285	14
4026736096248377974	208
7196583346032998346	0
10936069061081128662	5
15936277998406943624	1
7292432057614569381	1
6895463257049052952	1
10099202494836660662	1
15683270494917969042	47
9736052110582409847	502
7882562115259408749	33
15927123924640517856	4
15344832692043673072	15967
3542068677661881484	3866
1124556932286383778	2
2124156336829344571	1
11852919356380027989	13249
11008474351696126401	12
18242957541614572629	1
9714073836588896824	24323
4828684260132512054	2
1626316717087809429	4
15995419534827688165	62
15068056762803103805	1
3520234640067114508	512721
7538455789213671371	3
4672082490866302057	1
1758128638348755946	420511
14321407055058354529	4
13338643088399245058	4
11014058688202123515	2
14873433054697151426	3
10873630290320508757	6
4350798251492833142	3468
11504843040178960022	38632
13520497404664493443	1
15195576485885806321	594
15961081752505337923	220
17443354599069438057	211
14181162479890604391	2
3760669146559114512	352990
17053024735649504511	44
3168484989313239026	4247
16324226959282816435	415
5515382752622141100	1790
8521790479338792243	6
5993953429636586927	1
4083430836881954150	2
604043882208780403	3742
14779833233389815849	3
8140782982531382220	1
10232180513766927281	1
10847713191392159772	283
5440965501617618714	1
1123605056224827132	67
7731294432711938257	2
16015251407158424042	747526
4709792409694577290	25
3357201062751008189	5
8080917148652474523	2
4069822255705138423	287
1493912019938080694	1
4706270929098783011	1
12160119205544492092	4578
17701765153358066622	5148
4987198003443970379	3051
12637755354192934740	7
18205308414991991093	149
2693448630677910328	13
8072192722969704370	1173
4340299850192112181	3
15010180169752094635	1
9509661478237551755	1
10839043001915176919	1
17425006733068450273	4
14490891376052822051	2
16957094636808387035	1
18045736013336469395	3
6977522502040281629	3
16607577639854554735	207
13801639228207858121	588764
9168544449135778775	26
5090444541362897338	3847
13762643144997727363	56410
5685215970873097736	46
14865391707327245276	12
7464100204666759023	458
15558827109991755487	1
5081756660249038128	2
3446591384173626785	3
544257522485071493	1
18087020792485231990	54
14524859989976353836	1
12308113000663594544	120
8979014810187286740	1
6242385127077126960	1
17372533121916280966	3
16979350453000796083	3
13937823025801664087	42
17395079832406326220	8
7417798298285257612	1
13700499373654978353	1
453461707723234220	3
120268890457788812	446
4971549479569571932	1
4358734720791670718	182
17680400296838663888	365
3323009441605770874	1
15676050227230730033	2
3625274240406697847	182
9604621975684652039	20
10202656061485979900	1
13517009315000416601	3
5181179711807784740	2
4066146692621519423	2
11725936635572372121	806
4524852292262654936	12713
3789312264929200732	2413
3121170820473264009	614251
8565589582405456986	1
10712909209397648243	10
14111223795657519350	1642
2691935668075209904	1
206959170844651961	9088
15594198340369943271	108782
12843809676090766855	2
1449326320830627791	16470
16410953239227780113	1
13318139936471807588	26
1520766811940362365	1
9992341053456633592	1
16236294348405741015	520
861247373841842561	17150
8829122365872728387	11
15074398478494455914	120
1289027900551283943	3
7935184184014465101	1
16017322937979459098	88
17782029790870524269	1584
11327534014603337866	14772
1255832748074741291	2
17091460791163673299	17074
7712663889996927757	3
12768933379198523958	1
13540719450501154822	1
3046997967431961510	19417
8042630389701458195	3546
918912446587710868	1
11684787769927951527	2
5367914801337501794	272720
8361098277931859161	740
6881026354325092301	60
7648727511520380510	148
18354432723789732362	1
15153617963434865702	480
12618209146106123413	1998
16323910001932496021	2
14161636865256205778	7
13564438740488712449	1
3543564892707834167	95
3761016298775832956	2748
7048060990401767904	303264
4965460592932895614	15000000
1135781633462770498	2
3566718276801479077	2
12132552911250303109	12
547346408199177181	1
14487454387912669058	33
14803725198652324831	1
3217128152232054576	6921
2863268885430709884	2
1623678412628878202	38
6755034638873608621	2
17585606925955739086	3468
15790938285723884597	36244344
5789453428974309374	2
17556333624638756770	50658
15138874252777647754	1771
4401731283593363371	1
12112508518703260777	69
9461156769340882481	49
10963227333348845247	1
2249224653262359147	12
11335637815694913051	2100
3564818048316981971	73
546026727906642295	15852
2238054165046754255	1
6651587133246471944	268
1565720843942896916	3
13411568590126306716	3
2456586902440230661	12
18193386268624570149	5360
9040128440357647326	3219
5931514068220799999	54
16324251663475081567	1
9389904895343896049	1
16231452714561344960	167
6994120729965996669	17
15369865614562682143	1
9813660853358077586	3
6512847791652770957	779
6230758408084237884	14
16087251146562276171	730
2720464651195537296	15
11997485935780238754	1
8164209008897059096	141
4842289498993020329	1986
4835632362630077656	6056
11747842283761606296	806
18239138296451953525	67445
5945960530624342255	1
7190697389324401171	1
133709884116539385	567
10818282033070889068	2
72572923922068167	1
17181561232713852954	1
18313580946104818254	1
14894171363318029238	1866
10175598623404620837	3
7172019669860733182	2233
12044829247452226120	1
18134551234670971914	1
6713150512454608636	4
9783173349911145297	27133
11099160448722067522	15
2933280160176535522	2609
14974848951235808332	1
13743475094857174561	19
6094604288531671082	1
16883546712935636270	2609129
2820971041939157894	3
3625778013995715422	53
13516503398595593872	32
7600708535971727951	22405
9752207703687878665	42
6894687077598340471	1
6641564049510427868	48
9545474368849634627	18
1558019255687368167	2
16700297581471535255	1
5889850954722560086	3
9657929191887875390	1558
12442079982939839907	1
3776141030159770464	8
3602286673458441330	20
18138416007287979997	1
14003665727599824169	276
6733369020866897753	1
620911254554157062	1
7879339329288416090	1
16678164191512536677	1381089
4635531968529476957	1
11923561276579810855	33029
14960045122194263800	131
3235885854533709347	9853
14560944721859028918	12
9259327633102685198	2
13008024531900122773	13
1374098124664101712	2
1175349800471390297	1
13016836954207528693	3
17624516450976380446	2585
33645082917298188	21
6666571601417094965	126
4889845528183878964	16507
1775301086839653197	1
6570608924690437765	3181
11643104743773224986	1
5511879560215692455	13
2765472026602065650	2
11367322754603082428	11310
379975640551290788	316074
18011188813808490624	404
9549463186979649005	64707
684230518291090675	1
2347918124950101424	1
8282931130412776476	28584
954494293858219348	540
254182843023855225	188971
17671730589532518575	19
10503901398765732868	326
6653993709978751135	4
14619597569516473315	1
2347458007209818769	1
16971491518179863704	4
3586263087805537322	16
9981334651228264159	5962
4813323374571296863	233786
14945076848725595431	61
9511722674564414575	29
3719581593251043463	383016
3598686867251874121	61
3458820399967982569	219
11853007541601303241	2
13355397808551525941	1
14432726659915366476	1
8015352237868103601	1
3615934364753404180	1
11807075365960250537	342381
17872650283369931381	0
16389708088277087028	0
1795237711132539279	1
11420608580542448790	1
17679631264135829915	35577
16803536601714893838	1
15626186385075886787	10
11785374663031770240	22
9182374643664433497	100
2783802761674426699	160
10998572773166444752	236
17611343867446154974	6768
12662805865805873948	11
7457449343121390580	3244
16592985614129752307	35
17142180205532856880	2
10136589222288507927	301
13585899269297031618	4
9374003992944240248	198
10070107759925740356	149
2377282654837413801	2
7541584205530294944	27
8029167986163769794	6
1174898548443733660	1
11075192909165414434	1
11225316512283442115	166
8396659646488334786	1
4285802769072904560	50658
9736152693328398372	1
1671569781209708926	10
11847937645466163920	19
17264173281538690896	6
6856018984219505614	5
17761489426404339761	1
2114131952381871976	5
2227953392858381536	512
11930271505414659219	37
2077904766121633652	24662
7712300922174079226	12
17990237215885754377	23199
4355762547903978416	6616
17521039305883758299	13
10794994087356696643	4082
17787840821379982337	757
5884307030003397646	109
6821982642737092358	3
1259243978159467383	3499
16206303666985606236	478
12601707613869242068	1
8371630162100916677	923
15471377145419943449	5
15433200104441180214	14165
6291757827420151959	1
11697025533524830168	38
16365709212625062086	6
3313748210435385637	14
17429167674170979959	28180
10121470369813877131	614251
9989684364471595375	3063
13437651242676225336	198
10610249726026363732	3
13776244185510251291	2
9034429129896270114	1014
15151191214824052270	51
10659127479813643489	8790
5835540132372264323	1
9789846307564896272	948
10914044799579185818	268
11077666042415269175	2082
6465903687469150432	1
17698235479114175407	3318
10245351010002135595	10326
18424249077565876248	52
17162782445169613635	4
8217713677569514771	739423
12775065879467427450	1
16638000143107568235	1
15641259871506531487	2
8050892536900542633	5
15034874954646105543	17602
5680823913013988431	61
15690386726192741399	65966
15492768372929638964	3832
5785712900175187401	2608923
1989833479866296086	1681
14775992301632040899	23976
9253514850693812667	1
8963652003011091808	1
12167518250339557397	1
3653031237612567753	2
1812466262532507561	4
8986236196473656913	79
17037969380330919924	88
3524868308351814318	14
13687287139636899529	1
12135190100179248437	1261
5618440580817319461	2075
16063957648404227794	282
18354197465357922784	1
16247786618059935839	9701
7828011073017127360	301
17787683525145944847	34025
789074317276503268	156
16082064991150301362	35
10333025799482225990	141
5476242274158831425	60
271737717525152216	9
15979767386801128305	414
8039177096795630447	1
641138201750480020	201
15842676637744334867	308
18348519365161914013	1
9931161288905345927	1
16848206400421257517	34757
4621926128180571172	9088
6038126252610116728	6582
11544447089370888141	22
7687732551736158003	54
12753788458526293832	282
16078727198614474940	1
7254662640438052234	3862
14502573269277066218	2438
3090129055498580373	156141
1273244174003852086	1
13868073529854984912	349
13563550765295555542	158218
15439995421588044947	1908
1169556025473156680	765
11177677432440858901	16
6293666759370212611	34
12670556551521253349	1
14790223817599800052	21
5475287917363405834	5
6163885254322780713	51790
10645171152271056363	5
12949192914033165912	0
3410035777297544418	4
2464419046976314910	6732
4631182131239048238	282
7519626056295877006	8
6266921587828936881	669
705636575033218388	1
6315676600502912559	156
10227231549692362787	1
7556740075747813797	40
16044652153908240346	1908
4348622047408433009	477
2587470373102194347	16
5532022881413060732	1
8476449827281465807	161
6794751179605483999	793
2548899197361931277	50
14726300811060999265	256
2082862017805249016	1
8926469322071029328	1
13904491354484465365	1
12066393613690605274	435128
896588141233622272	1
4643796852933482901	5962
11405026665524257440	18
8528085607813999142	15685
4934597982875874677	1
12800728167049383347	3
17238608797833872706	2
1157213539665490734	68275
14276404986754227327	48215
12403505193421921254	204
3386554639567941416	2
17393929694598958010	0
14530988443729211903	36
12521990366288953999	1
6361796812586420798	1
12050633425503437499	2
10340811034551836454	6
8549340971287630601	44699
15822868838099112479	1
17941793763871220175	2
3679109601100281056	1
962574169679468647	0
13646798425304740983	1
9852670898231679368	1
17077914545377252480	1
4158247380500195160	1
8515353498694170604	5
14874959829887460240	3409569
1464283682123194390	8564
9307304187282113385	1
4286117986224424427	1
15167172596950429757	1
1099922591771974403	1
9912072816960785820	87
5881370235531137543	544
3950207006692245905	9991
14503395921988047158	18
1580071288602869457	22
4181635463688462306	1
5586332890211304442	47
16737303012936652119	10
18163254461024665849	126895
8221686164404029694	10
5842709941824749663	1
14892470072999076084	4
9315972707976611726	4
1555917480404174469	1401
11566335795656831648	2
355370381205754010	153
14465501794566236385	2
1370788235173376672	7839
14649879412504171684	480
12703510859950626460	67445
6451774174793047748	1
7856325218492135268	2674
17078233191316609032	0
14779397456877769534	1
2080521471168108295	44589
1249014945706550023	3
18377052102716833509	1736
10282996642758628487	16
10067346568733897380	1
8399777306953231838	222
73554163269976700	923
12081624361648318075	5
5695697966983949154	0
1905558031111260826	8523
5277577534138427634	544
9284031613773027215	2423
8953453986893369454	1
7412470035800242801	47
1485882703895053880	1
13622610568362848749	7
2046186216049408927	151
13144448227638007659	1
15832356571464492041	1273
13233377636143697452	3
17642322066975773162	1
15434004211165453060	91
1361303169741417943	1
7726585092883693714	5
13513949520239064672	16
17766370840629879167	4
3988019347414722715	1
17888143786337284247	36
15034350077322910843	1
15809121607323946722	33
15915956138450788750	1
12102522841007433448	4
3916275152689026703	2
7456716624086008933	6246
10819662080445846999	3
330847982748031478	11918
8125890802139864641	12
7936949610580910453	280
11822763386014567186	1
11305871356728651249	3702
6415880783209290787	1
15345351625086774451	2
2487038070816527038	137572
12853876653599147358	176
2937329784233247124	1
3802327413270719318	1
9400930007070741751	11796
11774014486857920036	3862
14220847392858391318	4
5589261011228239898	3
1100992604926456680	1
689186990952753051	8
7751964939992532286	5
17049743076049895296	2
7063096933517966307	3
9952219853202868662	595
6260088224658870391	1
15928093530834636192	3596
17559963028128723180	84165
5452319922462864088	0
14576339808274063568	11
2560206857116299466	17140
14091704774705891205	1
10900542676700271519	1
17419057325536582226	2
14229428146066760078	262
7824783857217334486	441
16851994659690756350	4
17223395448227620766	195
7476907943850733874	20
17021944083626879703	1
3286426243228506231	149
3054999775145894146	4
10070038299033545104	115
4419508210994855655	12
3059834539024882409	13
13043438925213720889	344
7473139428832462334	1
14751384629827726568	71451
14720692043758201358	74236
9258632995511798421	108
11978036332829099960	8
7745407738667418256	1
14744856015602657191	2427
16527584666721357289	3
16871964468863857004	8
3277188157593308336	1958
15094929934626942184	1
29622462256812894	13
3072528407835480705	10
16227598247002457583	3
6308376579228450129	0
12643207481218357208	207
14794816193849296719	1
1080858808214092737	14
16422508561670500551	35557
8793287297328250141	561937
1165565822390458284	68
14749287606578181040	1
8019028179961180432	56
15719010039629021264	1
14453435702512544055	1
1687092779794812494	1195
8464427499419251799	280
446966598124343874	1
7920613557140283284	3954
4251752115870753231	167
12331971807463866445	2
18335984074145654128	2
7975884180046287177	12
14002197030634259662	5
13145952682361890980	5
15754017112625167414	149
8899875130713127136	1
4366232175664020751	4523924
15350194217594216845	1
6388992705259045030	172437
1260957658028025725	1
795696135949365238	1
15429440373049165961	1
6642050875567630532	179
16857719589522365782	313
1262674913740084757	4876
11070522187587620500	1
10381897853581617924	1354
169636231154409017	4521
389258332266173466	3
5606721545799945447	3
9453158032775231893	1135001
13510637626417676206	1
1816187497795524320	1
17999658681592009574	6
7469361285054190557	162
636263002084569696	1
2219660777007748349	10
8112462039022935368	4
11806675564494951889	3
14338920599109023783	1
5747990390887129881	7
13731271350074349072	543291
990781771567679915	4
2221777572492543031	50
11650359261209378946	3
4430507040782708415	19
12844006184345368048	18804
482844622388562661	25
15609857823777395055	8
4349601803854912346	1
3083698549069690905	49
12401482216103353827	240028
13053731173312744249	4388
11156134891365241746	369
10521598990224689987	1
6720449535647280272	1
6524825893523413194	17
7129976348800008902	1
14810901061657878764	2
580578677192329931	923
16017842147304387771	1
14831759974319576289	5815
11501333750701728384	1946
7937104504653130173	1
2185389937243145082	648
439786398305025961	1
637954425008498276	2605
730480057795998262	716105
12812967631755583951	0
3207443165784119030	35557
8950667862744050246	3
13080017495195131491	61664
4644832287768244107	1
17377620230875285068	1067
7600525707107196622	2717
18288502119054622058	1
17166259814548757828	60
15994088214867489506	2609
2936219356530715099	1
3640121945126894534	148487
7813168101553501900	1
6930394836149263095	0
8105765249388863965	47
7681557829513005055	0
3074575029116782384	1037911
10004904602874423324	111009
14689025581736880666	8
12644992271808164263	36724
7873143320649612007	2527
7360423436255375718	2
18330544389899308487	509543
8719729908576595356	1
16202992529962025845	1
5245816404452048606	1
11079921520051622057	1
10163387779048766175	16282274
16839056736613968232	412712
12329800250191416621	3
8755683017437088435	1557
18141381093870846340	20
12094224714985842474	18318
3597047310147027214	0
6963199726239598646	34
7174920849085378665	1
14200090439446185812	57
16095698898030073469	0
1511634600919988283	1
550174808196243272	2842
328845844550955061	363526
16114797626901716676	1449
5225082133530979874	322169
11112561018682021281	35
2710962185219926675	4
15594910474227993736	10
13548130469043875119	6
16851658476865090297	1
13681754412734129454	4
9322840051298513009	5
7738506429612525083	1
4667195806396286313	1
6682334818624001378	4876
10840024157691907901	3397
13397610559008785079	35
11577805291306663313	0
5101431465691180019	37
18152982235354036474	1
1988893077387287594	13
5278249874083759842	12114
17622110302439145902	2
1278194012541546726	1
16389756801299496703	1
11070962159155336954	12
8062883625828380457	18
12833860284140705800	5
16760312549805267183	33037
15264147230995283147	1
8359114342614289528	2742
8439677196501983450	1
12637367261174838689	4
15174597826574236016	1
10954904748427680272	12
147621114301566131	2
11390279010452600566	2
1563369944031149462	12
14893104356723930052	1
15239434913615341063	1
5113444718766859261	1
13911114276417879660	1375
9742023400930233673	2
1116221714445615968	7027
12802748199315742724	1
7367834647829726547	1225
1125743027443108617	5
11794386746504458614	3
12457149637848824343	4
9610703344426674154	1
14645457007710535740	2
17328873930730306212	2
6930753025081434548	7
108892826377991277	36
8892549362307959991	2
513546870731959277	14
15870879138821938018	4
11937660032097904410	1153798
9921664671683187348	1
5744498495889207012	1
10329477639719089860	1433
15380578728334932211	1
2277339049000469105	3
18147739994099223898	1449
4940071000273960077	1
16359610710448233420	1
15019773465358105536	647
13801882190196326752	113654
18399884370780708945	1
17499483199731540337	235
4577032733017951209	3385
6551801874352757454	1067
1022448371535738816	7
9843600869061729418	36
14664694003383391466	33029
2533117019444391663	6
14057351407372916515	1
6321731746518337298	1
12646068475130038210	16
8489558124939322825	1
6622892231022858287	3864
13925193559030058781	16486
3024741581089286561	1
7602387696154632431	3
12591400824717632626	5
1041071408746619867	1
16459649365943791190	595
12676377191288611939	2
3906391578567270363	0
4685672161564081829	1
5104668573517696588	4
13086319118339748403	3
408973267458925123	13880
7584360384203415469	156141
16647877021827340541	2
14993971631642035663	184
17602059582604605802	77
7941167913125848410	1
12710147444654535893	6
9974334756586316119	4399
5199396057486360231	1411
11982297049318279899	481547
12837885830457742056	3080
17083168051543900414	5
7049415554160547197	19176
4778128483657118319	686922
10399320667689886458	1
10548380785363369852	945
7202534610561721392	2670
12679281428077184775	3
6617038421837683311	1
17737987549462583243	3
8360896378130486177	248554
17082675735626560585	193
9133818266461950529	67445
17701594581236712837	29
7628257516087443122	10
4466305290029260507	128
9417276913944991353	2
8053311379008323484	4
13213366753639453325	1
5302549993991960435	5
5134802455310324747	39
3471093181992582105	2
245505703633975256	1162
14622315920106812475	2
11557143543359103560	274644
14075100207732581472	200
4840163419288717357	2
9245637166038692286	1
16916414977113454353	17
10237261272030605624	1
6345399874133464477	0
15811324635311661682	1375
18130082992654809916	1293
6646675697613777367	309
5545434751012262995	1722
13871214128927866362	1
2643692059571899541	1
11312813572264457084	0
15461648717062463833	1
14322385581938963852	1731
9957355770854515632	1
5186762211342118464	1
14292905517210303277	1
9706321390716181925	21
9595453466152468613	648
9508821892101909305	4
17176064964882017503	13
12734028092281249776	6557
3333206203746762584	420511
6960015293058052524	24662
17865646307720702225	1
11676390719400506933	1
11877715807258306369	1
9410785558722852361	2
18229450236467782083	166
7562432333599021046	1240
5021699116541054224	1
5802844903062908038	95
290976421984964749	2438
9747430412290248655	3
11837901100317861866	7048
342154631345008718	1
3568677082484052160	5
13109819563915072017	360
12144794261603538252	0
15199376102560299808	19
12284351008715868077	1195
2421707913852581934	73044
5241944438136726902	59116
17556788977439571681	1
6895604312163949134	1
10523820906695732870	45
17424829208205556307	2
17682013605725512410	1
18102989879564185912	1
9191533977463556368	283
9925907381423143671	923
6011117783064575224	18
2433654299303980115	12475
11325078730079984043	186
8211855821486574525	29
5918047150521225608	176
2605188903063377030	1
2705265934492589288	21
12680560457332613317	3499
8525066344736622536	195
563112410152039372	1
4304516986115875810	36
2389636568060970509	7939
2792665218678827783	1
1853126845290474987	1
5402777612508987034	1
13501946298417758109	486168
9282931420468477641	3461792
6590745741152004526	6
17709427196305290740	1
16981836424592481354	1
17242138737808070918	1
8848822279848280719	3417
6292804228797680150	1
5630294162254146469	347
3483359718425430994	6
10260149113205853740	1
17766707321484777373	1
9564590331418715906	8
9574681841193040520	1
11121279058210371807	117
7601931159886480842	29997
14327197615575839343	211
257190254680644433	38632
9505754968560178292	110
759667251587239968	38
9219550325665334589	3862
14929586522754770114	1
10367304730523106947	2
4931885201909786868	3862
675538333604499984	2609
15704384348003542323	1
2608321294926168530	47
12119160159097738951	31056
6980506488576006520	6
17806954878124541860	67
13900225517254240912	182
7972521681736206056	13
16366577678894996210	3
17513611496570246324	2
17754252709096645965	38
5410655617192932209	2058
14169152897504985353	1
3484629996566220738	3
1044466115038952684	12
16462764836728027564	294
10425654995062996996	10
15726775363557943552	6
12169880251588540456	1
15228922674025746155	3
16485291441927320513	76
1532553046896893639	694
5474938578945233130	17
3878228602572808501	1
11424580152477135727	16
14808157874757154453	17
9799059700775523996	1
12725827189170751289	4
12088067666112350167	2444
4400309251439257192	39
11796240420477600620	2
3955849489685454637	2
6093860970750920796	1
10867646336876205124	176
13054021286236783672	1
11053116299492954109	9
10698750636206167051	39
16050685879323067241	1
15368505100384282155	14
9440942597027306680	21
16067566383633367574	8005
13269338362743625674	1
13223443026984174555	747526
4571286009932556401	2
237465443833006514	17602
3571442455270178063	1
12154826444498728376	1737
12330821964438676699	2
8516196006867291894	89
13212964585532347192	5
742349978284670094	77419
9765723654251595844	16
13459465482867168012	18
12047281545454247320	12
6732529744017164080	747526
7096820931843188603	322169
7257370578088278010	18
1830021581310265535	1
18304901890606395856	4916
13545108475964973747	2
16688997634689700981	4
10969793311108287610	1195
3143433591203524419	199889
12612911744328950341	519055
2890748573606987035	1
15788939258645980106	64
11143612302308298157	5
7790744133891974848	210
15989075942848840627	68341
5008775475715973817	1
453938569482617193	1261
7759383059798510134	15556
5378235575484955544	66820
5847126675058331537	28584
17832589092662477454	1
1993604035470126832	6582
691201758440245374	1
3139879791516190270	35446
1751752411453661373	6582
3209581817776710505	10
9811272207973121370	34
17613947511504800726	2836
7409618311457441231	1
9975265702194240225	2
4246003319180712804	19
18432314838771029279	9
6325649512399427354	703
5277014897492845167	3417
1855838491525702612	1687
6715243552654041742	1
6875940136884591007	3140339
10531419696210448622	0
14107077788871646502	40
3298184298675574806	276
3873063974756903501	4548
4384428970591331477	2
7034334981915742506	212
5059660934852363777	23
9477654275331913833	15
3735121212055348395	220
502785709371357858	77
7913797038813148868	4
11738189388428747819	1
4594637080825356466	26437
18137315532479876186	9701
8106982007045875349	5
562788322499425193	3318
7287248862765218708	198
15833777889232093519	1
8206675063965245265	7
4668957229032030700	1
3199859754735768531	1
15596366322801684154	27
10495260506045887997	346970
14872725442727790122	77419
13637939744442041388	1
7052686419058723312	35
12017221660610036557	61605
3879523783357166005	10
9578181617802894852	76
16199427459354922281	31
17769401612954289232	211
13503624453383460798	2
4994940116185059035	222685
5188498343007009250	2561
8309691473794523957	5
7890579818760167508	8495
9260944800275547442	84165
14013517501035698824	68341
8447504579721561257	1
4439389842810908205	3313
16497006824632498641	3
5024141468635274975	1
7111363428853690569	30
8949282923489374088	170
2656440082911515195	574450
6661043831029669430	4112
11341161342162563257	12
18185581494929035552	38
14685156182594170128	1
2702892888452300028	6
3632206121109104543	1380837
14303742809297655058	223
16223109567035173058	1
16487243869719837094	1
15058522534103654644	7
3747742449950531934	90
3660274795626052673	1
3447526479458765406	3
6632153331208467270	6543
2192211854298166744	7
592020949291351630	1432
8132097732124985776	445
15621360303267817641	4377
7582759205869060496	3
14300623424325534287	1
1041869770562198114	2315
3754034182495148366	126895
17303662166713497005	1
14713310831735430561	1
15475041930011596053	1
7908674773601466555	1586
11876485538362756639	1
11189507375116265348	1
10228040285232408207	1
8943095164226263450	1
4800225259440371595	1
18239872911052845645	1
733476035228411089	2441
15653449375611926504	53
14301515488579291373	5
667261500615290239	1
18071648014509025936	9
2416811659691133237	77
2319913480575002640	420511
17816169594988032247	1
6187512669055713190	1
15760403297864624293	4388
16165289386020326757	11175
7316641447919054329	44699
10021286374067473208	283
10973414599348947663	119
2668842671385347621	13
5835026964475991108	1
13590982075172393185	1
15119960164545514394	1866
2391872615205228927	420511
1549198875520606422	23
9918858069796705836	1034
4872825072538923513	1
1973549919855117444	4
14485398911647988619	2378
16746885930214049583	3
3875766882602219829	929
5094249744020330123	1
5109421530340217797	2
6568331886884842459	1
11538147998581438199	4112
1215394920888153817	19
6909800921439232042	1
3952740579329527235	193
9195083407084212011	1
3489406453227809304	1
17932486969300685521	81403
4106150741617654223	8
732732631651915508	258
2469740572308209003	2584
14194328815819604792	46
13257025605366027939	13
18154510865077496222	121
7122568898788333316	1
18004510560270969522	1
16818068948139968079	4
6108780649803905139	32792
15568561595536371049	92683
16000359052112011018	2
9047452557383470843	6557
14805986003171340552	4
4308612731254665546	477
8001800569884481315	68275
7183637814002935384	97854
7053839531456416453	1
13006345246263106635	4475
837484947641228044	2
11256384511977786655	7
13661913454623414175	1
3880633980371782874	3
1104088239128607912	1
11787597362392735633	166
8126255599291593770	1265
7889758546551347784	10
5376525815536821750	9
829157951791224241	17
10011550370459072028	623554
13671107076532207161	6
13082926175510491997	2
9102632795692971189	47826
3080326906118863483	2
8579800154559216364	3
2704326367068763459	10
17515274928099381238	21334711
140059176987461054	2
2687006318690179757	1
9776257381823407812	18
6440295056542873307	1
1382476975630080985	1
18033661920449764548	5349796
13893341307545614799	1
17874245859937750861	5
16370051397574598518	17614
14137483595381354809	0
2666436869358484565	1
11222327568284572797	0
16918289998674191896	53
426803632613154681	1
1035982351229839566	4
15499982920797630998	1
10681984237648445336	4815
16027644932372484689	2
455662265528944680	9436
10872310211602531589	1
3436832526484930043	1
503160901914906303	44
10208790837229872825	119
4244671257611870753	926
18405646454989753653	3
4596171261319754859	1
18012624348597542502	133
4380442412848556197	32
9699428110264863489	28749
9476996218595247190	0
11396696221857727186	1
339147991778390741	1
2625346703567132688	6
3000069938571467305	10
8841658132106908072	1
772288889509301203	3386
10022664668633243517	1
13869560618837035373	13
4343253881750182352	14
3220578877403404597	1
4631444355250752264	2
16033870543981886961	156141
1264255328625924188	1
5686554186900170997	24245
1168487196779050278	250
4545848464440332041	187
7369206325464528957	268705
13724203489160448724	21
2598181089815311010	1584
15518528368170331901	483
12539357413383302639	12
4239529325589480575	1
2700418554431219556	16
6929118641702240927	15956
8270479463049663753	6
12999372120081524972	9
15733244250259555377	4
1967511108319013549	1
13503382388360534637	18
17536612152778882696	763
5049283034250222661	1
8960177671781189130	270
15962849667043940094	698
1620308787028675878	23
11963090636588265190	1
1449181772943521394	1
8806227620481150894	7123
7692265206051327427	6
3025779034067590288	1
1128532099093556481	233
5819473008620916345	1
11870297395029512852	2
11145041632108753011	1
6104872116063944600	1
11627003382450278563	7
17339441204827817026	185
1693894196868592669	4
6688508104228677292	2
17387039974837757651	303264
16945604559151685645	210031
13649021692545816947	17009
12144668814812434999	1
2617503684032095449	1
3452537111612176285	149
7473522807269875165	1470
9543433199478664243	1
6290419557288802102	148
7020232756812490812	287
16096407106035206428	6
3424034372871736636	1
12268687311217613550	50
14144571812884303088	0
5947122900972131399	2
14276880116629556343	2
17248004508218023777	4495
12202171135049979016	1
2886861799969051104	892983
7181293360634577731	59289
7682089907635167095	4
16915926195680084054	377489
17502665359015549903	72
10077185711193182693	1122
9947639290229800054	3
14478443249708273884	1
17276733268011652597	7
16923378544528960958	1687
7497177278552868123	2
16048613442346894587	1
4222213459596534265	12
18040329500568774712	993
11921020315161169147	76
10596639304260371520	480
10013768242694199447	1
3000653560663397322	2836
4785657361018448889	806
4218411787927847140	1
8450349130597063594	56
14260888750903218018	13786
9991220975410439405	765
17053098986819233666	396
2330995366281196029	6079
5892467704870303029	15
17818420448466639432	948
16079254719115358192	2742
736159571591187807	1
14786595831796026727	1002
8453578683167629579	1
10120748749328770771	21
17700122264846531997	2
10122297117550986661	5
266494963779488623	10
9410976920865931778	278
8424163695237759858	49
15711231909988258897	2
10696662768672318076	6733
6053113202942630309	31
16151109462395523489	1748440
2930190382290832347	3
13480759193867853099	10
5558055609598024931	1
1110238904188342780	73
9177305726319811507	225
308054703934332430	2
7309258826864977121	7
2620786410942810725	12
8535838971273820760	37
2061581794554341533	1
8291121711125108694	1
17982323177254004451	2
5372653675419386076	1
6170455371565815991	43408
3837089728937894009	1
13431660674455359627	1
8407031798561167675	494
4939867033835247823	168
13454766275131945969	716111
8352835229111679743	4105418
12029204523491082254	1513
7593160082683723090	5
8667666341246929835	48328
15441592656920650611	694
9294930755355670254	1
13127815404401979358	7
15343651277018230710	1
12252955339684581195	349
3348937171642557552	1
773278777363364723	2
726411845383355787	8
3292585342599916661	43
55217917074144258	15
18102666529542892869	24245
8996807027171308926	225
9289498399028816552	7
5704295599340689451	1
13223385989578215341	3
8091246749500360060	3687
12081795625664871408	50
17708470997033627029	142
5142209311202161637	8
2574343680844350594	11
10491877431934871013	42
324737316164437535	3
8234654678403587772	1
3601479229406393255	54
13036050336853398239	106
5623924069767391986	136
8582074987275192135	6
11716120129985852675	195
5609981707911511959	1
16592103559839174671	2
8900392939844965390	1
6315208025227905798	166
5879830077607897287	1
5278563880113018633	29
5422505217559443962	19
16213213902069947889	550
2254318536861373545	17
8991985815391595975	27133
112497280950783830	459917
11262670251291505711	22
9183485279266360679	2
1897892156247581768	120
3583728629877310735	1
17707267945823145551	438
840186784976709332	3
5105610304053565121	832
10243186507847012907	17
11236871052225877728	2527
2341629978629000898	19
17728835002415773332	9
7251435021475445260	54
17048540110028263129	1
10457683124958534540	3203
4586345267779194798	0
8015470475564444520	9355
14934398983212390984	4
14510720752149745855	15
6246252310254092672	73
36852108377331483	184
12100876481292027891	55
13358575215718957226	2
12848621029995702200	4
9535664987890290617	1
2494123150722937619	8149
7331748743506683682	53468
10124856075198144774	4
11923741415603237758	22
15901570112495344603	1522366
5344974701531260664	126895
6903749220708116397	691930
8156926445150262021	10581
8025020280177898377	15
5242194291287950430	1
2136221246181983875	1
16582046376638444375	1
2626591111040888186	5829
1182690422166760826	122
2059142262369788990	8
4759940203415421022	1014
2413124542077562870	1
6227140657103486351	3715484
15482988207190657128	892983
17632995255712456893	6612
16708951375587355080	2
11831766956593169875	268
4731194323111004908	1
7010601474340449475	1790
17976895265358731882	17
13742439185881310676	182
1442294867261340137	1
9587524586411157094	3602
8025618237529741481	1
6041201566690056056	13728
9850174762462376203	151
6773881811916050289	4
17060207052587259120	2
12911780452440342086	12
12209257831951646074	11895
15407685381956954064	2594
14592232160484191417	5
12530018133822019654	3
6452737918454263195	108967
6504870461553623555	2
9841521730906860398	4
390625979112655358	118
17876188007430147761	8
12800774702641731016	2235
8884294945636040329	2
1256847102599644076	12016
1656771435845069662	24662
10411521242456022727	1
1440416646207438878	1177
1643748392565555969	1
851382248915218233	1
7285901002334876644	3
3434878383246635118	296
10772119124796638197	1
7226043809561912112	6761
13331167116751752615	140904
10888047080628164788	1
14207692865616382727	4385
15554275977580853285	1
11742880366736913071	2
11866739352072806787	487638
7467534771147506906	2
3656194906038541495	2
17703684510481120420	1
17775918214147449170	357
8593881273014195596	496885
8158252156111346420	120
1435540479204330170	1
9098193482176545939	25
11922989805782045010	79867
8259219674010941834	1
9183587270278342349	15
8395233882863692083	217
12530358017761556508	14
74062458588962294	217
5806358570293562750	8
16498828608092799986	13579
673344179527132352	3
2099772332347779434	9
3715409321994130322	2
7683398474333317512	1
6162730349858262920	1
5902904879146655197	8
17807792677628904293	897
13416406129845881	180152
503798894291848879	2
7536079516343620040	1
5855661545408494651	11893
10663465715562199324	3
12503911901922537983	255
15342621527409937624	6
3307739164733883933	3
3949427289567839037	28080
5105510266434330963	4
13636729826195168283	5
17382821487900887136	554
1414905950220557478	3
12458547669467700495	1
11231182790958437506	24245
5478043623542857860	31606
8339842130328100449	363
10417295723883144751	1
4974264039104149218	1
11633785115688232857	216
6794060431282497709	1557
8961904439038593259	208
13382653839536829067	9
16330805760455496855	5
11008763054141676455	143
18101169413479422067	2524
5396055186180024769	1
15212664997476487577	434
14044427101556282903	7
13015846259253350681	0
10886970746062919145	15215
15933516495651537154	3
13447465339407740020	148487
11176048501508427090	1
3844250551341508228	301179
4694202078009770531	248
4258630981411011313	49
411407337911939395	1
11661990499755450232	9696
11396424403057092122	262
5470788622979671000	2
15841189617351496267	17
3596657610670317896	0
967209931482689952	6
4791426067674733469	5
11285076227716046084	43837
4066849492496299677	8
17845474444469272260	668
15957586550378111668	6921
18212375572361460959	84165
15481909314329415051	92
12795422617778203669	540
16680435748329591638	1
9877391634264497924	2
18398223985692309467	17
3551141179895634291	1
16229285588697978548	9
2718112358301807339	5
7004609181920128736	5
7801791367767018901	1
8947924883812076895	131110
17504402541952027409	6779
15202847235147292857	270
16388121159451968484	5
11088693980491794781	1000
14441878187640781579	77
11551586337497958523	1
13453078842927047498	1
14973754392444197571	391549
8377805244682643961	1
9068521495689234270	15
9373182657019673818	4
14139298546333624894	1
12357378863711429398	1
3891189350177569126	184
6140003065349483876	10
14636350972181903304	156
12664452431982344894	1
16954797786518618132	3
5345568121808706447	637
4634968813874534876	36
7842961165816154680	1
15325110656492642248	1
5594012944998748201	367
4205554775886945392	49
5398106044146945021	1
11261706985757821850	1
17906671396947744722	1
14288134202279436629	121862
14276779837430779125	2609
9532857625628712298	806
16424196948557356955	9
14122705235984102262	376
10025849144893247564	13
17555094676412414623	5
14964281564999598709	242
4732529367858309593	280
3257660756856392883	668
7136772322977716661	273737
14357434728395126395	1
6579695539103656127	38
4787210764661910011	6
17166926081723413560	755
4618305122512414715	37091
18419820275114477004	80901
1215517346959221490	5
3372592336539939197	14
2273920649918992655	2
6473915541362128558	13
6960746172126828577	195
7617304335741305228	15
11969443008929305285	3866
10193467208490579087	16
10931635280602363209	3117
2386687106001339155	1650
10718576519810670265	6
7701856508362344461	69474
14150299699545854421	176
15827648886513869475	1
12570326243509655083	390
1395143865314808774	4112
4541288851322279649	1
14435450420187250850	136
17297278749305295480	2
4649997019282941361	176
17206976909483825276	78
10702295523204139942	69483
3365626619578580534	1
9553717530501245783	7
1471332680442921525	81153
16156131007432544668	1
9111693008161391115	12
5810166109127097188	477
15000692835365420599	1325361
15688158428415318026	2
4105100967922351562	26
5417849241764672656	1
10287067394163801554	2
13001136707711979940	4
4700262039442193333	1
2210701380936237523	3
11050340916312332473	53719
12018210369810317663	7
770118922616414630	1
7184041259615848062	8
14010705701598557799	2
1122120062995364050	929
17309004729423915051	398
7628655485794480971	19941
4030589417505287091	1380880
10965037504262600339	16486
3529976277508781368	5
14273136488696872539	3
4269012086008747172	2
3816579784471964722	3
10473339482278282384	1
12670477128029349200	4548
10312301559271297908	1
8052594432583475294	6246
13890309158534235357	4
13332921130382112604	22
5307897862074748425	2
11968866752262954001	1
2168676017590357174	240
16352516240370578141	13626495
6808578345683539899	0
7189831704256032620	1060
3284507743335366496	2584
1798205646916782552	2
6330949294582178572	81
9731098500574855845	1153798
9176369969390518413	106
11901857830569570490	1
7901076995288742209	230
17264384979508477900	1
13150423125049961172	728481
9113363037765488653	1
8720047695145319334	42
16779694457088379750	15
16158020879994337853	99
5606446892489431718	6616
18429433436408358083	1
13235161317189535926	3
5365282231612473387	517
14481457028041632189	1
10691754995723237262	1205808
10672779099455750540	20
14384438326688174600	106
2739038805446115051	14
4169296503099309486	6
4242984343303803325	440
1032472879557383989	8550
1458847605930458495	2
7751128252412589196	1
16577634062280292516	80824
5613163651081918896	2669
16233720564813253192	5196
13875743094954208907	3
8613334170550619635	2
10513025394081466252	31
7322019488550145391	250
9246161823685239159	320
6745726676884861462	119
14965376458649346087	1
11630426121494984617	3
996950161018345072	23
13609453140867770030	0
4754387087835743398	1
5770661672874950363	1
15937509911940449854	105
10157093545452450903	134083
8791734924768359608	1
17166188297447625958	1
886335333114081701	18
12321698077969961594	5076
2033175184200778071	1505
8196175295579507202	61104
18079048340587397177	24323
9060351825590478801	10
12120560105465445285	10361
7519751712003643773	358
7090506518643948815	1724
14730689200293384824	1
12977310257461232500	20
8373308241730898767	19
7648907618798947005	15
8324460688680734088	12
1833774659078158268	446
16527460691398778938	1771
14951000262315612600	6
10026383122696172860	4056
210147538843714500	1722
14184183008751778107	679
18129209215666244216	480
6949777867792349518	1
100655325267602367	26650
11436551227533894783	655
8930473719724677258	5039
13103141838370457829	1
2264312198768663132	3712
5219044524587641572	3849
17043635171183585743	1
2809371440400926913	4
6658950054588872617	2
12343334339624160804	121862
83747598288609334	4496
16376580054560155653	4589
14244904886307025279	13
17509486627319121420	1
17174470455468078148	28160
642620766407360314	5
16611226218252495918	762
12678213833309439382	975229
3334974179995956743	1334
5512984773847688291	1
18057980999386538527	6
3178270412392286613	211
17263850054598730214	1
2308175764485528363	4
10633946151042609589	226
1288274314709773228	5
10134358220868971658	10564
15304585770088373938	2
14416040094774035617	1037911
12441524047061494210	68275
8049268731149428750	623
5498755692713127470	6
738007463076248774	57
17217709426689883423	3643
1188847750414669896	2
11143472716582129964	4
13629715353067445862	15967
15666974415080197431	4263
10735689990330524118	2669
6782902400141175156	3
13215886505358969298	1
10846662366240547633	23
7621830058375501754	241
11622683413778917483	3339
10954164454924032158	23
4784991529368344642	1123
15658616636004842137	1
15781447810014957707	3
18360851970583740434	1869
18344538401860635977	402
2294178152879636942	34
9541991380930485177	3845
12513982720317240569	26
3796127574534283087	2
15297730231429234806	149
13454136907809034244	101
4870783593335624683	2
9706529014339477450	320
4507364176449837526	4
17607717124547089155	3849
10591868632237607607	4388
15215716222376271968	14
718315683798138767	1
5123847161623224590	4
14305398212118342923	15956
806385943548928176	1
10653437580413375192	27133
996672273377619147	5837
15134530198070608996	772192
7983110364572767872	2
4969493479930498559	1
6034038174787504644	1642
14860577022469211715	15799
11239106418399604668	12
14689483609765527640	3
7425406033500587534	6779
14286878144323550628	0
16921353367663010011	1
298791665304817902	34106
3801155268607586145	3
10609373825967417109	1173
2496152853290830801	6
16947829084689690152	248554
1666286032874454137	540537
3548161641147154775	11
18021582418629282034	1312
8882202945043642640	3767
7700168991882773507	4
2028585723928405622	31
10117778644226693652	18
9294315432186162532	241
6572627076080152811	153
5399848722758918534	3
8771025023747463427	5
15822016565744006127	1
1455743239559527975	11
1764685948718490463	2
2580957589113292532	1
17636318313865454877	4
7404556449866404856	41817
5732168397157523062	23
18040410972459894665	1
9115999709045845274	2
6416385166202174338	11
8419189828932866640	0
4544238948916294076	91
12106744624161140791	923
15259650662227686094	67445
11696112730775843960	198
7586457790442911165	1
14768028127556494547	8527
14749099777398899287	13750
11866544491184257660	2
8404201104183630190	211
2226358698019049594	1
1343069554704172795	2
13274660691278457825	1
399167558102025923	671
5010500207093749404	1
11469854616248030113	17
17298835758125325181	228
8707629609696382051	5032
8572356505327965106	23
12836128055870972056	36035
13532411979277749757	16
6166530520526033091	2
4196245193245689609	25
10620894858679342284	226
6187307592040622255	58968
3857023144400861289	101
9701459984143935912	17
3253790687019519154	1
4743817556735194935	540
6716730558975820730	1908
17616152003279258215	28056
4224585987762005084	318
7218467672401733311	1
1615963377014232047	3
3724847639823726059	9
117648828064121091	16
5781406854440620361	1
4650189571634725883	1
12370668391113276043	1748188
12875493555260563096	459891
9398775383306012206	76
15032992003561242806	19
16510343588732863405	1
169319297722213727	167
3942812666150414766	11
3841252811618286280	250
6549768442548858698	1
8135286947637385209	126079
2013243490741251398	310803
3864258426653785547	1
13090768180435513169	32
15505481792640075144	3318
17888432053430270264	2609129
7442671729236724655	58
10499982993175239443	4047
14007611915270005218	394
2626815493130145599	0
1829194792745330652	3420
9042554095206396776	10
13724986203835030456	145118
14293172626780505257	561937
13604112230539830231	2
8622533513203927116	2
14428300899189673747	166
3485823970365438504	2
6051581860178271361	4721
2228066282962243300	1771
355640601369876914	762
16692900324435601093	44
14102219549962803376	4
442935708631301833	6685
9653107380256112877	19
12836138791616785957	198
12516968373720744839	16480
4824735242058584790	4
13875275882451707791	662
10150817884969166373	4
3890278128097235725	2427
4975327922512205632	11
786385692227321530	4
14484575957682168808	28129
7314642295668415650	17339
3925591622039608922	318
2130396324868161336	16
12489808067771102438	2441
7482488377953146984	1
12930189303425170214	10
4960987900633443928	8
11037079025946480301	320
5864131273009107466	119523
17296359153500039741	26
2974803204513963565	2
3798720237598081136	1
14486858038629635704	318
14159319534825650706	14871
4668004373692627834	263
9900284415400793665	1722
16667167659570067451	1
15358927640008959523	0
2095263806549369449	1
1341330977412246164	713821
1051745103333759566	2
507388966664888802	1225
1336024090460499247	7
10474596868053104960	19
13296188547976858084	1734
7779986485138177516	0
2319906009858013524	16
7422567842991395608	21
11865222748524714702	10
1797248763761116821	0
9736453121533972533	415
11970865515895436332	58
11936831007074314037	3
2943134125996910775	73
17141761657443145123	140577
10058891876474577467	1
16223895782151497126	2
5925539943046512823	1
4726164102420996451	1
11974902270134198319	6079
17434374631616488396	18
5810014978632575323	1
2931068270965695383	1679
14710805122495262041	1
1849923597633401936	2
5645912989244391119	1
585624948254417679	12
14292730414935095467	2
10641477693046341962	345
16049298160089140706	1
11261533688375158015	275
397253647269506940	2
6216955787084869214	5
104903978069531634	150199
6694362674954893965	1
12231914185486019441	3
12336697710652361706	6
2452377641753962995	425
4637531528382570540	1
13140610859284730856	8
9240663271999529015	7564
331842937646373775	10
7612067115152546864	132439
13460722912137876694	2
12396855274221279812	6056
4593466044308311347	2609
6867023280335400877	35577
16040162928140843596	1
7665021612770784296	2
5695885239706828174	2655
16985087544793934771	6733
12788798711211465257	8
4477751056891136422	72258
4212673396379203456	13
2654823261829451201	2
4846650055604401700	1
6624969888504292044	927
3394428621692427936	38
4046084369711044932	58
7761861622838843684	2609
17766735958761558561	2
17622429289703983349	1
5748438519731139185	1
10091933049720089199	106
15417890906193303632	9696
9873111666484321445	42
6740134050694276820	4
14888298667005956377	47
8916719857024062398	1
3151760645785614873	131110
13485715035941962694	4
829986753038184372	533
8509454292231404271	5
15354331858217892000	1
13899036557327400987	0
1943682890967471967	3
7754114061797533894	2
9244226992345120910	2
12059369953642814061	123450
6627505138242752607	7
14470459772293936177	72255
10468602018883020070	1
16567794118471917697	1
15300424502209765562	1
11362971352835523327	9
7972436918535154145	2
4292829648439708016	1
1426031453389349123	1
13772864929230783890	100
6815264923428399064	1
16998271058163459802	4
2015531257295810904	226
12652642999879061011	6
9704077750594174993	1
3365499666011043954	168
1119738631165136526	3900
16080801689707977965	259
1275770585428856606	19
6854758202460968263	10581
17873161268170430277	975229
11790508329604972351	1
6473570059170565348	68
3584449399891394930	2
15423450717412517289	4
3358323716943563013	621
18339176232446611282	1
12601583556014717236	1
17691541104543032785	1500000
7771208804361026595	2437
13245681868108733534	2
16177468888473534166	116
14082921888244322970	594315
2949368986189344275	1
1900300688100996853	3080
7862714434271460796	12
15338895192912315941	1
10552615720175413548	180
241128692648395476	334
6484159824916358965	1
6935069185997734707	45
12743006696997067459	1
9155667634735314032	1
4215727016097772701	38697
4249490752297932446	4
1112379508245724650	1535
7339977198463193218	19
14880122310350054184	14
6537779881598051376	220
3940595428430657805	39
3449682531592046479	1
3574474791633371105	9
10038791903580211164	68275
2012143264158915283	2
9970472342470136538	3468
8030172730207981370	25
3004604978709675096	146
5049260008908396772	12
13942021086038737171	1
13292388776496963344	661642
9123798754721593852	2
7025862152127885651	1
12837423104673635464	23638
13026079011365453017	8845
8224830328789575098	1
8396238248874630507	104
1760321218509115397	2
13598746856124235539	2472
7177236702360669937	11735
3572170961062794968	460
1883657546231125312	33029
14047717708214567277	1
9029847864477653544	1
7272989134248233158	116
7576234252027422099	17018
11865743742876144814	1
9369163918222487850	2100
4808152498641650168	9718
15593450292186098585	278
13364937731649224376	2
1288547758556971011	414
9971531624795765254	71077
15138238918219145400	4548
9619197397316173640	1823
15942228126708422508	325255
11585419593343813576	55
15026001926816909982	1
10809571757518103633	1
684356935454285829	1
11257677775459587046	28
12242522510376499972	1173
5889973274990044489	1
14301337600977059155	1
8836781074407701364	10
12418340393080503586	1
3690167313346791549	1
1884812040050564644	8
12663565295552616375	1
4044922931911829738	1
18071539227915727351	28889
10532526549722462598	58
1933608922792382950	35651
12376953776168710186	17
5826896780682826264	0
6058762188463362733	215
11018838400328179672	1
2595226802469090965	2
6885851703546244274	3063
17317038570182852532	58
14403713122731594069	2
10212088510846994116	301179
15887970705554125513	77
17621981367967593041	5
4836156786364319974	1
6272234523438021431	385
12414481137614954616	20
4161126030040375117	425
2505783899908271893	0
15244712045445404815	2
5022129350389282860	1133
16583894944615871288	3
16487244211711098278	2
3682838214735119783	0
7218985438911707035	4
2228621054855684195	262
4646378487627048010	440
13202557298171234945	1
700482971892838569	47789
14468250087573152933	2427
5598419381975660144	24383
2497308130226791648	24662
314269804417927735	188
12386744419109292754	1273
7492719774237916730	153
13248382780562601547	37
3145874726267677603	2
7931973684770971125	0
1306657813512037234	626971
14543123670249486446	49
11987403399035537299	34025
9495968888430723976	7
12024645332652592401	3098
15319415531776392238	4
16714096727882335407	2
4016796671358196042	39
8963181773605289029	394
7492409689521017696	0
6174941921541434869	2
942737042449542900	602
17852250624940370237	2
8825522121379044488	1
12525880293649246676	9355
3141221081387811912	6
12832652785485711051	61279
12143064267951826655	198
14857003723375338182	12951
13643328249446241639	991
4339370093818637630	1
10627348603784174106	1
9785193279328073859	81175
16126894360499412759	4047
7477819490066911541	1
15434264745160270281	6
7072059799370426453	6
13054196232692969060	1
8620625157907817523	1
4031104267231984088	1
17364343633055087319	2
4919430451870194189	10525
856235994167205984	199
13827100798479847055	1
4589946207211310009	4
13616826340987303285	1
16107103721944178098	2
9838588179153123182	389
9812149550229214219	1
373162369844504427	14038
1859752113458212156	339
253646897378080058	240
2291465566681814840	25
15000912864340511912	283
2616239439206832785	10
14658319061028813080	9696
9525347385475636503	1
4994593087195781591	1
4757879268376425822	5076
18109506282237518840	2
4539380405989366076	1831
13189209409361800940	1
8439964598615384313	2
13487488197649905061	22
13121232769141438540	2530
15899048848427169921	2
227096294293449726	1
3670597015755092956	3
10925003280852110137	10
11695566377744002173	1
15444785018595168784	1
2679094174759882651	33037
16002668499410085174	1
3972405228145828916	3080
14267378202523773857	437
9076292288320687458	1
4272488400958525443	120
1138530440462832420	1
5926837175027947662	3931
15104614247332255527	659
10286352247795125534	4
2036863259364197751	16
8109484274325498277	1
7384816659855776419	118594
7339515199316201851	1
3873868859794021949	24
14183487143552213516	128
8767404660730687159	282
1686595017984577768	1
18153303532975771438	2
4789609502280258946	2
2089921975171552760	1
11354479226580072538	5168
15133468782254811650	1
14117053269219759882	496
15510220336933503162	4
14780427262599653800	8
3743680823854675747	3397
16778705265286109167	148487
4503466323658982247	10326
9921357236692041302	1
3519956806617210390	1
3850811874356720411	5
14503651857027981167	369
260926269163813942	353
900066194167380621	4
16698440643937214921	179
14628417783658468352	186
14272138610637155582	1
13422022389635952903	1
676451959440983483	14
17522683399987488322	12
2979483207207258526	1
15554715679025467423	33428
6816835579363782932	23638
17563637832853979960	33
17939398036545459753	7
10582563564128624657	4112
12563910457688226802	1
8602397673601526199	156
7958494001366578598	6016
18261322450544522590	4388
9162172827787145936	1
815845077169253319	187
4375723148846138689	24646
10166707213825705391	1651156
18184882659091912493	1
6797046256539020175	762
5379117770981312035	156
2158557128069913858	22467
14755406887400031384	34
1749393352681294943	2
12359768624938212866	47
2389555643078655507	14
13408811846593809591	273769
13394608445717164043	8
3529311096917980781	396
5174730597977973653	33037
7349581673373668737	923
4579686339947497402	3
13539469029627367323	408543
16311174593314006531	18804
8023743644413696032	326
3905000986677783356	10
821224770619832233	968
12807211592405002645	7
1033016836539150661	152
5872630653522828973	1
11108753722258620520	18165
10643463906768031939	2
17636358348965721140	36724
13023760216487270329	35
2925792656651605386	293
13458999752180393513	923
6913810610377083969	26
15116290874254865491	4
3778315625558614851	810
505949791812082177	929
2153634567949796804	30320
1468230371191514617	121571
15462296909320719744	1162
9106820987851500044	363
830323879128589031	2
15585124667069988249	3
11513800029682977221	90
17943080485062564743	1
7693699727583347309	17
17721387743330309896	1
11396588666963999116	1
9673887282395839867	29534
2933960760167364569	45858
15809687707497088934	14852
818090431801300705	2
1527950841895508274	1334
437433613639194087	4
15156502902477419844	1
12452343839262322872	21
11136341574340859186	389
13501690402242530961	9
18368851560890145371	2
9298222142336739434	23
14855391331864910592	1
15926857788100139956	673
18111739570737040940	1
16976198533188517252	7
10731134932490699463	38
6453483655243369899	1019
2274600364095255734	6
17955322416121209275	30
12079306199016036073	1
17659475608281160715	176
2594163137118086447	4
15890202313239997667	168
234526358814398878	1
4590006890869222078	24245
9934303865112632750	49
17890287894080078742	152
7574008114047123965	1733
11168523237234476438	266893
6260906644989908378	4
3688941555767591110	7
3541332489722606038	73
4018400035488778081	21
5374939852278544620	1
13827702107649014426	2
12593485469976270495	573157
7655366725134490665	12
1507614784491281931	1
10329641843952469705	15
1273438058712773303	5
10759978840908870051	3
15362237789798673458	1
17150731419382331551	747526
7890029106333665586	4523786
8407434791542523877	9
17616989638590046774	2
10829490812977757858	57
12850934780552903496	1
2331927832945429573	296824
743960810151192287	4
968994545387827320	241
16788682609259194960	1
17468538864625516671	149603
17695407781538634290	4578
264562283208780089	1
12284457168080505706	1
14505029702800139210	8
4927148280659394813	1
5719952444800603729	1
979579384824623625	2
6662064998052993342	511
12902752141967642250	13
13263130144085556136	1
2467456849369583541	1
6219812225449478036	4
17172810274436886937	923
4115037794404381856	12851850
18426832436708081455	649
12325916494103215485	5
9419022538319391616	283
18443959799486415640	3
16387962073469577781	1
14300339443562368573	594
9866673911376993619	1
4009156285625274478	142
10188692699914765866	126895
17838123122027907846	35
12360073467560013259	80
13760640963760639551	1
3571953296045676351	957633
18126973968029750128	9
17099186419252237450	1
16509289819670269104	396
7195611386070730079	5168
2366878640653156104	314
10827234150768340237	65966
7792931177331411841	1
3274237991652498245	1
17247220482007783256	4
10185243978539934869	294
3227817253621520371	1
4558328317920054843	281
9978359943461582230	1
7466410236934184429	4380
17909653704061403221	1
2888695310181751256	4
14274384327342618646	3702
15513955872311405242	8322
17478752112590780401	685
9951072861513354082	1
6615716818571077321	3
6219662020750811277	4
911617280063695799	35
4546059053179154654	409
13172609002262385398	1
8618134104280615112	5
9445151224601335543	3792
2622821324509493837	25
5016125411934092107	80901
3361805909788329373	477
17749079248476954618	2100
9586686322469460156	61664
12777299333707488510	2721
17997215850797435146	1
8013055845394825514	19
10462609592758072301	1
15142851169589034426	1173
3118572297302850108	1
307818661972673185	2527
11842737831696613732	4557
13960582675061432843	3813
14819578512498973213	1012641
16801710367107588705	153
909849232568383261	550
7139313125870536354	2
12247561057745905862	12
1303062832640943701	4
10339014920153857216	4247
4181368168839868367	1
7938819836646081818	16470
17755830080653577068	282
5405785908928606958	3
8549404330047572466	153897
17501393675596324998	5
2592535208020579553	4
6755859668702285813	42
15456942206664961933	2929
15977127823447313938	13
3023855980106148732	698
12456320121206269633	1
2235086154793199916	25
15456374935210460992	459925
14518554184500819174	30
1870226752182582477	3
13931925243180188928	3
6733234361775024732	1
6712748413198647772	493
1056658584911764162	39
10759841630946445057	1
3549921955536743482	1
525801320458792836	2
16666536229255080808	1
7791083311283348185	0
4020201223395405585	1
16471191552708247855	13
8350263401207038406	1
14595940899063392268	1261
17350627187730810222	1
18216882502756067162	1
534627903433817904	53
9354777942720210984	2
94029457101427858	166
368089525399857443	25
2393332935216665869	6
5377476909364676173	1
16717802695779955742	334
17858031262049248227	4
10326502115135838189	2
4802889336456154000	5
11861337492860806067	282
15672954565062319499	4
14205572582663438541	204
7770588493772901353	4832
15295294311852667649	94
4935408149914931429	16368
15300590476148500707	1
3999597249692246667	12
10232700615867024145	3
5000289512953743842	6
13966408816616224184	9871
13193645500233483447	15
5431415111573185881	5
16940948032233958838	1
2633185159125240242	242
12214686105643258375	12
2129737895839106583	1
11230453813940370066	1679
16955180359083123919	2
9827544720740104820	1
7682183689077555026	1
3863297040917043415	14114
16405273730953737082	1
3526348511875203332	1
10921730529444317333	2
2927842094680034158	121571
10088607006257441385	1
17336616958895413084	460
11152446635886860768	1
2378588041492964725	8
14174096799914794163	1
5817632137127380214	1
4782223110727430759	1
17586121936646619086	945
10117846850288033360	90821
9084976946661188155	15
12574786099371429799	6641
7659922426697984482	6
12039530313860211476	4
8085870400216774396	3712
11707506864577396756	1
8125147870986079562	5148
14750265216711044394	1
12030135120938377540	1615
9675718486224217631	176841
4129565716060022505	26
8211456223473018312	62096
5463261464309289395	46
14092933296766297045	15
28270156746149834	98
8966768403157094315	23
14275688079665635017	8
6658854081859399900	4
8119335567553101948	148487
14384826728443364694	1
3696099864223599268	6
2608782317444358632	1
9400543907307334966	2
13438144925872250172	4578
13011498420134855592	63
957708734139392044	998
5867818482483454626	12
16223037997086930070	3515
15604133739846152757	1
7505949904542884116	450871
256742488786070082	61664
8970102035273102351	3725
9009828502233425502	1
12445327203916566222	7
15651618263173673877	1
14546197974119906557	49
9678989040217945699	4
5822292904050783280	14
13614192528408579284	552328
15023235850931698577	361
17760382339456179739	929
12051498860758613197	2525509
8791826686108636425	1
14689598252684543945	5028
15489169493017698962	3
15512443935013900366	109
12008964418478873949	102357
18237515597272272101	3051
6007065716157959880	0
11587727180332359015	3
8882454985425278386	12
10161392792868829759	1
12085244418423173082	1153657
4052600690482562967	24323
2390737746265561003	540
13883654746006028412	1642
9152685053815467875	14
1166543041438147564	15
16579395308982829122	1
2548516970744472996	32
1504730100596498869	1054
2802035964002381615	1
181559819317805502	1
18062501332941130693	13038
7441208093242141879	2422
6785898110377329907	3
253456500043359094	77
5071300933228170259	26
5669936394229072695	1037911
989363367823468800	12
6574843430302462179	802
15294142392350408621	1
13182988504033959514	9
13950702751368813583	1
12449506715564902273	84165
546442794956042390	1
11729942354599890409	12
1919151237969318263	18
16733124178811196108	1
10105045703066468775	186594
2414140988588534821	387
709156324704443160	6789
13377298039944725086	5
3264805448983596924	14
3849933319039977302	1
15642879610467625792	27
1253202764895527922	1
4866241779357160246	5560
8431121981903110834	2
14480993434988539192	4
11668174132782561036	120
18043508280287007069	1
14453929847734611376	95
9930919176952676109	946011
6429204361020962756	0
13758038764675118091	168
10252745878872266191	4557513
15956144436998852056	2
325589851692529494	3
17555351009764057051	4
1964850763148252779	762
16739814828968933908	211
8741688006294090972	3
15588806075102162212	3
1327914360935108148	12
2286295901146966656	228
8780916782996287488	3
16325498569238138933	11701
3605473611693555964	21
9770424307945524970	564
15980635139492640418	1
3289341342423521836	6
4405592438480793431	3425
8759756463205574180	23
4174904857149641761	24800
17928335287457302842	4
11219732248253147262	1
18347042962033242481	6
3887551757450879699	1637
11650640922396413106	1
4408042131933575125	4
14908621036091177951	168
11923316441800838462	4
14923003966431140071	4
12404798463427200889	3064
5593819925391638878	1456
587403436360300440	727
16233608342641170753	37639
16750890425992657423	533173
16851671967907873241	10
17031090841949512679	0
4565581095101010186	120469
12018594887422597162	1
3094843338672642410	1680
8614801648293350828	1
1836001292129637359	36241770
18127329193265724340	668
12581525139242056374	14
3917843724669922322	1
10102165253861165543	71
14777110008410766248	36
9662414157439966512	8436
14156458535084367438	73
1686979230241737739	1
11123366437325740761	1
6511748023190615814	7833
16758104492212509166	454
16003405535840790427	7
10545601873672986495	29
5481745070763355239	2
13208165028417477071	1
1788057959244510586	1
7908550297334298099	22
5097667580468009767	2
14218327816070053800	3
4959204640058511720	2
4955550394260894035	1
2129010736826805116	0
1189052838005187786	33037
9314842105607690007	739
13079291318144046082	409
17569091101993991526	148487
12546282564914110807	486
12552664817920986116	2
3378472878524681868	1
8712303471479761279	4
12944231946039401251	1
14403574491320022517	19
2003464779236592772	116
3782543624113681486	93
15316029191928555111	2585
15654919619910811971	20
15495088085423187561	2
4116244390204524570	12
16388509159856213664	2
5810459359326831919	3244
8076929279149365242	23586
12099905951806661381	11735
12378422242922863761	2111
2627908978566937955	22860
11106326704825642830	4819388
10759748755449876861	1
8411842857553276906	25
7143274900435309772	53719
329051559355293200	7
2213073496474875469	14
7214605137623132994	2
16653742916391330170	42
4702145987669769971	4
1514374320493105683	38
15121245398473578551	516437
10189266603612550508	240
3638236634100370130	320
16104310274428307789	0
14004958912816433442	42
13735680231952754790	3
13503756681227641982	47533
1697203785542354534	17
11899352262627770839	3
9596054801629624558	1
9547611751319934458	53
3309806544155668263	3
1057285183243774840	4
18156788281476757770	78
14909817029157041773	26
1425210015786392475	41
16905228136937744451	117
7803265249980786184	3
14139132447839434640	184
14293325330152838558	1
16175071434680565386	0
11717530504196203201	1
16695008451466561142	4
433014463933384881	1
11690871242867544249	5
4794033486692905543	27586
637862060549754979	93095
357896204373670347	1
6859277922973298119	43896
12577441028401573724	23
7590870908547950095	33
9510788432218925245	703
8724040856349146291	4
2250919673089948804	12
5706636873794510471	1
9279770643682579814	446
9974569113045337115	6
11234909801603681933	1
6099173924186234614	0
9662553561663432620	554
8320809372580117060	4
18295512631806077509	2
3645703238968884814	2
12612443104277185073	1432
2763721006148135655	179
286246372705817740	1
1803853191320607362	95
15255589701044710019	1
12760289815419375293	287
16967151589084311793	0
7420805206360812329	168
9140787992652272926	50
6764551315946810974	2433
3266972378670402384	5
3352630418134401267	32
6871159240542534435	1
14316753073023070574	184
5787813799265250422	18
17370662035074575738	9
4839487373885381394	1
15271161774132058653	7
17302000335280405410	1
5909169572981051629	8612
17801143629526392073	5949
16766100655124708617	1
12018064313539121950	25
6760342559903864599	1
14488102652796236086	55
8668398418950730981	1
1640377491458330630	10
15104828394022214761	487
4817663034129321524	1
9857325584357409952	1
17284355658106201814	673
1686750738774774937	9
6323951806106527540	1
6384402073024153476	1
8107393794550891190	2
9985582830477662217	50658
5313862371739771465	6
17246473900671915449	1
13297739325065769395	3022083
7006557620832879138	1
1974127358349804444	3
14149726525436715898	7963
18097229073898030726	3
12380974511313291211	25
7710163872959383236	4
1687516698157358453	1
12816000836706064542	11735
7753536876726273693	13
9739464765804953055	1
1711772823679068577	3
1170692216771745623	16
13832864199211219870	7839
10012613454650245632	287
15277545099365110929	167
7529804946422566075	703
9151377387313283109	1
7832849017391456718	44453
17197818271203002294	5
17019856686285150519	4
2521921183406463665	6
10393421986360504760	6
9246530544086762610	1060
18374842289202865910	4
17331004911381671025	1
305081822898017071	2
6443136099035342053	1
3756916208739900375	1
3976078541035722081	1
8704238603611995975	89
4503566091222587095	2
6704366268755187463	20
6497667755629097748	232
7136540008117686136	1
8677313168159289599	694
12828747818548421034	4
7737251571046177875	1
12331230239356355640	37
11276301944594015825	1
7816555028217505440	112
14054158516975079724	1
5331145133587119410	2
11061389617626433248	3
14712960765627327264	186058
159980607767364506	1
12312209379885492733	28080
11530223310385269383	4
1567304201178722556	1
18046783761889185393	1
9018585104898845408	48215
3298867215536868265	1
12295608468064369520	4
11344422241303771353	2
15934988828805350295	892855
3407315808063976394	1
2661167585674381680	1
10698795506366794211	1
17166072621725214820	7
7887514910414070804	2
9939888160019006621	1
3959802737142839219	2
15325653932725919377	14
12502522518506125957	41
1664227195458573943	31
6300965240965909517	250
9911099233985449603	1
1173422044283359170	2609129
14543757981388669862	320
758734622951899332	800000
8199921034738186304	6
12049547085221179552	5168
988521190073777296	2
2102938801818522903	16
17846310832881419362	13
15223528680660669071	513
10496292013369203620	1
3706321697070656052	1
6692117674406903403	4
17152230595188724773	9871
3935882097448220241	1
13287652547152196230	2
4956561223035188612	11
5141125962230045963	74
7683844837248584726	1
851517111008697750	24646
14999307474314834611	1
9499909024892961159	1737
8140906989804681028	3
9999066691299507156	5560
1488615646035390205	2
7105655671508072010	3
2472768104704874995	176
10739953294613442861	6732
3662499540935224032	762
6477060413234615531	14
7845305858107932287	46
17398838440077623357	41301
13037652209478822657	82
1436433069140278734	13
14756656388474106373	2
7246442427843442494	1
6178207508464306689	10
13810298078841943385	384
9042797011945680926	2
247113840769569749	42
954640425717801207	8
4558112268843688954	1
10959850300912862555	1
15015949827394886018	1
8118779339345120425	1
6109782719849476031	2
4642660487537219658	7
13588287570662674267	1
6158107325575788424	24263
13680118114958247007	45
11724131862957562179	3
7773468407925629606	1
6222961715542327339	186
14373818979551691677	326
15662485438093665429	54
2026219174012904915	4
11698793243627321829	1
7494754413974319315	66127
13087235491367558089	1
1959985327713894618	4
11708919898330100304	666
8853049051110595971	1
11661709661621222077	3
3078757628256505871	95
7067506212632435384	2524711
9186330822531201235	15375
5637134754487450659	35
10735405990868951797	158218
3660891105201698557	12
4225022360968305056	1
6998532383987328127	1067
13133137575952892764	279
158017142503529461	301
11768793622762352673	1
6166189456281292041	13
13467052625319053185	217
10246993948808211445	7
14725245271202833958	15685
17390727234855356027	8
4553277945605397630	5815
6443481211365247863	1
2721734926213215908	7
8394310104512517807	195
15939175058836598823	54
18155111335822936433	557
6023403782498814763	1
11993040110640664948	24245
7250746221117435003	1
9467494546560979365	2
4916682346409509690	2
17152576291876528460	256
12713502258890664813	993
3684402744691301420	4
5447291211427199581	7
17459244462335799430	3
11638130476349132417	3457
16273608471073613222	1
1248955224834677436	3
16628143082884832460	168
1805824477749285088	9099165
12934102146320344998	0
2662004718237733947	12
14120013213404434419	1
12519347030548797783	7048
8567072329083868009	10292
12653486872130856732	23638
10667095302143846272	2
17302948885264383131	867477
7674383109004019811	1
9428562462088875967	1735
14295890820601825614	4
12900314184445107591	8
14939467685479052506	99
819521461918404902	5
13549654007202909027	10
11012593736829899664	18
10656553900605020282	1
6616360101229120406	99
13935344603415327199	1
16769335639165225112	3
9631888110039562234	99095
580199057538519911	1
7436571461707395968	9
16497986458590404075	30702
17088485677411744168	41
4355646180775855936	1
17979174913848602487	3
2155598704443569638	1
12176089855095884611	1958
17537193061210257405	1
8092212178599417307	1
11306985843826425622	349
12874424689995484880	303271
4373749340230456651	170
95850752181663450	1435283
3207912368144115549	2
14648646043259163693	6685
7914936264272399994	0
6406678504287504517	584444
13656884709107663771	64597
9839717928795749102	215
18382665390518113322	0
13627500145066716610	1
12378569117290678088	230
18262318353627671779	223
3603512865483911392	1
9353190845174178454	6
4401949171250261487	1
7492208088403714982	4
16567720129693321087	14
1346875287556058584	1147
11914585191267387095	1
10275808221007995349	17
18266478135558691759	2
10107769291884407587	2
6700168463254107983	5032
14982053890456893491	4496
9296073393484258206	9
13792771214364432499	1584
3274015752439283249	3065
16699209467884183918	3
11241827029189639464	109
14298089226946349355	1
17490533170184130439	50
752862400708089535	5
2863600705345847755	3
4403617171440404560	1
16816339874515597167	301179
621905501046015310	239
10595394746259464120	1
946919299374685717	732
15054697482615294265	2
2010075952652260948	2
8255589894760229461	199539
12483072532078124088	87701
1386097695591334515	15411
5928702168016157855	1
3445223730882260082	2413
8161713034685095314	1
15097219617181240616	9447
6657543820151482141	1
7235614672780801352	4
2223149011146689803	3
13435645779942068760	3181
8328888707667227615	5
7978565705550953274	1
10067857387108033642	4
11827527815318790403	1
3102364127998773298	22
6167815537903744678	2235
1509856836547825748	1771
6805993039006134769	1
5218920383499012483	3078
9532798981064695540	287
1026238036270674962	326
13581601089152687695	19
6238158651829629894	9
5390663379099812445	10579
1756882354002565109	17140
16297934772704179093	186
16808881788835647244	3024
6883015712636503578	2
2863137831524598891	1
5322728769141675151	1
2650604474545019266	193486
10941367164562701446	5
17011063998597140302	445
8303558033122578959	25
15163760872677218510	5
392532416652030200	268
3996719254561728766	8
15419340113022490540	152
6838270483060634659	3
12945949064905435912	3860
724190969338167288	12
8236603628779900050	15
10145080901050660031	1
1347671059067050948	152
11765293133054534397	1
13183141080212773484	39
4714170415855797486	1
17142977991378290604	10
13932389985846608690	15
14862898693450735932	156
12291335334941585421	121570
10933800894337580205	2426
13030426391988868650	23
2935752261346650156	296
16963909176749316175	2
10383784648931423606	3
11512059538011593430	801
9413711899667982320	0
4721088858355628868	1
14879279721844780575	88
17053546993458579294	77
17884188971406007551	23
5291155459746062219	35557
135478550148655328	389
8491682294397887985	4380
4194828110073943370	287
2835376605574364782	27239
4487893854928966258	1
10528011071228934798	3
9227016443443116152	7271
10206658775961220310	1
5605760206185840523	3
18337641508704667431	4916
12544497372277978493	12500
3720693739775899510	752
12425502536286453112	1
6195596497058620718	8
3007399872062964893	5
5593974484362270757	1
5248688369000867742	3
14125184530556707158	9984
10794350932857221504	1
17930259705293667524	1
15956558005301674598	27996
16704109001757702531	2
8402859101614460076	58
4366005026028449241	7
2591579104324915374	2
16178981459249931049	8
9969786267938061226	2
6658245752520855246	49
10535450406946281141	17811
12898038745589353950	39
12150614836833757625	4
2426295821693390036	2602
3742234110331844833	3
16780490331850208121	8
16717797642484262208	1687
8746319613157340161	187
16993488117911031666	7649
7679239570552436046	389
8248523763202502909	1722
7295090674081577400	12951
17156100478593085862	13632
5959950057945759090	384
14887327195003564818	3
5634307135600428076	21343
9943656191593472029	318
6868347052224597620	3742
5898170621236542701	4
3919435320498602923	11
7026537054452832691	477
10027566068148822631	1
14018193667919739309	5
2633399305529057336	8
2395004311508489561	4
3898427809403724889	151
17887728911113380071	7743
15509937464791065244	1
1096910013826423126	71
14081662046759791959	1
14265463158099843002	0
16243739172849822356	1
4668120863879849810	4
4075353095982063149	2
8631837371062258069	2315
2443502375031711296	9984
14808086632093441600	67459
7993259510715056173	1
6326143385476486067	324
4271829103240208999	0
8950444928019884533	76
7208467028012365749	2581
15497649074677468221	347
3973027050463421321	2
13795097251643329259	4
13235569965891329092	2229
7897297047477499450	36
2205041904709370367	3
171527021754300164	10
6871325496163545032	1
13661121764050412423	389
12934558259302450423	594
8110259407132426666	2
9356099110736178643	8765
16254316997989800680	3
12191124974040016900	13
1694711637656372043	45
11777903896154722829	7
867924227916851817	1
18187097148803480787	3
71769296305691412	2
15530619468772374362	46
6627143544813126640	2235
1031837600137015860	2
9184763756004899929	396
8886000487444896169	39946
8247715484871525493	222685
1950067659836506923	1
4663236609539093254	1
16497305821090027903	2527
11992500379421084489	91
9251592214203532444	144
11777563293984917769	72255
12786257895885687634	149603
13330032368219276868	14
5046405174090561350	287
13921341840743862818	117207
461733822774023410	495
17108233145106903258	1
12070607142353851885	1
1339993594744670771	1
11922026190146051043	40
12700786824978504766	0
10318376062799977230	29
6106592458279043370	6
404734304947152616	2
9183088260937702265	1147084
11577097227866093708	3386
7085870638934265471	1
7210629281598864211	68275
12841021134547164482	1
9163682746504218153	817
17191998594605206803	2
14590028775708533913	1
8405021814547047130	2
17494958353655336913	273769
7190390219052342630	22847
13978516912002102958	2
9347777849467319819	12114
11205876757035902507	383
3250620139008115127	5
2915224082142155053	0
14229559097799589576	9718
6577903969624205950	550
11234914767322433205	1
5235484840545841255	2
3516195700045959336	8
16537110217462853553	1
3072433748048614720	55
8738462466198567125	187
6057552200965030980	6
12926970423455625456	1
7269088961687308383	68275
16025379518311631310	1
6777306278747166155	1
14466001225788026349	2
6995285590079146172	483
8852208192439736585	9
5630692447086533673	2
11156318899001703051	9853
15430923829284186298	8
8762462431855370253	13
4715347588518488070	6532
18274716864531867607	78
16583304045323451057	43
12989347228132772551	1060
6544761844226767171	1
1687499063740528340	763
12466322164892099220	10
6072134843538449166	1
15964841382403200843	53
15664485613232964984	62947
16682515264541319388	1
15831340114652005119	2
14053469211047762933	1
16354221482579677590	3
12605258230485410330	230
3248063397459821442	561937
14745899912214361399	2
1065926003810062445	1
6657866362046490401	38
18047796212731128304	5
8505727847211939316	28584
5078989636320142911	1222
6720697464300349805	1
1190985471305019827	0
7841388228057599314	270
13148849074078015084	2766
17775880315038417487	198533
10338428830473396607	26153
12789595802669659935	140577
1348052214505742668	5
2951480030182981160	3080
3965076912954173943	4
2368910065441129222	7
1717978804969867147	25
1233383455385218748	3458
11089485308523466704	19
15657722913085293239	975229
9503841670175139740	32
5098585133036589337	109
10725620896345332748	28749
1084120610362989288	1
1326455654606503382	2
5544516783905538627	242
14418376365961368335	1
14530767166292575724	27133
14486369563388258143	168
14070036673729965326	1
10687094261200373382	17
9166516311191043416	7048
16143763862732366413	1
17347824435961959608	1
1332257264807090209	7
17225514584973027878	1
9431023255593742447	35548
8837040070846954663	23
8259081925393439079	3
12891534062811200879	1
3561180413928568125	1
7301628022140466977	3
4382806704683762971	1
5146434846156272258	4
1709659433717227833	7952
2248850941871191596	2
548536386155020461	1
10593716192804746788	1
7554724178659215147	2
7801480272434320198	1
17291718345739276925	5560
9440714422809049163	1
2606930775192480094	2
5582991313675903203	4496
17414702223852135567	11735
16708008014165950957	1
9184185119104320239	184
9128333258514671603	162
7178659894684067137	483
6750316849954495741	28
6833589963014337273	0
5084547549568319081	4
16750116685123983677	662
10868966790884703814	5227
5782468151184390623	1
6886463672878705499	1
1291049601449950843	1123
9401846080249235228	1411
7185948702748466010	1
11202337806087475366	1
11443212634681905044	23
1617199361682613963	2728735
5784716001132154455	46
3782192521272958745	187
9518556504950111906	35
10647593817503194206	7
5255126411944647467	3
7467278109222143638	51
11869780980137951600	61605
11928699438853662734	1
4732693757125640803	9436
41612899354234213	1
8658930098223696853	5
6592871696625037793	3
16925345795836586804	1
10861900985424454011	3
13035027608841934478	144
3989662860510361847	1
10555046558158712113	1
14704513030733767734	474
13887358137248932406	6
5159461082217461352	1
16515669594526639349	3
8385190077369704610	16473
14937865338145203348	865
17080879629910899013	1
10057837370479720957	203
9376586069929165509	584444
4441282125564068536	6
13972224414345798832	11
9533388934370474256	747526
17662849572484094899	1
2742551091668171878	256
14064095833886048699	20
636678818445392322	5949
7752831924023788661	1
8034251377019641972	1
2624822733991349823	140577
332416371121054935	2
11861453079505970742	2
7360759675099873792	1
7090947091477928520	143
5500492588721025217	1
16642007004653522824	1
435131365955054603	1
746387374440182018	2
11609859067405871179	6152
8205175966896232250	4701
2474112770225041771	1
124385321078609093	956839
14985220640410227643	10327
17814187391967354030	227167
10998014406610057246	1
14036115022943362101	14
17699260686463538391	1
5592238251840414461	584444
8756919925135940137	11
8558938374820987704	1
5786913411019073899	9
2440335958641484980	2527
8340417007904389668	3435
5811158377478390312	6
15692966298376413966	0
7018929928186607276	1
13442354944980959347	5992
14036312753564596279	25
16808300928387063991	4470
2006514156312212217	4
15047701336131754917	5
4743835654295010475	739
10791997533666134311	1
5591448515443099170	494
11994245137099755331	2
16498314580606805897	1
8553030637594955904	1
10883498058700123484	164
6229069740282347384	1
8182026100959932704	1
11935200666804671387	1
7593987252512185983	474
10036464879062807784	332
6430803586036956358	168
16161324460587060460	19
12424187978681990396	1
4697680259988948147	1
4068750188543044381	149
823595310251616059	3
8408262147034546099	4388
4204836805437431214	1
14218686857188010455	1
16324190721426261263	7
11202683272568368900	15849
12313904806612233350	3845
9587202040809164248	1
6928067693731235219	7
11154227956653307544	5082
3525983738447696272	521
4532242933945931350	18
2872007110916436402	3714
1272925663824579485	283
305427886407776731	369
3606563885603894785	1
11837481300902640038	1
3985297663551093457	13
12682915433186126698	1
17320426638821496640	1
13538697771785688963	9612
2932981626353569481	16
12046220255531864953	4578
9822331900122897313	1
13119734372640861881	3866
2952464593016065831	91
15753170505367307536	281
18181989845110671021	2
358696098656670867	6246
2885205190328253665	1
5647149597342366632	7869
15365355102694429775	10434
12346598256319789370	1
11268778271000855692	4
4053485305545273807	1
8547256821830557261	8007
2458453492178446517	1
7203776113976577805	3643
13552066293378706876	2
4997588956698037983	168
13984031786523582628	483
16057715056483381417	2
3513881206163255451	988
362632758679346977	6
10422156880095840283	28749
967812221912583893	16
4564666546111771048	1
269532551947989839	3
14072763049663296613	6947
7323658460459840353	1
11733384809814271324	1
4839825628465032086	1
5106975463466917484	6
16647281637290054782	779
13097472792249424897	276
160524871713098561	662
6872346877539145284	9
4668838517927463105	1
13922593421470388790	242
12091597812778778326	1641
4427709879817774224	1
864391089898157869	6779
10211406047853825125	220
8904873989407399452	1
229898551062496633	41301
4310501696553717022	946011
18277496929744349604	91314
2782849574046747285	1
2234616063254394709	1123
10446830493677760446	20
15799730552524565437	1
13231639533726563388	1
4050135156933652040	6920
13796810926450861634	31
7758287940539031465	1
926707714162186203	2
11428277612842615875	3
3668909146677596203	7
18415099369273436690	1
7497338567304863313	61
9245073808461609768	1354883
4680130634656949119	1
18044510005207632295	24307
18222886764039837942	17
2156163810139873175	2425387
12597385637195299258	3
14602971351314923486	17692
163236738204458959	6246
7847424273725938214	43
5531955695047715403	30
6903770107181304586	0
14913316368660818953	14
9609928527188586269	357
9757243264430449919	1212764
10280294253246958501	5949
5495275894283658165	1
2902301865549212597	496
5849189301094827602	1
14046415374170333585	104
6500772480931350820	3742
15871890480387230797	87
2767675901425780511	22
15099429805768581466	720
17737573397906507821	2140
2980513641239075800	750
16108535971062073581	1
8840202342258516727	2609129
6809612306751300957	4496
18262888993493173227	5
9446595790037729991	1
609035779596459700	2
11996213863777154432	649
6517022644776239557	668
6700119216068101156	1
8294529539586246830	19
1993094958986271600	600037902
16937137012487241868	13
8675389821830520344	2
11796842338551191667	1
2018154986840312196	142
4672782762507930929	0
5241022225525396082	396
11014968370717654873	7
8209418485564585477	1
4413315742512655078	748
13311820593455184333	11197
11476287751321159388	703
3783039027822072417	32
15650721287653189713	223
560368852081961800	1
380424047869374232	1
15193424548056329626	2
4505143657648962262	1261
1795473589373711963	50
9967580766799810238	0
1762189132784468027	1
7753098352247217501	1
4060157702069610636	116
15404075861338147407	1615
17176435027876307697	71
11655098356877892307	3
11824088503491293714	16
5642340725841136187	969
13757564857899157711	7
17183245318899285656	110
12563524117239136375	4112
5843304231775546694	0
8003357124891135215	1
3149175117033193331	64597
1678229121021871143	18
15093456269771996076	1
7040642670530238450	2
8121548057564949480	1
10286430103447126785	23022
12958725907655481880	211
17950612951720883416	5
13069803452123684052	1
120428067521318116	762
1415136940675419447	1
16247891063184189731	2742
6541630181247353402	765
12821184095937945608	1
1582380147485624188	10
1009925765219196894	775
14914179492941957324	13
5053645625321689175	4589
4249890603836774460	4
13853905349306590238	16216
12813143602599316122	2
12971210459866247	2
9823036034573897068	63
14778254891036333531	1
9083711005776656693	78
3333215337541258765	79039
14616817727345357311	3
1001984651304863515	3
11553025292436518494	1
518615608494109083	2285969
9020428710214268095	4380
4940665260227320171	1
2870150951681852639	1
2338956149343473020	1528
6741836329741732450	53
17780509194477119481	1
2967994324241608580	34
16731330183318190717	2
9753339533168593737	3
17951784014109744808	6246
1736454142035664585	714
13077307644499761842	2
10280248427659337103	283
3493375646786686442	16
1827420695272237535	2
16766616021416180791	2742
12449082413926761572	2
299816477698341263	3
10889725843976814078	3
2051527264909013952	2
2465285152365080040	1
864934169301350709	394
4217576639522888185	270
10849831407858229541	24307
17099927873883345325	3
18156352577603563511	9701
3972159067283310644	1418
16033450504989177312	2
5893274982142984567	1687
17684483282470342510	2574
5211366183705970357	158218
9427489685055837693	1
5459001579041155539	3
17470986803163945779	9544
2365462896513630912	7
10983435350341810083	1
7015370115291208232	9
10913364267418554284	17018
10581551306723377971	3
9861607880039023804	39
12601236554624037079	13
9512210689095864188	3000
15856557873956289052	15
1855253816778295013	1
14283874075893631620	15
9249250737529984900	3
9292838227717010166	1
10284651578459352947	2
17108475256877408033	3
15446514992864108348	6
10131656645880124264	1
5919504812009320555	1
11930925620205586129	3
3172164968400837444	775
1285123581719588208	39
3005714774436169578	1
4021937637326618684	3000
11073596533274630405	3
15266757787424300714	1
5809476764712725084	1
9347357635812864937	369
12038012649905243747	12
10103704345003942227	497
4889393458335603391	2
7671964854241493689	389
10810300709319943672	1
10547414732818688779	1
3909214260091731056	1
13937410526034234285	3
12018905753378688098	1380035
13941327140075312671	1
6319074835785223586	53468
6896872455793314052	44355
12463897525238595482	739
17314823333223269626	36
6014932530404738742	21300
5735248571531017421	116559
17557018887630987880	11
10120081107418119112	3594
18169043442899725777	6
12467453838681166270	179
5287668088024515684	6
12560474215853525153	8
10029687502644604385	17
7108323823561390755	0
6443985610063861565	1067
1067853073292279712	1
9585753446114912139	152
13094880406422082028	0
5290026498330795700	1461
634867346616733957	207
7335561804255928709	0
10132634083864028327	1
3266772994490455536	6779
10257747053988711943	1477
7011314786906472440	23638
15294408295385116044	1164
10908025824731495234	447
113583951073425331	34
6712331967836311930	1
129019072983562868	1
4871160742532388892	20
3931110126908505383	595
18051411237700354398	1
9686805198710548848	2
14291561339017693225	3
17014235523487305284	1
5487993878370541558	33037
9342409601261899798	11255
12312988144748318301	2999759
8657999901143863700	5
10800615789046521895	5
12651241908436101823	1958
18141363696315009109	7971
14014794999191351842	58
11219252707814013199	106
14666106210215482887	18
5155502466802140537	35
10519064089736185763	1
9327046840612846870	1
17949597147247093080	26
17936129072428487263	10
10117841710607198282	140577
13492179396018912552	11918
8087207554710083943	2
12289091447913932106	1147
9294111835254658130	1
908633637938413982	187
15821356714890568763	223
5990444191249203663	4
17040801061641683246	2
11468159378692915644	4
15508288771186608381	5
6931236704646071746	2
17642264005323225814	2
16336366115712640757	37085
15747349319487221242	2527
7714071337028818113	1
6470124985491845657	491669
1016599242709587436	1334883
7119824862664568857	1
16129258112678989663	2
11352806861204171812	4
8642186776701706348	1
10044162458410444756	1
6706619466163530291	111
7098369588018817285	19
15367526749958212697	8869
2188837771265505440	43
17438489697418258666	5
1007066895692852316	3
13935581717879862695	1953265
6707609613133260928	10
11272193824527607939	1
9940904447944911612	1
4819763341309283966	13
13126326800996416138	19
16961549418066197491	40111
8204565033109109872	4
12782943215696289367	2
5558152152591194928	377489
1773176421312716715	1
13370455796775938675	31
11478648164062127551	3
480690669034064441	2
14841596880092542233	31021
17179300711489253772	7
7865421629468553489	24323
6837766860778099714	184
3623763776304505437	1
15389464147901845142	1
13171579933087031080	3
156199661859932351	394
9468223462712544738	1
15484530747397367691	3864
15280172956639984217	37
9540047577740174342	13
11031192938308004289	7
11840603690860091756	1
9394916247614715306	275
10828125820728563184	1
6508904761259922393	13
11930317102264180420	1
3199302408141874801	160
14018752279190985580	0
16205676279045566528	1823
7212370202622605415	1831
12011014643952693487	5
8206662393844936388	4
9087341906875523203	1
1530859398673713711	173
1428047784321136415	1
17283991601578300515	35
17618503163968893932	28
11451721380261762852	140577
11825630954705596325	8653
10882940226396061865	3
7000964147641232489	10326
7871487925290348964	1002
4983815126542551841	584444
255926507962143396	1
6452010540106101866	3
12596392367806208734	1
15393082757291311192	1
11748247362979699704	661841
572664470741449728	37658
8569674231572056233	1
17313016473110625317	1
10015651255853335517	334
2301381648962264799	42
18278591435111262429	1
12197430678478679822	4
3856555528054130248	3
5259864942912838490	1
8442005905972549537	58
11974586436882599126	1
6874452407315963500	1
847812917599406772	5
5191790709733463470	1535
7716127492273542765	1
6109214246535423813	1
6493406972403252303	52
16277971153145978939	403487
8599687163288882405	2
11296612258614970363	4
12287628391112418372	1
15480773662623628866	1
7505003273399251490	143
17873841122471666175	326
11912504764747150837	22
18391632791348257591	3
2356584633389327015	77
17846410773336711413	41
3692893234888182594	2527
7982643351609694218	540
6495395096931365310	186594
17464721206236916422	17
4261915984661585600	20037
14567143104508401613	131
7822913474991244397	12
11016493012175488763	3
446923487106013553	201
11659954979577797468	2
6309474949786533816	3078918
8247118712767462368	1
11875309582099707300	250
12577789627802376334	18
240325309395405087	3
12577574701139854319	1
15054162591457833502	0
9357419202990594037	297656
17926938683124817660	390
8558886516290885493	3
15406079745573582845	0
26341802441082192	68185
4919146108162208341	79867
9913491082872821749	1
2541139756153807539	148132
8821644399282614486	1
11607035989235241761	1
4995414786040190665	10
16441877421994616246	1
10920619924853392844	1042193
13486844022013441780	2
4255922656860366695	2
11522698578897137252	1
8738681375284128923	296824
4573819392249107125	1334
13440489314215426862	37639
16257552092185768341	184
17100891820774221753	4
7725235943140500370	963
11078829367991183658	50
15172858778415222443	3
13285665548199808714	4
16714546247382378782	2
12956375617109310712	8
16180017232066976872	326
14778877314713511161	1499999
7728623995582184237	48
8127679656814823866	186594
16381777518153583693	540
9588037919996853001	15685
11208025369373683976	3
7452580745441330823	311
12860761780071650340	15556
14101535483787162342	8
9039003011533930224	59
9287726884399158333	25
6104211289058499732	0
8483648724455503385	241
9680768011566419151	17
5929868475139797552	9
11823613806071572745	39
17963390821173097146	13
12993065417081082921	1
4147808653290013821	1
124802566935675484	1
3628532146641052768	1
18036616978819566438	4
3762948060562966384	2
11960606015396559719	201
2453788182463051837	1932
4038554175795142045	1
16079621064108797355	2987578
16058818155894275923	5076
1727876143341237124	11918
5073574511731840288	22
10829914320744292226	21806
6326326384142951419	7346
8864792054189850782	168
1023577285521575876	4559
7895267351082946272	17667
4886845640969135284	1
3941123535949889150	11759
4719498895297163053	1
16032178462387687151	74
2073095131466116356	3244
14445035642496803373	21473
466931674688880998	19941
16125380774356108891	2
18439007470281360181	1
16240246152306377489	1
10470008975777207444	3687
13491570622843861769	3
11222733784537666418	6
4753527618553676503	6
14786738341470088394	728829
299480469031427457	1679
10713893109443120408	156
10631298987784212011	1
15276687774230342494	1
4317465869470005217	17
11247256017271305496	2
4176391894676414336	4
1681068212173832434	6
17154713794003882726	1
10132662390371109926	714
15159534156517973858	3
10333843897935043365	250
7989141467989997911	599
16214479890641179439	6
14871203712790349831	3
15778864371136069413	810
6047160329933706676	16480
5116596721663783147	1
9151836731058049744	25
1491578707550370962	68275
5975676362260796704	5560
13391998384430537613	23
11208551057118487700	28
13323562462974294452	1
11278424594357134176	11
17234432868055648697	1
9519218636668480577	2
3033114249911228504	1
3432552011258778753	27
18002073413636218824	38381
7480601859663780267	0
13746698644417913759	1
13273490495891199728	1186602
12912951388045645442	3255
11225435087340458511	3
6778625690465789818	384
8640523257059513075	3
16808407762658621508	24662
15503925536206070320	5560
6088383736480598639	1
2335315776570788143	14038
8286198583227302856	17
10759281840857432881	1
14551456601913684764	1
10999981206812279824	36
497796710937620113	478
1939401696281526504	1
16275917815563086174	1
7043501130898724626	41
12664331871719409521	8216
17910269915516833283	6
11454204190412029517	2
12081309820082882754	20289
13212713032117022009	163
9618366774236582073	8
13304975339055996352	1
8688768545970708028	3
2450868208198872188	140577
2350480074951208211	2
5583695603288721191	10
16039510246803037997	731189
5756595960663927111	24323
10584355781285669044	385
14455458526501574361	69
18184900706622616365	1
13920347827192656049	184
12238295350924147419	3
12443589309985444271	23
16657699026428697187	1
4507058593303059710	6
9093268960458988404	747526
6449219810746076912	1
6516487188290088693	1790
2133938684066152116	0
4527620983524099671	4548
14901657340937674324	270
14134319668904002739	1
1310603782239542776	5
4114316336662188245	1
12434587307752949885	1
5811964897277884094	2
7756216254964085462	4
1978738964298298661	1
2469547866431020509	156
3559284482340185008	600037902
2752438117065817385	3
11444349542048706026	3
8514068364715117023	6641
6659046909681553172	2525792
1932356983129403303	4
9917170045286690050	1
11404939097476325321	1411
928629521616441143	49
10626540276818034515	2
3453210285747318422	1
14090889792317014663	1
6605653822533655560	94
18188019660099141839	1
13415847122329261043	7027
18224358441141111867	1060
4357489388623590881	1
8659170136432763557	18
7175239437372530452	533173
15082275629762364693	3
14868134610509709434	4
10558854522399018800	27239
15244393976512828620	49060
5572206316312183808	1
10572040509277567779	3036480
17479369747058303967	1958
8700154651030755830	9701
11839822467342818266	301
9703455812587947515	8
6547925445056621072	128
9338340674620044193	3036480
7470110329384200011	1118974
6320540326440815610	1
2285126629404905668	6761
5261921805946595755	2728735
2875646396228026932	16
15651506320470328216	14835
5467723103742961075	25
5018131017775675996	2378
18343564683416524231	3
17253031474360817086	1
17221009937162286316	1
3202883660686981371	1
13038643076821147568	5
16833346411395293398	14
2274974762508809522	969
15415359872308702405	19
12750180441002402853	3
1677676283159602133	48302
124407551247528974	43408
7628082724433018142	1
11669537499549490237	2
12998081902806880826	1
14264622562592805698	483
13563568899367228033	67445
8318249522096685381	1
1131346944101224212	14
3444427958210127849	1
10669010240332852204	47954
11905467709813083007	17018
3839220197424319932	1
15799848086341587213	11
9361202167048437756	1
8517867017115010928	1
14156162091603327754	15556
2693801242106844365	1
3310943782145078165	270
15936804108601361634	98873
11806905320464578742	26
13693261697987493470	13
6970163274326205859	1
9445267474760305977	17
18390461822197611236	1
227262666792022975	1
11584246504586611775	1
1489901310866517461	8790
5666390530851149123	13
1940777563454499612	3
17966088011390584079	5
8037835654547487480	457
5057144323488021117	677
5309979303558351589	1
16615816120836352059	1
14441321413785713235	72415
17089454120296460400	1
5351121611523880577	77
8212840029468910064	1
13466684310895910395	8869
10738008381639174081	1
11455726241031484032	4
6349531263156696035	998
2205175956519802205	2
4133984202106199295	1
4073903847879294555	69
12331748871290175177	1
13403534679693913112	522511
4318283291473682440	600
11543965327597728933	0
9095321809526497145	2
3193469422659676840	1
3863475960240224328	131110
14759025820654448418	1
7995884097765703574	1
17867916867239335925	34
10641190243542340475	7
13593798622588517616	22
2555213370676492358	1
2197099882925156233	1
7137616385029833476	6
13579819169388851859	1
11394641463035475229	248
11417983600933099725	9
4749863720806373550	63900
16810352008258008906	1
15678231057975761876	1
13272654571158621042	9
8225819591976985381	0
16426295200413500450	1060
14078111219971258336	2527
11516112144632793435	37091
13663325574642233566	1296
2864115381487944301	1
15388474959486727436	2
5991972115020916112	80
8966658881882923296	1
3433927864973505786	2
9726487298020271124	72874383
18266625542721488336	58771
12413830377343704391	1
4655464033628304988	4
8180269057025086264	1
6931949258051110534	1
18299046352723282046	1
12436047814534519266	1
11074067792174265044	38
166529178496484688	922
17002297885324393229	9
16575439154438036093	2229
9713598669161812364	9
2218401291712936604	15
5420061790280017367	1
16833669300227958116	131
1002417609222724400	19
16550368455560738011	53
17639411122087860932	1908
331907371412120374	38
2867873250803049974	1
7825350821690362136	2
14199807376117763511	1
13008484573290911832	1
12527196658094236340	77
17521505805440297211	624910
13632802452460519171	22
17435128607694795835	9
15023427861497176741	2
7844684572099822986	1
2594534699147348601	282
15664686850723960444	963
12612128656208792529	1
4475500651305395385	179
10539966485882273954	752
10053230333930673963	25
13538385908623106961	1
2045965436832356740	5
6638990305806241252	2
18102525029230557258	7564
1652865957440422077	2
1364260841753518399	1
4013045147651643507	3
16433522030414260734	1
7109114790484059829	1
4146621603186099668	15
16024166102338219157	241
11551408885680649057	1
10130224066077163255	1
12177725758463790452	44
14483689322702468278	7
10746465864262860200	285237
267299633731298715	1
833065720011999983	24
10682967305058885844	268
17775618444251732195	1030
14758352762081335465	1
4587397063030385595	1
4916687954985323583	1
15439725971171289753	2530
4439561500871539461	1
613260835126450403	10176898
4124194386737876141	6
5828405043689710232	2
7211293005750181120	7
9193667493513657225	1240
13210645914632100943	1
14783749689991176208	1
4576493402578934773	7289442
16587087693612952632	9
2301640833269290462	41838
1987248904047351949	4
15415622392673296400	227167
3823644545949091944	44
1150431210394286091	0
8502845513015653963	134170
15707852582117207929	6
2205295257173537911	11
4643420328314009575	2
5589077628497511527	1
16042439089809282576	3468
3136997814534451366	7153
4721568485813621474	8
10774076795355755212	3
11770148849691970901	0
16057088408496311035	5
7474520894036656203	23
17314615029884170114	1
17543098536993797574	4557
11948916478125294333	1
3839721134733414726	41
12291854849240344141	1
18357934002934305726	19
437750417817092451	9355
1874852230438711638	7
14481010668496581623	186594
11674555949660147898	21
500078728061193945	1
11311083857493445077	1
15498930129528090133	4112
14165217393783400893	17602
4502754281866961150	6016
5021695855617044090	1
2280245419482496263	1
389639574815867239	20
2396494008655182809	4
12737091345362716581	2
4706651584122544684	23
17096268580642762323	195
13864010500403699584	1
14689914125751945060	4250
8018462824245116308	4
10483488680954172791	41817
1013674924218118125	2759
9619444661704330676	0
17532579729152268881	3
9972547265832105779	739
8221132792578823702	1
6054353901653915398	1
8934848684713352942	1
12397646530578530256	2
4153126678287930729	3
16096366748429265444	7
9101462238521243420	1
2347574295043699516	1866
545814862410206857	37
9685880387789867933	318
10082428973543555369	1000
6367802485590537680	207
16259527452226452438	1
2020626864241104897	1
13284573693622066233	1208
4583541342641655955	1
2139101978684138797	83
12149474193547253979	29
3185850793867346172	9871
14862504547124291665	1
1582135800120204069	1
18438524410795410011	94
970913822831204711	243
12786141334785189415	22
11955698107324231485	10
1015946423192788376	1
13087813087037212106	1401
9148885110937712048	1
12027954914531405323	1
8301543415418047537	1337610
16175274991168942140	1
9655231313432362190	1
16636121050364555541	116
7584845521868771686	394
11074138829516451495	1
16646546137207057085	5560
2195761488372485354	2
10568771954386441876	1
12848580240006311343	326
3580653877653374040	31
10216462113910678020	1
2797023011802814221	138
6703932660117482469	2
5829657830454566075	4173
4667029204814425497	164
14438638335121806164	3214
4032946974429891697	4
8790776297142675831	1
2035894808872320383	77
18363937578495537809	118594
1479586128265278974	131
4878275180553873935	1
8667962895927181800	11
16358239059686121430	2585
8096131461995380302	1
7130865428639274213	2
2624408025159113857	156
15910515693803470429	3
11783178190649570669	8
3207985911852311997	8
13299014651608426312	1
940456631451155368	747526
8936713557337356591	391549
2219966039010884502	9871
17606753612796342528	1
5623283459551471805	1153798
2564606853179819150	184
10278889352819458655	3
5100830048720430703	13
14983430340893019265	53495
12372228565675915156	12016
12647335247300034199	2
4923291869901053915	4
8352202443431797983	6
3357362423640220171	10
13707100129407403348	2
2049899906406050878	71
3963712373217752761	30702
15316226627885768938	3
1431001101373448003	4
7345970098384950216	105
464984916697247183	1
13597607583436996003	1
5057544413449422415	11
15302994812801659754	184
13788362065931690874	583
12768608376794130716	301
26982931791344162	8
2563367323844998593	7839
273920894581450903	595
5728825875698211639	4
13358130146673464656	4
3717503478413820288	5
4979173829185033584	1
13897138849575733525	74
7504523449148678673	50068
15902667569477604969	2
6268819166799881094	1
4431196752263784512	1
14880249175041588160	35
8663891229728676098	1
1159984523972705377	2
5231027164798392066	5
8640810828960959851	29
5243105546781801310	23
6444111392145218815	1
18093970488303514927	108
11842819076241157796	17997
4481198614600071388	3
11873186170808641520	167
18269182831556391767	35
13629602243642903566	1
9871881573159704232	2
14237732280681612359	24307
2643336408126392853	1787949
2912344859644493497	5
11911497965866305309	1
13677889412627973970	1
10826986742723694569	481547
3173979540904698165	698
7550910929398853483	5
6784333070788113723	1
10808670292126978359	37085
6885478558548664126	43408
13447802914787799946	12
18274418784964982957	15
17422785978031792220	1
10929978911627273536	37929348
8780228751653738132	1
17848616397410248637	1
6002565275769068477	1
17639276110163682859	344
9990180155162049258	22
2777095564258744899	1
9527269072151472194	3451
8529730111895256034	4
9979931812089859700	750
3567719074273325616	7564
11191818863800922098	1
9848262777048969771	0
15978752218533378792	13
753721773622004052	1
5996113788270241359	3417
13860209527582839946	90
10286716218306957092	11
7255553756831222619	2
6728577865133114951	3
938045176744397791	1
9161835633989442554	1
3615562317593076912	26
15562575777158032933	1
1289575863510717420	975229
17713482144338407551	1
2922624064206314744	26
8354871681303079604	5
833399355370073275	13
8052401157274933225	1
10001749429205467573	21806
9156197701476927488	1
13071665160880332169	0
6790496979484629057	1
16081501811201744723	1908
6405614980538072560	1
4232883249520217630	94
9424237180105649803	4385
2052621378875108952	79591
16864973581753289837	1
12813043781520002276	0
6698541414756000196	2
4122822921185291686	1
12178670357842322422	47
11459730605606043762	2
3390834647512670075	12
7367214897718300792	63332
2201606199916425244	5
16295873369441087431	2
4849879669543572303	1
18320192373548544976	1
14416557260449874485	1
12512471714600902731	3
3630387607123099695	81234
13437722869653454391	34
4387615183848523117	187
13291798326864711236	215
477333612340176535	67223
15959388656009716775	39433
14030711580046999699	78
11249675910454144355	1
5869479866253120477	11759
6828747395202956661	1267
2934853923699028644	15
11583042130400654717	1
12302929424655884923	223
16901466595225075106	1
1590439825656525777	1
1282968260021063444	929
13812192300343497531	10361
1952050070332680656	24
5045831158619426239	6779
15780033555342309076	1
7673431242491845935	6542
10782429660673759055	26
12397239076243840774	1
1921787638022234857	26650
18430923196258996315	16514
7259136553822124191	2584
6594505660387544165	1
3138012519894623111	2
16327999078184510245	714
1755649086663662002	6036
7840827088348615563	30
6925953119527566093	5
2124808781118641436	1
15132479410328848571	1880
891168229629661309	19417
15923481135454317632	1
3285902903394018742	801
18156316458774327894	779
9027475374308054952	1
13295139332396469125	486
8085825019350175991	1
11824135072744221377	2379271
3745335273977639445	9853
9808260686810666455	218904
18185257812097714214	1
5017201643573989015	1
3864885383854053270	1
3672815367171927658	459917
5712821953763442264	1
9822007527770393193	5327
1334244766810336257	3270
18193683217984483169	626971
15240898766082500522	4
110283395358767348	4
4893184708597906361	31
18340435883042392105	43
969497937759961888	698
8133058496712380136	0
6762202353959422652	1
18391311695469803250	426
10182108651691051157	16
12540586684492313398	1
7886795088202799357	146
3678133059931108509	2
15729371822413519762	142
17140247690097840209	1
15110511227207723939	1
3126551103213106478	1943
17097694749487596147	2058
12375636343409909431	4
5982703327576971806	3064
1370385433813086807	1
10442272400238434571	198
9759459095018039032	33
921515658935046952	13
10942667226053197198	13
13063859691988729270	233786
15879384419738497356	2
7444782797984199023	8696
9081897252400553675	323
17832591824363263659	108
1878316671900653045	1
17475207801192656803	3864
17360048182271830589	7
3213150194896377038	5
844310412497565707	1
7715454164912723945	30
7521826966864245375	1
12017326899574724513	21
1106359656331483879	2233
8801071299735627396	1057
15850185202025846629	24025
7154402346056276323	2
4487868710354283149	929
5461151558370999366	13
13585880200232851703	1
678167385873119561	15
11192869088031478368	262
4141619428104768253	262
18153360034112894149	1
659115766661031161	13
2175212565304324182	242
17238720422356260546	394
15801892096216302128	1
11663721433235324951	1
10882620973066197513	148487
16690280207255721587	25
17663581530274311082	3
18281986259641525086	84843
10893669302108304081	59986052
185591455700303476	293146
8398429701496807322	23622
2324728705427710103	656
6288145039679150670	1
14908225101744606151	558518
11248376927931314720	27
4468242591613325178	17602
10409440120947615555	274
11836776650923102030	0
15745415746170051149	95
12263869917049161059	240
2949366103706483604	10
6419821446529749704	25576
8854260113090786846	2
8768169649911387928	420511
13164060199464744580	2100
17068623697667654683	2
14603716270730441873	15
9007540900157871411	12782
9713541107725058678	24800
3000244879269230113	1
7226298141477859610	6926
2420470272567607012	10
9254949273214716161	7
4056441621914051718	282
10660624507825973593	1
5692125981783295378	30
3210632581104440158	36
9671408359674581187	1
14906931056582902752	134170
6728854686997686459	5
9137402720252741787	187
17103528729357368550	2
9859767815733867395	1
9194841310328264512	5
12471712015170768207	1
8503848447109550197	1
13337936183047637658	168
10993708001903518746	5
15941924437162639936	1
13093351404476863388	1
10136113640519519583	5
4057391684356453237	1
16188918950236292559	20
11736703540316767891	1
16778371929890730329	9532
5707581800571540254	47
12623413336145582780	4
15097471163860607367	1
10172755737497489996	6
5628932731509049683	396
17702305931090846926	262
6398024132566957687	1
1832436435570236321	0
11852241834850468418	175
3788671992531921475	14
13059914437552714767	77
3428767997076624817	66
12115070765398089514	1
5510696543583728898	16
12021196537376787806	3
8395186418493342243	477
12169365421243223646	152
6836527432353174102	3499
124018480693780989	350
14217825989614682594	1
13493237760411304024	1
18048929714530402346	6589
14004045483714224779	21
8718768886399093482	566
11949646197527380880	1
11538345656992689309	3
17066131100912578241	280
5927515285985013907	14
2482640933640448218	185
5832030342414196165	1
14674067393893493082	1113
7015467820629184427	18
8401798435361329202	1
2146398625030878748	2103
980256217006125199	14804
12189351190625192520	1
7307556977836810757	10
17248012508386033414	394146
720021913774318275	7
96565025598155584	326
11025844546346794019	749223
18112162034302567920	743
3855429574182993086	43408
11369189193022512328	1
14725625429644837499	1
1830556092920759293	1692
3522015722813077746	1
8570756369877853279	268
8543731441469049444	0
4399308052529556291	1
18341449819654466472	2609
4494972769635214776	23
10612016971513797616	1
6774541341922889628	3
17002724114579457969	13
3013419260136331409	3
2324008987759021546	1
16051754821576726124	203
9914262835184676135	86
10684471078935467924	27115
8998331198492340245	145330
6348935281042558956	2
13353748284398275792	315406
14368570871580123431	43
13897435652199287934	19
13181461494255832149	1
15822923688608466717	5
6756135375589924166	2
17879834478810441993	13
6365059314172831688	20
11543133820430453150	10
12915978044444893999	514629
12205416974858774636	2
7103669174246492826	7
9414017280598804177	906
3434447636390004060	1
13529412394228935681	156
700830384838584076	106
16445928078408200227	5
7199203530630778790	200
121915629372243957	1666
12708338149558681089	198
9694812621582131137	186594
1135317348998787143	1
1057207996750816192	2
8036116562517196394	63370
8315253994758360275	1
13232244341374107310	11
16883695286159883608	1
13821816531261301664	442
11943209739358929528	0
8958577934402044073	179
3462833029480167150	79867
2044387681625486599	4388
11263456610234844512	84165
165188954730400691	201
16466237998402034710	9
875238278848128639	0
3400599391864802072	13
14858224178813844299	262
4634073802805864073	182
8900913458750727843	5360
1211718951850481877	11918
10662054281032577787	233
10333316011735917016	2
12067170924170530065	1123
245674202061325936	437
2841732393521103622	2
13611537637607884375	23199
920719364447251713	22
3810949224073363750	1086146
6083771406756770412	1
3228425147889421359	52
16901862050016304004	552777
14191373424062616450	4
11803734902421590643	1
13068404681322932287	1
14418312692620584735	1
11168494218809649676	28
12590231476307411699	1
13847245006009852611	2
17566036596546327984	1012683
3583413463085686687	324
17243108713560560409	55
15731577902188602842	2
11678338254857975322	1
7186811366421353931	1102
17506102914547043133	4
4692278865790315973	152
2602439004944102179	3
6413170272044039363	1
7703277923364284330	10
856624248801307391	1
10113474575612297407	1
10337164740839174495	16
16222013742181845697	1
18419564093303472235	8
7612757358354063659	317364
7728842121387822120	0
2367505059390486016	2742
3696577771041039909	5
11786717455050805455	1
12782245929058261601	846
15169995145052235234	4
3971002986910625720	1381059
10630089993682355072	32792
12621208705885222165	1
5111264386252311828	9
10865883112411392837	2
12987682482057783889	7635
15918677377557139287	24
5399309004687694090	1
3657003429252044342	3
6573516042953013464	3941
4383571557457438503	162
12335914125201501690	10326
5423389716634767156	389
17628844791854736682	1
11720532152906583278	40
11133402149983456634	37
3164185939022436901	716111
14862616378203341769	1
8175483793191851412	2
12933285364370689450	923
16778598488499756982	5
13101961185265653267	50011
9868707159581182395	4816
18175317224562145690	17
9186469573526562516	47
6248944269187457298	1827
6588678043886453111	120
1894549560239384467	1
1377455011396618019	21343
5615366654824494914	4475
9260570396584884787	38
13218791995270398561	24
7360934820271941660	4758
12415459965162055305	13
6447717211494990889	360
17633519919573018949	1535
9705144821234808400	1
9750935996875989879	1
9139229393058304819	694
9529244269322121052	90436
18172089909237480013	11391
18312442398741159953	1
12118137828104529916	233786
636376227958332293	1
16801007493095131098	10
13733652276357936387	71
7158357969409578678	1
15806814635629869521	8
5394493364470684808	1
1731917581079878070	3065
15393434138449275306	53
15979106222540341407	2044
12651388261793686181	540
14184554413840512085	31
1773094426047202996	0
15250704746378830067	1
5772260767045956112	1
2385627816442009181	291451
6959095686780372643	1
8923845192685274554	1
11093740456321499625	29
11332168580711910015	15
14134306098561691542	385
6010201520615109804	1
15940308733338008139	1
1286745889088204887	54
13148556223999510264	3594
17379145044571790309	76
16310981307684585065	1
17083456680155803654	23
3014155675587003017	305
15331926893512391033	59116
18167868227572679354	5
6033929495799702627	2655
5706923795248147042	7564
9063773609218687954	1
2650094471915184978	29534
4102419488448414495	145118
4207450126034534761	1
8448240735288001835	1
9570133333041037723	26
1211714532090630541	10
11132918514641722104	2
3493858273870562436	1
11227669842327322490	552777
18162580671206292429	2
12787372637523359858	79591
12179768926306097181	4
1168751745062882962	1
8500103610268606073	8
13596063369537198918	313
3534445610864964025	31
10942831481122383907	14808183
1610768586510785628	18
469502189731447724	4
16942500124230124068	38
15882483482633152872	1
9553513620668569112	635
6450110439930563650	1
12614706725923614243	584444
11437739931796603778	1
7658829878475804574	4217
13718172824469509979	422
11102716519610472407	81403
7168477823226276016	3218
10719125512457273955	1
8286508135208236757	57
14967383365328871885	1
16555361616971354071	1222
6041345368785691327	447
17056530583442754467	149
3240031403023034914	8
7818376216834221091	1
318316665308354925	1
13194429858121034238	203
7382825019594988085	2
478040203660496553	459891
7178997033497104344	1
939414857530044613	8
900229570236897978	296
16407660245391454277	68275
1109939854379802423	1
17146710854580745263	59289
3036140898287109028	2
13469526939268937132	1014
16066121530872719354	51
4461323103244669832	68
3004776018870255125	3
1850604521854621060	14
7926129046586320614	3
8562283243083881896	3
16762927250653347881	420511
8013196469698465738	21
16903149245295547890	20
3726322274545096222	3
12198608191216356382	409
16934483386637369689	30
8692941273184987312	152
17775446367590467760	1
4969380491546065427	12
2147147375669469584	3767
13729759187899120058	8
15010625919612074502	544
11853744016224610373	2
10358518595376747338	10326
12938059498018507411	9
12753338156392043863	1
16116365211518819932	2
7046748745420937823	1
4161250770932598653	1
14263121819057583438	1
6280586481913610675	0
66317957708967727	3
8456116774883371712	2
606883673388965557	5
11726410537641310506	1
7652289751691850650	599
8657210151728890816	1
12174474186324530126	842
10035337933977443123	17602
4839491790153977085	256
2924459751406906062	226
4528587592123969218	287
12146516055549271693	2
11460906111389434500	22
15656349146936144146	2
1649689436707741344	240028
1199237090417650355	10326
3857839227577135797	76714
10214466833940767869	11
1728513541947165469	5227
16754294651084364732	1
2988589931324343087	3
18248665930062689483	1
4764747095942241290	30
16706974215040045908	3714
11967801877863248395	2589
10930062810876313864	929
760082970657573451	4
12440554861653847445	2
10528333331427318741	8
3174206862802053633	14
176438993953719808	1
1076529978058348009	77
11439184631755859573	7854
10342407944553565014	33029
16701183512483172616	149603
15976763673524420982	6
14106656400524961800	1
6762975831934797005	6479
11208320718878199724	1
9495955894576461235	1138
1860342110687266598	9
13755953655053996839	37
17016810347557335914	22
13999499045614927900	1
13188390658945443221	384
15726563137082891596	54
106744227015304443	6641
4178653308815530897	0
15070813882340580742	5
8057454414357060582	1
7421562311225299300	800000
8302854227957486767	1
9539624008454234637	430
15714908251516607398	4
6135218226184945967	56
16968197330222400891	15
13594037077549275439	1
3849253023588647591	454188
17813086379662006009	1138
3535333061211616543	3386
13304801110844307026	1
10437004317945383344	12
7987546746799197907	9086
12084427087908738520	7
5798773786408370352	2534
5927898460043466105	9
5764612437035634039	1
10305346967554841618	1
3024954853243964663	324
5975055561380872940	2
8493160126418759587	1
444856528930513315	486
14039261839237157479	4
2865391592722566225	1092
10696254073500377992	1679
8249267345433898290	1470
10309809480705919876	2
7200314411875498695	36
6129099549575702891	1
4047815374637017647	3
6931568852986736058	80
13226344765869539063	9853
4579852902288975567	59816
9665301145725645255	14
48305969105962817	3
10618510845131848627	38
1469407817352932270	313
7124836912494785496	1067
14916832292818610028	2
2826937678131727415	2
13968087992530132651	2
10801853189775856340	311
4877557318716339473	1
11567515473479275588	1
419834082563997451	1
1797915473368981200	1
7491640804430676712	5
1090427206744668016	8
13676429488764800097	1
18188737941092582732	29
1394787631749841737	38
3004528408648657228	1
12320266975507487355	4388
16678541623930188191	37
7483760726450050586	72258
1025083010630793599	6552
11826804469167616360	2
3064187114624771759	5
7704048937807461868	772581
10235637234448217	6
7828481035877542150	4
18115636436685826431	42
2122759488069483058	8
12868502081543401092	272
11574765618092946895	7
1746122598238244559	1
17269051842312997485	1
4397352872623736275	0
11451248337323789830	594
18244869803746066358	2
17658142363022254000	1
4733594966839214163	31
8032440568386762581	1
658510210828243968	1
5027054003484043864	2
7188291554364680398	61605
13627463597881276955	11
15428375902660856880	6
9599200202595016107	4
6651810198676449815	8
2449322253038767344	3
9374518710914493693	47865
3340783659384204102	13
10206753248210787424	8
17553995588102647215	25
12084749614537065189	2383
15521712269328554683	13
5817530225751019062	7
6764270265402265992	1
11326346450395550014	1
6111211800150456326	77
9516242990366165618	31800
3591744781288162450	1
11865983717839520599	41275
4372026007767349839	56
17861438793298316455	1
556993143334470108	1724
3568304735521638091	1
3646323692769436907	47826
14211536981573135688	74
3780325468639120737	4
15638721170351829432	2
209951059289873537	1
3439318640632200790	15685
10055172923421992839	14
16930295074024901470	11
7481933507455229392	106
14465416340634417175	1
11060752490811721044	0
17046997150538321512	9296
17283240698522478248	13023
16793713324631769920	1
6723911853916734551	316074
17916810310450373140	3
15255873456340435096	1
3186297767268857239	1225
15575697761876371310	1
16493670791304939242	0
866155435184081656	126895
18101636760883346732	540537
7472003506558024326	168
14960296400805038055	291
18117453277173101071	1
1664228331297516899	1
7184878988212524655	1
6892692121826911501	747526
12875020310421243916	1
451211514282637194	7564
11220461239119043849	95
902719300448883642	1
9230423555291892092	16
9952067157721846183	3078
9103704278837191903	2
12858503429207561706	184
13245034794057769353	156
14506994947999905048	1014
11565418533498140003	207
2248464466472360964	34
2615473389390666933	50068
9785999450769399363	929
16311765971432936238	1
12335867671800659785	3
1805639168776326234	43
17399980242302077574	6779
9464869862078244898	11
14432351078290883521	18550
13832580293661579775	7
3362399652964442018	0
11396471513684739762	1
12846319115334260399	1
11092737741774744159	176
14692280169932178139	1
16279401366424297096	2
7332894716923638246	167
10201602760140472067	4839
4797590025173882457	1103
16111259280512432354	2243
11029297251564874260	1267
10805260295960499500	8653
1874792145510119538	7
9048079690388605096	2229
4263571392120885333	3813
644648669076827244	3
3365922639468349281	1645
1509326445269605144	698
5492411902915629661	282
9617103482510747777	1
12919423532872305285	6
11156516464696828615	1381059
4656789295678378625	6
6277387523967953627	1
7679580731784285051	158353
6442473618642796370	1
12800518661534757787	813250
2081836084860031193	1
614667828452496598	1
17430567406970070358	2436
5120046752621502598	1
17204851659297587886	30320
7333223730585470277	1
14677099339267186498	1
13021030388471290631	13
3523222832796931932	2
9259626663358499799	6
602534998706061742	1
14313403056391570965	434
676736607256848412	91
10023288086692797145	81
3643197333670271707	9
7578646831426903728	8
14409412897705792729	1
12754406253174389563	1
8626541721743536788	1267
1989535984442050045	256
14097749276770834932	5829
5960461385365589872	8499
8916288119584361274	74
3824492523430331764	8653
2739638674318370025	3702
8669192307944067111	437
14881943227553924304	7564
7770798562955353136	1
4456827803624544266	29
3237313624051558091	27
4082774210655084821	2
2981199038874652985	1102
4038378938791608119	3397
13907571089547088485	536896
7317894099825136300	30
563965810231087608	3
1326154750883224959	7834
4738017699599091700	6806
9107190811523898381	0
126906193818109438	1
2405311571777605552	382
13706178546039175408	656
12371367381835361415	1
3234673436151821430	276394
3182401207262140213	13
8081293239624547274	12
9198299074821837081	152
9897266517721508338	1
3743452535659227702	23
5808928561753525722	58
6499512008410816200	0
3938398976748858597	1
10905262988599953453	3
4783169185075972967	1
6522835500192657906	66563
1010669801415582821	1
7459532880252549909	1
7804692501165148647	19191
3692279924265823174	739
1184233264238075925	35
2833816687229491316	4
7181213406375234629	5202
15122432974181188166	6
16881872048968079395	6
13599668962781346139	301
7223068143970718970	313
2899746921599009946	1
6223385479275625909	1
11836315185840202662	1
6141146083262999044	594
15920596020115870534	1
16012413757893564125	1
12610534163646229432	8
10611544623253504531	3
13888545764307755108	1
14703721934543421607	1
14236025379114666045	76714
7569101979925789337	4435
2906123042188647581	3
6208210375129534897	1
4940621075516566304	1722
17901078501776721828	2
11534199560916822643	1
487505048743897445	256
11235515572792463839	1
17555107977234000074	706674
10554752409788611519	1
11186522160738633214	2810
2682553181298936032	1
13610042430120994503	30702
3127230869285058925	347
10894443026576383664	21
13926304000227742178	1
15993602834877179771	1
4775405086007434299	7
7712524484607273034	6
11962382777365983128	9
7227635581318018740	3808
12204623170453526223	15746
2127901912270381132	15
9235874599907360392	7
3486438209976881025	1
770424633991923971	1
2617712966654925174	1
17447241613657286703	105
14940184431228935860	3
13025342904475465991	1
18227610999595080680	540
12499124313358561093	116
11685553253471009263	77
2252930599674958422	4
14961563634773527709	1
11128998186475522775	8499
16305819222363168836	2
2019606603612615492	2
11640637733458379685	1
14428866482469997246	25
3825171169274838828	2287
17305203394586063351	17602
11977108456639053538	1
18317786532857765138	388188
16566584589737116886	1557
3513838947006568067	331
13901623311714383252	1
15836417472351517575	6532
13078843895606441604	1
5727565177685394766	2
1193813888103066294	13
3444088019740987822	116
11314330626011606102	318037
9849168330660552685	9
5007639692283822411	167
11821014597290251275	1
6772147784206613654	836701
12402782957928227174	19
10812514177166482436	78
8587464542309034900	2
1617886175789477398	1
944943618523287364	121862
17542272465163677565	1
11382514339047552772	311
3672172647329049233	21
4413478590738306906	10
4783980146040281852	33
15914007244350162676	1
15795358522691463387	97716
11504349394994337252	0
3877104499043468803	1
8485554420779999776	1
5966339233639185471	235
9581492125143693841	8
1671083828349540244	1
3326820769578969657	1
15828057800587311781	1
3491833407839307399	1
9861728995491221931	8523
11862226926963066	1
12070256470805788031	1
3642946038817470871	2
9137365117767709093	1
7018521009090444062	333
12917970548213831893	5
2975717848486476582	9
293509429493692880	9
10178432122000850226	13729800
6658558881199372176	1
2524757473350136814	132
6398356964930078198	10
18035297013312372988	4
17444110839632925068	4
6392848002125806530	246
16489685389672347482	13
11108353504454989515	2
15187072442272609615	36
8262675765681555032	1
6730823466107343472	37091
16708218459482905371	1
3804267817828634752	426
10271376809401155175	87
16189947666161741457	36
14319770215460457225	2
13902997029893428005	842
11200620174168988842	2
7328168909061454432	1
8916165750853151753	240
14587022517976627619	13
16316974721289783250	4
4292669725398132382	10
15166799241640154377	1
6941087982200265857	4
18441876151043265552	415
16367796952764477909	35
10078528294930610384	1956
14544200545179602590	27
18330289646051651124	311
2204521390796566363	17150
18270502120665741168	62
2938775727231898508	23
8844312080857183657	39
2562423587125473398	25
11816876671031612769	1
14017045719080022652	23
2451554760505774384	294672
9820250764963331393	4
16858648487104198605	209140
5139091093201086805	18
11074947455273509132	1679
8921013595800460226	1
14847335692784576894	324
1119776840787361210	36
11064115429863435960	1523
14425401606170830467	318
9607717073083708662	1
16417104368275372672	0
6318712735482374941	1147084
8153664872954413889	1380854
7233184899317887441	1
17883817354053109874	14
407947382154188474	33
1164770454048549382	6
15366180653066863513	1025
15100782601439632845	3742
8739041361639574699	1
16015504641438019910	1
11653414909595938157	7963
6168193290338356578	3
1678517872976568974	0
6604430425922952631	2
17667243681824074661	126230
17752547909761243413	16
13807288154282488575	9871
17531818214321282001	4
2919067570470625792	1
9471088624762540196	4
7118254172598485257	599
1166752962142350083	1
995017347001858928	36
1524137460074397867	991
12531315684856255692	186
8522136315797764765	1
9670970882864410588	16
8241611221504493268	1
17482282259343193319	13
9988142617339330133	3
14422887395017856455	1
12962787752041926645	16851
3198147139177950120	1
12028726329258693963	1
2736904331975814390	1
13515367411762302588	1014
3065028231699873969	358
12950441464433340951	2
4439336807635751862	2527
3197180152041028008	14165
16643954784530494027	48
1828196559868158527	1
17721807988704589551	1
6481303115851537227	1
17386986916000003722	1
13419844826952261569	59831
7920890278698496066	1
3813753023013164251	10
1526125432526981083	4
5394015869359018186	116
14719898335930377495	198
5925689047958931916	1
11463031872840767195	3425
15515253245246270566	50
6328587727369186557	1
16258780341452393966	3
15866318892667708944	1
13300921734279973071	9
10535774383208917172	11493
12619508384473318439	13
12596387066924973848	24662
12502431834459370261	578324
1008808871474328461	285103
12756641963287436136	1
14933537079347740390	2607
3957078446178219297	3458
17095827342135873027	24
12093491882155735290	50919
288943818520936334	16409
11522099111988417974	20
8977327912544955656	2
5973039587185908195	1650
18068612655341193842	1
2039808872114592511	25
12900768285651956214	154495
13904343092579451408	975229
13234519806600438267	25024
12083626586015846053	23638
13242332140847610312	4
1854547822109375732	424
3180762173073111199	1
3709024543099574676	1
1288311461692896083	2584
13535682395190193212	4
18027522437603135058	1
17565383956655209333	1
11350233644364897431	4929
9210396415214286068	3
7003105848627877482	3
17449344694643838051	25024
14728859736266585017	742
7287416504000410741	1
6930099154121573273	8569
9646350641446427072	8
17628157951398050527	2441
12571514718515963550	1
14737150390495472206	1
15464438930001126417	14
9570689846864388714	38
5849843705807236547	1375
15950655489105538896	595
12976191788901393852	4
12777986522734261834	1
477484218446190465	3445
8997636470269535741	1
15354047261544768951	1
9076949850763236744	4
2452764913179536489	16486
6236840417888315765	1
2673976141968578246	3
4789888354583501889	149320
8340105489107928915	20
6468696889268307544	9
9508172141161307757	15411
15348108464175967760	1
12303918733121940999	8166
1460554656417579052	1
643514573745724497	2
15665326253199755441	1
15427968005649463551	24307
5604349797788729774	51572
5158807624231131989	6
12774955088645784520	1
4419588063711731807	3
2340361570595627765	1
14971635075985440367	5
12973183251706203245	445
18371332983749860144	1
7572260673131986533	29
2559493366425977284	3
10972301300878876223	41838
5807378535182878709	673
2507112306834611749	10
12588768868503169876	9195
10710737737415405772	2
7725344996170342226	35
299132303582117193	1
14070437221133487298	17339
2333552002607372931	6
5014620978051777236	2427
5551334285012580692	919
350386370415619583	10801
170997249609502143	7
1888921982258859548	6
14181987606129308067	1
12613346969398713490	2
17780096802030759284	7
1735304564830311557	4
7472283937468401554	5
12874372438574063402	1
13225246859552658884	18
5308875292373158765	1
13526493097226607868	993
13813996425389737479	228
7111298977235471305	4
5260721170306353799	36286
3961738044694427506	17
13409910707762839454	13
15465402668556591550	3
1387747286471544054	906
2741163173693082502	1
3564050970566271285	1
10348060146171997000	1
13264563591231572573	29534
7162583346616461376	2
14441891235496648388	3
16607670607844091241	3
9050937058232309531	67
3320572653397110180	58771
9065407401772562278	499
14970233226745940521	15
15886831106476604778	16
12056561279760627612	7
2574403620284464045	1
10302774306390248814	1
2568992670970153181	5949
1997820963932588055	1
15135393152860274255	2
4164350133951749926	5
238565279966959706	1
8882106154466607682	51572
4938600649960442186	4
15975627664629370753	0
8791727523560684440	131110
6680341189948663158	1687
5904739289363780079	1
4028328912659525624	9
7362607980503946136	11843
10460549591581514276	1
7560375126349973400	16
5102642025077134796	12
10253846360625039972	1
4488696264266203945	149
10445713873535692144	1
11922716007467941718	2
12203330843172242530	17
9059783641387766962	1
17661687489200665767	2229
10572246872296111197	1
16947975145216591042	276394
4135137451246109567	47
12766857070902092163	3063
14731813464405027696	9
9532798612546094735	421
912241276219904060	1
5069812408351253340	19
1089095387900259973	2
5040800110734329664	131
10377233684095217761	10583
6963604793895469932	1
18213764923964093893	250996
10165991584865793537	2
6133161131786600802	1
11596635846936899166	1
5623029185496407101	1
3211552072040225548	8499
25442642622707716	2
1454094723317073444	15
4417088158942285149	6
5321789788185047115	1
11585042573071491415	356
9646627045587452937	318
5803032559734150946	1
8866039732713078699	1
13467418249710199328	272720
738827359297361745	7
10566924511961746632	9853
14825793827925739340	609783
7519155204472673144	1
15744056610799385846	2
11694952663307491059	1
9124571297157610801	1615
4726451956849457190	2
15512320532998492061	41631
17684242482150746064	1
5365516526522865784	755
14982687604497143770	1731
16090086168534749511	1
14857426000874618089	1
16593498187872052770	2437
15730188077949242581	9871
1700415932366028889	662
1999524964530912796	40
1367855287461462057	1
960923651059870654	240
7336211992989387076	9
5703075503356480033	2
5709828088795885710	8869
3206404167102540093	192837
11142991681087073202	1
8513153557584772284	483
7441825670116076504	3
3583786090413115783	17898
5973826389729454931	720
10658673142605609932	8215871
15641192778313234365	1
11148212098504345277	1584
1128030521310093861	948
6296778696039346495	12
11140340991830418338	15
7229526593733703686	1641
17644221339408866295	0
10551512659449315795	4
14026687885377909948	459891
2863298723626463201	2
3942499960486018358	36
594963709738290593	561937
7167281211839513724	233
5286404362377739390	1
12860108202866863987	1
3055138896030409784	16
10441164968404913652	14
17994425480304209668	377489
16820318314588576079	11735
8500399254436675503	4
16680047910794183843	255
2923497572547567132	1
17626349418966927245	2
4739038661069357412	1
7959204986038140564	2229
13972306195360961058	1
15978258717180153458	2
14249620021451058267	1
9050007089744527789	3
14106993768012432672	176
4101563224554153398	10
364337238695777082	37085
7185833261834606778	0
7081787606494627927	2
1702564620125438544	1
124502788335015460	1
16608664236409624167	78468
10452053771354049388	2
9200849594011303442	1
8083846112614412032	4
17512911556630120912	38
12602023925678060949	8
5551160792502081915	2448
13468269075681896980	1741
17485208194204170276	2794
16174943923330085836	105
9583411451848050627	1
1493646995102878997	2
3709530457811992826	1
7016608400333995504	1
10021954338004759862	2235
17744389029582423519	3862
11524149286348478558	10
2381051834038565606	1372
11089141818928754257	2
5195431943855472041	2
16487507720434132638	25
6820197546854687358	15
6679081279241671607	2
2791052019881328534	394
12879419661133686965	1
18157499431737231162	554
11404530700270763254	58
2128910891667861468	7
10555239324390885254	1
15881638084820314717	22
17398009418477819200	285237
1116181781347240397	6
15700875534189725212	1
5363050745278361230	3900
11971212272022096580	1
17080556151964848729	6779
15553100956887145731	802
11569936818942391252	1037911
12552049138539240255	7
16330065454089377774	40
13095139574126337840	32
1128593628509594811	31
2473339099774668654	295007
13541444628197239890	1
275749922963313685	2
7882806135511520681	53
11652805987293680630	1
4034836260890503057	481327
13092707224478053627	13
9890166307780828903	349
13859646006952663358	1
6250249342891143273	1
9273790264403747309	10
16575615081492659108	706
8000394248286184649	68275
8797822719333420117	2297
2479942254617242369	236
14567048744877549341	54
10799465904446034460	77419
2837851911160688906	1
12577278224772417057	131004
16890678699208559443	1
9630667520773372287	0
12667292132897469732	441
7177293980130117425	1
2128815329029803088	1
10492797661141411777	459917
1837499059605334866	1
11981516204133926462	1
16417943018003178396	12
6524945706345352826	986
38763287788089340	82474
3901543309495785378	56410
13567754290130901363	1
6856059351621452091	92
8734341720935713383	1
15291796284825988663	1586
564261220577252468	35548
14756087196038976445	1
4790178689050545619	4
2769007628882121999	2
13000881491494146750	250
13021818632332381474	3
12003984849296536251	12
4096618172368614520	250
4739273428015575912	1
15995599003059540132	1
7490868535774656682	584444
9170404023010077074	3
14627876197776235928	41817
6586539715980601826	1060
17122181353437005959	1
3577409040783300430	34
11360189125555374053	1
12653833239586414179	239
12482845444642062945	1
3653235306088401612	3
4391659489899400142	3428267
13497511757288779644	24091
10525252625753727023	67
17128685344902268763	360
14540980050618476548	10
9017074309051204918	326
15675941841244432175	923
17595047612235472991	3
2232502615841288310	16
12382535613734215426	148373
898176441788890462	1
3007349307773139168	1
15690759569006412418	1
3815972591021130716	167
11668961947944433506	5560
9860198669226868814	2
11511589111748447713	2580
7845306670093074914	3
12287829304955818688	1
5250604479136465882	5
2439847274524214276	18
1254095039844450689	1
10845372815845884241	507549
15318855503100504224	1
4755972841887382528	145
15060301954808483726	450871
16057257793256835885	396
14096773299500829987	9
3632727344725796530	3
5262793005308562993	36242599
3759879990828227993	1
7075418998108951227	23622
56824637330855627	3386
11483207616516847759	3546
5820754816191939307	1
14201513754782905504	3594
13655247532167494999	184
17371130290836640656	1
12207733091673062068	367250
15864078026836899802	8
16197178797006893482	1
424408072344927565	445
4312401129120939936	1
18317860070291970524	1
12212294058246245998	1
346706724192616506	4
2226855961269840220	5
14919339442852733584	9718
10567756024522202412	21296
797481656872494375	2
13888076021366377380	1
13981275154907554336	3
12614314321289992	1273
5964994244849374494	2
4539765929272897355	1
14127136507341482088	2
17622387759646761074	2
6612991951956092868	39
2813226436928321689	8
14134453583556043973	54
12206757481481933209	1
122440055608599895	170
18339919387898156761	1
10613817796949620328	1
8414814515019866029	11
151059484809564021	5
1452387085334650003	2
7917795930917464446	0
9417540240500301138	132439
1781909918793477484	6
5206789969630206316	2608
473590660386435639	11954
13803425406513700094	134083
12196509614607338031	13
9736995678341877370	58
7349574918645777588	19
15513134008925605515	1
10130729247545253042	68341
6757049910709685991	132
4692907715375702674	2
9220944909505191573	2
14289581676320166283	1
10906537580685131447	179
11385821774078253410	31800
11351847174607752352	107
11776333594488457376	2196
8857518097022684955	1
9531295924480227067	1
1669199621728327228	483
3107204008793603808	5
8309881348103155684	4
3512933985698109206	9
17796828188880144830	211
7977293105905606288	1122
4352418677849719486	1
6761821338185152213	63332
13193741691113416603	1
10506989105983660413	71077
3402138233804964816	1
8005909280553296267	294
6381228912830353957	1037911
16479274855360280492	3
17572241933360560535	4
17415713313354701149	77
7529479289745671906	0
13347129734639265845	1
14802386413402982653	1
4748612134418781084	3
4429967069922742852	4
13471874674324475503	8561
14118515073653114187	8550
4125065807345679802	370933
13230135863597231189	929
15366594641823766716	8
7145048871265798918	25
16593081936808126118	4173
12166141143228182244	262
6541358907896865383	2
3365025921853337528	1
12324717101232598050	109
11484029058993169651	1375
16581854066381018028	158263
11434507173737685730	182
11614212043469787957	10
12213974817852328168	1
5218176693595653683	1086146
15250261199131886935	13
6888671887320657092	614
3168891483519881833	9
8906980266147322522	7
12494941670444491080	1
8071316238998823385	1
11224237024397372216	40
12153669829251871102	115
5911315919322123262	4
1053080115148483784	5
14583692189673958039	3
15511737214802641293	926
16521682915748807735	1
16910344847194904446	1
17099317965520167525	1
12961950305888953492	31
5220919379349921601	16
6035837217216115774	311
2709962283881796512	1
15387970143254139241	4
5278633558335296809	69
12480364995369087715	1
10971389660404206209	4
16531057271656882979	1
9701180476298633971	48
412083938538436373	35577
18418508502519768122	42
7101165416978553886	1
14920756156953632426	2
10015994149982346650	10
11296170788927405252	1
3964092393685439230	18
1614774674045598660	324
14507062669653734946	25
811760850321918283	670
2409015965633395814	1
18301447812192982125	3
16998765035957259224	4283993
5678731770020756479	1
17880326251445581947	34
11035847897854948017	779
8850864524524294885	742
8453049745745397248	3265
5265123421164984608	9086
17636333897035965038	1
19478703837255971	184
701112799495927159	2607
13668320822915360502	1
1939847175709189482	6
12862885318845062603	1
4150007973826179010	708
3956690448251763495	7
258566903606880270	2
9616653111602044519	1078
11783151660155572226	5
13271319566462839958	3
12990396927931531411	18
8658846587756280857	12
14540206049065278250	2
13218013978190942856	13063
9372267098650938688	1
4164968376729657527	1
8456345278022652459	1
7475486020408388835	4
17446564219821164615	210
8972847986034828865	14
10760909512369177311	1
12802619579250214329	4876
2406605676796385442	1375
1648763250143094851	1
16022618873740881944	217
7791345125684103385	8499
8093739122508719404	18
11568074893548563185	5
9741271524223070382	39
6206295571623308332	5
10951812158987970068	32
2216607768972216831	1
9037963494426788207	1
12587799134043581456	9853
12092702584943878260	2
15266349914690104144	25
2995531275156945070	521
2341372973715711807	166
12845190812136161516	3
5430418796154310780	1
7285117615041918717	34
17020505119493731728	3
15215629919638682754	8
12901733717499349182	81
8801480505863801175	1
14610328291468604523	1
8242637081219276417	61605
13338204407277071881	0
7486985383153191417	207
14844658841941167	211
3889094011266565232	25
3463676128374179490	53468
10609681685333215705	22
3438208251114055227	153
15439584035366144534	8
10598274888816434995	277
5721654299760207772	68275
3056447063671367477	64597
1611960002678394220	38
14098938453584046068	35
12546128194427591391	7
4388045160620418130	1
10919681923885943969	207
13519171044352944002	1
11777710017432282814	6
10098525645823367764	1
10820965293938811377	0
1312759624570375077	1
1813115281560491079	1
5475064011152562868	1
17031869269850833464	21806
17858271866837824766	1554453
11006068913953787938	156
10938246742125772681	720
2084805417719906701	1
12672445613353190516	1523
4442939168982690513	16216
5174402018097972675	6
11685671951717146552	478
1387559285090653549	13
2100444775134263039	1
9829686439294257746	7038194
8760911218806892273	2433
7849631466518592285	10
8097106091670812714	1
11830536013970674267	762
14825190667702358156	1
12352144620936842317	595
4849437323244655014	3
3298801428243070188	26
5035271627663800599	1
5378596166043602147	105
17498395751144745534	12
1103203851315115838	533
7571570787251666885	1
11433870047391559970	1
3206034406388370845	1
5304123281272623253	1
16133393243298963038	11493
7383984963199883628	2
4458195196723795963	2103
11924800846640552330	2191
16383951465990100154	10
18116786924992308561	1
6494575384684689861	4
16376835236416815883	80000000
17295109792401335948	1557
12241290218527202002	225
8145435639853386206	0
12146440855396701127	12
443388623999807949	2
8736233157819483787	117
17762820707969069238	229
11150825425998328253	323
9146205097658006349	28584
628670476907232922	1
13958839349790655946	50
17734663633585426341	18408
5728213769938797351	38
5723479912117893674	3499
10709558319825242464	1
17466047197071844901	1
5897646352486284754	17
4310760599148220686	270
964944690976704626	2
1942855427974108469	1
8715356687625280733	1
12193765439918798013	77
15908445742580460399	2
2002767421477142568	1
5745736323863885324	1
17885602413473695491	18
7004334618556845998	44
10587366847265619248	53
5382897214978494999	1
4929474936002109830	168
1470306990151892032	394
7605385928512384247	121570
15172987616124816685	1
6234616648224700529	7
16234814336002754345	6
13200419424003274991	1
11610528364803369359	1
18398588165826012540	1932
3192401308710721891	6
1354106202024828243	25
189964579933927397	8556
2530684581949018947	136
625609838875316732	32210
10764222717166549888	15
2325205373548167285	1869
17653588620421216585	7985
7600397259919305014	11
2934686340955338667	14
14741804006859590876	16473
13862092988962258264	1
11723291685990131427	1
4512152056517018755	148487
17042495644308676508	4
505283472392667082	211
802137836543877926	1
10884671101852321534	4557
3701461359960472866	76
13768685583823619804	623
6644317456992627419	68
10742508252231447237	4
5138516801312317128	19
6736405092317554326	2
4624381386088595007	278570
16570602542793658971	1
8711074528693699496	2
5939321194160654583	24646
17672232498642147230	4
96069682411162896	8
4181700100938165543	1880
17815565252490453183	37
6069077170638598355	747526
7898081099353218166	68275
10808376111282887695	150199
1956334492151339534	54
15571725272316042782	1
1088451457537291555	2
10315805266691634716	1
16181011025315143849	16
6331218589625416891	2
11361929037660403985	969
12417273358364471983	13
18414942932331313141	1
16436153008624394490	2306
2275603022516500583	20688
1981192313479118446	2
7392474377211739006	1
4742276297190807343	27115
1284360828654138613	0
17271245458704941170	29
11350737500973971254	223
12539225066934840728	1
16311861167337801688	1
11964352585076184691	187
14091768715548679483	5
3078332937458778795	12114
9545525740981673536	7
14858418482834634391	14
13419521349697920093	0
2633426602421717681	1
13059676871574806579	8
8500722405184173460	8
12186394461412855749	281
3703871324252854586	6
4604549931765541711	2742
14937945220672449092	631
13611533250284457869	23
17507522428836032830	762
12734436372195105603	2818
10222382617190906316	3
14359800289357055250	1
9250190643056784430	1
108917568805027107	2
15686002540837212738	806
3985430216607809524	25395
12699129070950039932	1
1825318357318891447	0
13143657804205406028	17
15425983073374209114	1
8248420592997915998	1
2099433528534370927	1
18085658041533591889	10764
6989132716675587961	1
10171239510638519062	323
3056333146812812710	12
4350652534534583422	131
15884691002807252411	2
5703530433980139159	3467
15007802392671421866	13
962980928764306548	4
5345329430996124870	1
9113467037245727738	6
4469644517976556952	4
3302656127396088796	42
17732958606843001962	7
11186756792125342962	1
10258016903191352554	2422
17657063449236930990	50
11897890860017923093	156141
10574402706614937372	2000000
7518456258688542816	46
13898246825893911281	5
5875697065890650798	1
14857091438896575132	1
14406338623574216531	1
4411297692192641842	4
11390105423439369453	1
11630153739511946908	3339
2607456475055454054	2
3915701713863118298	5
10277134918738572896	1
9342197265787383491	1
17597322669753898673	52629
15938676707052364130	1
11899510866107442892	1102
17149785694165844661	2
4514759727386344052	18
550852453703490941	9
7692163731173862947	15
13549020989749362846	3643
7279132110351441083	673
11888734024403554954	1
8230971993869719307	13
1090101638032694104	23
11768615373991051761	1
14495139403493955712	1
18331683709462255813	39946
1563113572175774430	2
7650279952960282958	0
217905437738327824	195741
3367698000090229510	318037
3024180070060969822	5
7892311586031238424	1
16967455538722152172	10
8853403629173081779	61605
7982929691006683360	3214
17916743465773734694	923
970564700063042769	1334
10804407344989831320	1
4169583058737064147	203
10347606462186994143	4
13523272201541431062	2
16618150705821096714	156
8520354814914656572	14
16996713521959011693	168
16300018815466947204	6
9760907224549349887	4
11733491840068871062	5
3410780698790488184	223
3459422033248031150	24323
8135555141168858149	15
1001882629668327919	3219
400655088829213281	2670
3516428050610184902	17
3143775207465898269	276166
4160222929135890753	1
10284841013887986048	11391
9793740657634565349	12
17502201252259112058	1
11957848437044831620	1
12635082694727015517	2
10446261025882474356	1
15763950073747971191	1195136
439795557786236754	50068
9465463792886510182	14
737256529684298306	1
6215252803593137304	4496
14950226217211208305	18
16022390809906054164	439
4347616604095704864	5
8316555786376366399	3065
10394242986609926897	1
6472479673114279793	890
3976210724290873099	33
9957623907400634117	4
17797985634877537655	1
10075150913164915912	9965
13491676688444710931	2747
15831104432226475527	3
4203872562494282085	920
16725266079722819218	390
16629957565391032454	35337
1873465870849590808	7
3294989799108596731	43
12954760052584681519	81
11199563380392300394	2
261866670806546934	10000
7269853233861336094	3
17977397477755874015	13
10099870254652145063	0
14041825671396917934	91
13240270678778348608	12021065
12337913119886851106	287
4779960605020098630	5
14304761217448186280	694
11077282832316078555	584444
14701961353784813747	76714
3610459460504473115	1
9019154354410650177	7
4263014690430157551	0
2580158856096773750	2144
9608187370494785998	1
10114637615260022450	42471
3840186389961424813	7
2082298459075392839	1953265
7446483750532975012	1733
5678007368126815548	5492
9323755106650988546	36
1937163507830553684	41
10479861517400237577	1
5956874997970129439	101
7938764889050409698	747526
9832083880837064195	1
3329906345850942657	13
11221254284027543414	7
2037387797676683010	1
12752909124301879219	37
8575497021740292593	10302
11826379326812854044	106
2234056799832726230	10764
18049184814167562987	9
5392052811916388637	1
5868338877529950286	3
6787383841524478654	22
6799157877398578228	1
17637097481758990436	7
3517538692686856018	1
577674278350801932	1
2350515407202126275	11
9979342312330862217	4010
5551725115120589870	1078
12728575079627784036	22
12043597270799677609	34
16922397433747449512	7874
14761878633269876365	4
3640151500317235903	64597
5258118566837750487	1
15361369278549973286	1
17133770826321652032	14
17973208465684322342	9710
18055953545905819080	1
1548733123253672660	652
8435492303715628393	4
14069651355790805354	17023
5610946594058596115	38
14501429568927956866	1
12696018959944686492	1
4369135688239007775	3468
11541817158827955291	1
11432292079201045749	1
14695481325487935216	186173
15697860360493294462	1
9019503775463067901	5
1726094380456858282	1
7476099114396290170	6
6384903552036974595	923
17503388487761247090	13
5089051373001383685	1
8259341198633957187	0
3686469907899124843	445782
9682321960979725411	1470
4241752236589065216	6
3155518265738665030	287
504987678097970923	923
7757583070390213031	544
9250561619390222208	6
18361739883831008300	1
13843141094544734146	3
3111471377215795532	1
13017160976164232535	3
14605003965652863692	3
8395666680005890467	1
10181233908360514000	11391
2456417057853696468	1
17537400875727351405	1812
2472424989433682417	134083
5448973924557374081	160
13602158092942412156	3
323002321832707544	24646
7381743817066012449	1122
4051666307228748160	4
3445402525855006942	59289
3059821677630548351	8
5993415834021676932	186
14331919729077011122	2
17153981026061745022	148
8082183868575135891	167
11196051376535589786	1
400622471817085042	1
6528021725619302432	892983
1584173156830477554	1
6778007595216562360	13
17770558346963178299	152
8037699469394533014	95
3241852163255100893	15
5228060105221846842	227167
3801403847435816790	53468
17352368620884005737	1
9712251419444492880	1
17353016506618175078	1
7536332923718578728	14568
16890060731046915692	20
8055146079300277828	308
15010994780797751935	1
5456137438504058920	153
13985006956757950293	229
11507119700196220966	5028
2658496656930603837	35
5072597376702750207	3946
10426494420770358910	1
10817389803671419471	1
5083052226081998289	48215
17783663189656103394	112
9125455271559325747	10
17559073433403428168	2527
5849673099050789375	1
16672254348121049078	281
8060484877092660697	1
6596572599551458303	1
7754552072540925911	4
14876039134515813329	75
15440324162585620306	299435
14856990902068029200	20
6830655961071196553	2
1017229386582998027	24
1610549318110603276	2
3975108332494244019	1
8014858535731409368	2
15802856331756622921	1
15248171572981536498	1267
4797759056758999668	3432
37636786135179367	1523
10711362809524641881	3742
13849661283722496205	1
773352285121493277	1632
15811142748842661025	0
12412232303665351981	10474
7955784630061217670	42
9906899341087525038	1
10087569575236491255	2
15518416968029617608	7
4165988300768442185	0
7380830717185342293	148487
9349526557932808902	5949
15067315549100813549	4
13273125361284391986	6
8497376386916430072	84843
14834050278032140777	0
16177537752939563864	3
13787763453048186188	27239
7241602907381782025	3
11184561538945788985	13
16852131670958861440	5
18402152088712268970	1
4646102671341468128	39155
12022647305001142221	4377
7792829752292008642	7
16238228131354783794	34
6227821681140647913	14
13752640887435456058	2608958
8863333594801049121	3
4940544753024726810	40
10037627628942880031	1
10378871567791685476	2441
1657552883540036171	2
14870446275180542413	1
10751015611190860579	765
17332749646323629581	1
13208479024729076184	1
7286795365716932867	3
5212523704456033326	614251
14273459316964254228	1
17916714432131072129	63701
6235665403224227397	2
10484895613939219324	801
5213201885659994467	4
9530814615823949005	2
10584774781666872655	223
8497285493460712609	15
7754563841688250757	1
17949158047426993856	23558
9552928286770377248	1
15318625757162988311	8
12489913707795204299	58436
5570064218547029560	1
12463197249032161127	45
9518610885463312525	740
16717829934183520627	17
4085554227299367941	3
4426808287039060553	3
1613875549067735371	2
18339586210294012661	275
14616109809333587698	15
17155447298080542983	19
17698450315645272692	11627
1912843529013684937	3
2399110777044623786	1
2793365086160527372	182
10501824814689458039	98827
12906722051612938154	716
15321763912978546867	1
13166841509501715781	137572
3626447469593809576	1
3263271295168337451	3
6499782415287714625	24662
9859111030459575748	1421
14788694578241339244	8
14012963792639295210	4
7634971170682941151	17140
13786158363047952380	1050
6187542798035919921	16
10560422410612151848	1
268195433867992932	1
17062715536144515233	1
13223067003273311224	1
13236187749066753436	3
7788620601331269905	1678964
18359823248645742595	17018
9774592018253399541	2
2442788355263796366	465
522886767088430030	17602
1360401070345806095	7
13860162813559060778	7
1222913939149313882	24
17114784033766220541	13296
8239290467316059532	21551
8682486106006205293	1
7177442262081374722	3847
7122997461383769207	3
14810375460581381903	9526
12385598897151097398	1
738511829568790476	349
2377164128666247449	17641
6036354090063532368	1
12769811263612079470	236
1307794247882173297	1
13345695781860543605	1
13084895140023302128	975229
4869030200916044171	131
11149982243455204749	71
15500094640897148426	1
13842229035434851237	58
6025290493677846713	4
15137730740542614703	1014
14581978874046867539	8
8806838394213886309	1
3485053999985673860	1
10270643853037440173	256
7121330179803793420	3
11955520814031647441	5227
16594860234880280935	1
2741536186562166520	8
4790816552345589062	1334
3891993599173637367	4
9556510748930823097	1
18158325353001202665	10
5773672029273608594	5
8702228890728172790	13
11153031628130903666	1334883
18385937384826709940	2
13335224411907531046	1
2783045207927895313	1
3635010900968633407	4215
17095735564056143519	2
2580821977827772041	1
15658773791063896055	149
1461814837958807735	207
3510647781011376370	2832
12601407587144735112	923
8001844979939024589	240
16280406646174437711	623
17917287403793493	33
10177151134386441169	5
802822042901086920	57
1278473324531332743	12397
17240731123867735081	757
8558841334478158345	1107586
7617741914275465827	3
4847368884133657774	13729800
12158019341842453705	624
5809602579091267253	5227
3012862047903190845	1260
6007642791800354619	1
17865464692393237634	90436
5159063034377293425	4435
4217648477261295044	1
17339494010484259651	320
9776060317429325830	3000188
1183342156315180540	80
9673584030259436317	47
9738333756899728588	885
7152002623458937413	4
17427227881057637796	119
2233610697915894660	1
4854691993939767554	167
16638809060723610838	12
17194155361050990982	715743
1561741682332007178	56
10505794111358584963	594315
9128999609520282131	126138
6479907956766763595	1
7818740996279496044	1
4965807109791021705	929
10719504013818111713	1
14993106998822449199	239631
12453005252343775939	35
14190584017483653307	243
16459776508110876711	1
488496315360360483	21505
16104623112556465916	6
16592816628676426013	10581
13396729273002489955	15
6413484428398679813	6641
3202372854390137933	1
17577537839979371646	126895
4444379999878603896	1
789108460963266608	1
11436611811501315412	9
6132146813671995544	1
6548802978765899271	3
5967636605486817023	1
13622257231886663384	19
9178753631392853376	2
16737630590551038520	8
6851918821715465473	2
15462133579460441349	3
6595453037969240257	4
4927578750663764000	0
8696312448935776418	27389
7402500297192804062	14
14697575784168408990	1
2127643571260098852	614251
1952759645354805523	2274
17828733906706911584	23
7285995958498531482	10
226470685165465493	5815
8351543321915444998	1092
5369015280973431568	1
7510440687569380427	3051
241529837421751232	16996
10197280848137134217	1
15816907615148831927	1147
7634698879377802399	448969
11287959001442233990	3
3324443859155833407	546205
7560338050494335199	2
11808982467033034751	4388
4167668407171484465	361
16081114869691246193	2
10291365538459416901	1
10609680847274780421	13
16441704710215114887	27133
9616177297081430465	1414
8131046786390560078	1
12793320571827758561	1722
16790785761016095520	1
12099027827936732237	1
2926687081119055611	76
8261800063112434731	1
1115356123702798120	48
18171886955064604624	27133
7283983865254804861	256
15879354395202193562	1
8536097752861244070	3457
9334531781717275874	4
12702946200106779795	1002
4061651139563888991	550
17170188947982523302	5
1475335662434438685	34
9144007329173579627	7844
1543767565775723523	73
10025183328833933105	4
4403036867007752699	5056
481179059454616314	1
10430801948626343533	20
2057340088800893203	1
14886186184555196916	11735
1138308971691929849	44
14006157001971584923	2759
1129908273841753891	1
14155485675702921202	34
6127075845522821749	2
6572206515022488459	1
1225146935682859389	1
10743013120322728412	85
6100223403185363945	3
11685571677024773518	5
10659518730045619612	2233
13926538200765441122	227167
9268294458073782938	5
1171115443583689432	1
535938610794254951	1
10099882956077655894	2
16881147513419226872	8
18148096114058014727	50919
372047186925912737	1012501
16798474926402441288	7
469528901745793327	1
5204746626384784508	7939
3423643366721232868	3
9274398364077446992	6
4685235654298651463	694
6270129070200947827	9
5483170337594695146	151
12839474024222282218	304
5687737909060986393	4
232351928210274593	2
12748328536330061030	1
7624980092019553205	1
551241749876909799	435
17994849535441168147	134170
17785128705655043020	1
4331812160375325515	1
3242711661325634893	1
5408826778891080473	2274
5045856337338965619	87293
6999771077239576309	395945
12222504989739619745	30
13323327081705136922	1
17627762659610716763	2
3854730960288574143	163
9661842698782290618	64
10285827855128514026	1
8761448291096350783	1
10685919177451047083	3
6415015107692469387	747526
730821767384783487	38
2838246911258356302	2
13677392456817090085	3
1058628158636374684	1
10946801025744915716	1375
4692643617566255416	13
14694344620614877937	3
14778172147828229445	1330
7348238473340237796	1
17298584453668250960	1
8646195248197645492	38
9066200653130384102	0
1097836529502155130	255
8958680155277471309	4112
5439825609682674219	4
7632303352538620970	1
14862607712511416622	3
10232911682281081516	33029
8437223288466021832	10
433553845056200310	387
13283315023044446593	4
12491978899352812700	4
12316083043333942432	10
9667404327681268450	1
11209222821702503133	2699
2635428952733061187	229
2313530583784102998	9
6891224137963411817	2
11579000837700221354	2229
13757168542190833474	255
1987816061179254046	12
4486989019644040994	58
17894601269590466918	4475
11636714203841604454	1
15786175518188856583	32
4476046863497117447	2
17628302777578192445	88
4308658449166891038	1
12720039845384345243	168
9525991405147191331	3063
8948334038612225178	22760819
4816689222791005318	4
1215766515853564259	18
7929441481694058703	18
1210904216550497501	1
17168595227284303967	2
16482760985719683016	0
13751558753401206693	216
9521627733384795975	3
592415750511001566	153897
14303800053528395890	521
5251578716744758482	564
8140069231593935122	3
6770355540554106241	6
3386313805005524132	3468
17977007117874296356	8523
10618370288378801731	50095
6781981704709357689	142
14076097607909439420	210
13056756750200996404	2
8180013471107094851	2782
12140899742749584533	1
16101764390756910690	3
1661332126367922391	1
1593615094966342799	1
5700772514978857493	1
3015843448644922842	35557
18097709898870056324	5
11801029051618574129	1
11095879319138030076	240
4864605587410625332	3
12224772807270153172	39
105637440598449814	798
9036573747542980139	7
4272567375626515144	3
15657391997605209218	31
15501332569485230714	767
10311698162224509984	42
3427266107592878658	1
1755460668063391853	1
4729315810995582996	1
2918023868164263368	1
335735311744462771	1014
8499213158014546725	1
13782045390764082022	2
2516786606946620768	3
17692600567417333184	1
18394158956269876385	2742
8294201824986162110	24646
3488063609272497135	3
10276927894397142705	148
9920623093249210741	4
14400681898929447360	1
1905113806442272074	2585
2666913595161142788	14
4526649060040840538	7839
6066284183540473655	19
5814029308925641821	1
10277481471702541192	24245
14081580015944145424	2
13533573951329073569	384
12902873139350756306	720
16689311623010456246	9696
15146012969050289530	1
4427131298354729360	81234
6611236148212312336	5
17728044654753936656	1
5912735124003197431	1
3782487061197938674	10
7648839907825313539	1
13690580271307154865	3767
1397397597777621641	1
419204576105255348	369
6577815470674015399	2229
7073892696018017502	3
17047777426575329903	3792
358214234808049068	1
8679308836476013034	3
11457428496249095921	750
13150872503281295453	1
11368024344159969742	1
407853537549523913	1
3099673136074101480	929
2054606390796754333	420
8981746020766601957	1
16871435793742145717	3
15133151877936319326	6
411011575053040494	78
6693572249229152653	270
1328245866401675116	969
16144512163124001768	2
10210537877710059443	554
2356739590378480617	1228
18210372383366298414	2
18366779529592094675	55
2008442878150066808	0
10487669040845498112	16
15411915714919015797	2
7849146899702437410	3
14902232725388947360	14
16367651106403900117	2608923
16354302754449312471	1
11898293279781832708	631
11680645430837694541	1
12647758772281251729	762
6076863952547644057	9436
16059733283860192691	33
13485182164935576624	372442
329365566028324521	35
16574968827607582708	3
17725562716373772088	6757
109778952225426828	1
7053824538425474162	2
6648850967392578618	1
16212793320103598996	361379
6827059813228186573	1
1102088157772070111	1
16167829391631753439	1715
6794991168683532957	4553091
1288103886977476428	24323
8987418969626676140	1
6325090658304568446	2
12166559671273051464	1
15973922136853515617	18
996525369316765170	16
4249178819796016379	1
7839825687487988362	1
2110750525019353324	1
4940889615882583967	8523
2530546455849870063	195
7294425291035058823	293
12484582332448759999	757
6746606032061912985	1
4271257123216411381	53042
1676436479793452160	5
782287250218033138	3386
2424833102329921608	13
1819106458040904638	20
3879611079000898473	74411
11259363154382543618	282
7036181340189708354	1
9880677958649916415	3
15360758875959826054	13249
3340732737725235303	1
16535865860640150533	1
1126802596061486116	106
1690606955504659231	1
13000942258237273289	133334
15148282098363219888	762
14499053177190268474	6
2760795475614852995	1
14679624116504113036	1
10300683295174532404	1
10397432135933345566	1
17189702564878305178	4
11459580263144448176	1
17781075090253057788	1
1980671052968917618	1
1332934343001489992	50658
2422136182087216824	37489
14980225281668543552	1
7026471975636246546	163
13144843705517363445	1
11025994270735847256	2524
3430298751671171460	3515
7351521235765242088	661642
14657034796891468521	324111
5290953697695854906	4
15564406464514165980	1
14031436102217452565	1
8172312484679417847	63
2116841982313225975	1
6094238324024781552	11
8930514195589277335	1
7125362893389536470	742
5151051843844020034	434
5587980454996125777	186
8447905507182866861	1
1879145830825574034	4
1530850489287496764	223
18291986697647286709	141
5993590135101691618	1
12607550478167524655	1
10323966470176755337	131
9273431544384719962	5360
2143648959026795945	0
6360139777590692016	21
2180536181780818685	211
16365626976046675412	0
4894097405407087803	14038
1538127297160945951	6685
586416909482814367	1
8241777472355426551	1946
10443320307412271944	256
4271705775497895336	3
2692493643635649763	1
9722991700335280177	101002
7518606990404829600	2
4874041334088144717	13
15195970167155769425	1
167645229817272681	0
1325186697710014764	31416
2736771611959344619	1
4406852134289289644	1
4067995682514699226	1
7049028139357610765	6
13642623654414792288	13
5574627975672391866	1
17026122430819246793	706
1991827947582350660	15
10576689888873163716	1
12457343514328556142	1
4165783922993171933	1
15687125799674562841	38
14423940230342084623	1
4857199777134993087	0
3004264406827630229	3
11829109245647341694	1441
11486285487999664569	1
16445651015131947840	802
9950361776443397745	2
11643678738270155755	47387
7467756299989958315	13
806231117991249689	91314
17416034214889372696	1
12433181908776898561	349
2124391888859634490	694
335992519048095006	584444
39300536351538273	1
2115812886407685503	0
17854367246729982126	1
16983398879746741756	3
17991460366800564818	3219
14430364534157493732	694
15802142761482586694	4049
646478161993726817	1
9460286718221189284	1
7726850930002481887	1
9294643214539185277	2441
3471901253769951751	5
13983059362795855946	1
14593128724637077060	316074
8754558871659415065	1
13200399306367484389	3469
7175808461920531125	1
7495553089408352714	1
5748103525119299817	2472
13204850771718213605	584444
12145692648715884350	20
15912787629352150791	6
14573516622571138240	27
9837352340720038769	2
2722164382417338699	92
2624202151027593475	1
7109058434025768902	176
7051161244504801694	3
10363514230687979848	25
16284386578458685287	6941
7068608452958003929	25
11641362935403640952	1
7168288325370297959	1
17086111236542123680	1
15849663499171520643	68275
2844980321497830164	1
10423751517781695447	1
3945014425380694487	1
1186892645799335069	540
5271910208993617638	2
2151928421984475365	0
5929743434435567593	152
771272134365033895	2
2424212590444230705	13
8849594279603780215	1014
964956438497123381	1375
703979651634164928	323
1970448092246520872	4
5947869787284286773	2018
15121006679390006668	1
14503066337819257579	649
13998598207052380557	7
11465925102123397214	5385
16675399101911807832	1173
14198047154229794723	1
13013570741013001857	2
652858190092031402	40
2688349984739609675	3643
17214340632045079402	391255
2936995112753755716	27239
17758989845644029434	43
14658601532959297562	923982
18390761974804854771	223
5815456485136154560	13
11597002912967001486	1
10013335175843868580	3
13374768562228689519	9
7226845474606082623	732
14115994854092977629	1641
15397321897522988009	24245
910352000875786103	90
8846726059861303680	3203
14173379131325090415	54
13222646795369317236	1
7286445426867575167	2
13027060833427310033	1
15779680800957590411	23
12301895990151591107	2229
14535640324468537384	5
11579304381151361344	1
1489819567009941768	1
14809673497798182101	35577
17008287504533556591	47
18009824208357104730	20
2447798142519929655	1
17979945690496523876	540
11073963337577566487	3
6817499156092472524	2
6416044164292625186	6
18179167787921693467	1
7583513264361747944	31
4425893820674174076	1
4576795093487859680	2
17862674420804754761	4
642148632874958829	1
3879397765952493784	81403
10391065602414382583	4
11193661132969470054	0
5239539596486305921	1
17386335757180428	1438
14813561490459855939	6813
3702648397312210956	17
10800110934744362551	158263
5122625773198595505	1
5334114050938202256	919
4993420391014926938	3847
2353957200921939750	1
8548491497045630609	1
5047478461301460606	11
14348624174349842816	114006
2943358109183939458	2
2427834244108425880	45857
5091884371056730298	4
16784039465674440324	37
1721994354254458207	1
8831561062893807736	8
12539452270104232079	2196
11114402851146086063	511
18230951737047820155	2
4777770748094779690	1
9067629554056670510	2
17681150112265353434	1
7802032339927226090	68275
15987431295450707108	7
17477070665646157787	4
7062439756358747700	294672
6859270710950502878	698
15751239097056061279	24
8024973362946339702	1
12584448508317026820	16409
10847241971683813498	1
15089682547382600804	53468
14908301358478460191	3
7154362188434239083	6
6580877655289474154	1
7025390962777182114	211
5398689853139099670	163
458559378902898002	10434
12816106065325948007	5
1923254870121826027	323920
14596882694426009757	6396
6552196562710394589	1
7480904514855694988	2
10179468232338038082	1735
15541349310368042275	1
14910731170054750310	6
14083049005350935993	1641
3296923320973527168	12
10418532855285996677	148
13638172794354542869	1
15465175688840577080	2
5389288912841932935	18
531136008352539252	2
9222919919790959733	673
10820583075879085722	1681
7679747811364953481	4
8267607517565281414	2
13974783832325029774	50
11433408854680673627	1
6589218130732946709	1
6144615803815743404	2
13985631158466831804	53719
5871192761814103294	1
5106171625719808121	4475
10772214020197645595	1
16324678839868678844	17
12198856979188372724	1
16541409335045897840	3742
17556053767281763380	2
322703958446797887	1380837
13225649686665212620	14
8779949982639369361	1
8356481210985358823	2
12232552117053086767	8
1842863454133510681	6232
10526970242310373843	516437
3801520095950439383	1
9230982233907474763	1
7440267130529237163	84165
12852896500511709111	1
6902142191109534305	2
600627389403999388	1
7288724443387708410	1
14596023571244756569	602
13384899880782534663	1375
7492221391470367777	1
11348739327988411662	18
9422635357337628599	2228
5520010092225902131	1
2475705017173103025	314
12338280132456747972	5
18169532394274179158	28100
11394053049371285367	1
854636391747974283	78
14062732795316147745	6
5211563470764457148	227844
12624413101060453554	16
9496017246946305525	193
1387757982471405829	23
15783314834262459184	73
15158354164289208609	1
15807403183068495699	798
4848274404934777110	1
16888756315978337006	1
9971512324885967838	4496
18214054165793572121	3
18340407011627550343	156141
5934480020487555909	387620
13064984954471271958	0
17081776889956068701	187
3198708315352788110	1
1367091216074630611	9436
11151648301598659984	5
15769649127087890196	14
2400764617802646787	15
95988769686199511	3517
4209244785110911030	156
15238213262400093117	4435
11952623330570456250	1
13169488870928139934	0
14521287093362158941	17680
10117129614644069024	1122
6377478467972493127	1523
3913788883430562926	3
16284766830854055501	2
17664708559681424284	176
1373083839975577171	8
1281071631590774410	7
4894701723795504398	14
14234380601852304378	4
1396077245648438403	135
14988376887343648758	296
7122493616315308733	435125
14197134515675842496	1
860381770415972464	12
4126976096008467113	11735
11756878478647619233	3214641
11942646441161241450	2
3938153470566638993	19
18165521092256774230	194
3129099893155469651	67379
13872848724975211049	5
18100401180719781436	51572
9377059147034477753	1143
5843389951038970030	40
5796703556143543379	486
4325099546953827215	1
8264644409839381231	58
13054111857729974777	6
5827550613687434604	5
7360267752607673143	146
14458832907093778783	441
2563912126721387969	10
16130482797967235112	1
3150286671918215242	268
3656134117771701495	1
11938619759611321651	2
3202261627379752477	42
307426384920923979	10
5199247074333514663	493
520498185823211664	1731
6674189049805679841	1
2153314074727102735	93
11774429397245159515	1
10532966539572255745	2
1551824296455819447	1017
7897013158651807510	929
4683457978010080459	270
6008819116862776894	1
3436259218037257573	1
10898703900763118167	424
8178099558402703281	223
16546896827135797122	1
2794642894381292255	3770
2966211047660533784	322169
8603010109125772067	1
12468386150784097630	223
9014125890900381981	131110
9073130111461349403	1
6043050393491887109	1
17709663766577739647	22
7545016995675040678	1
270088965496291610	186
11378930737660406236	1
17097770606415666418	38
3618387879701484466	465
1635427729418787180	2
17503883168079781594	5349796
7323620407398592534	15
1689517740144607977	1
3466301889956827005	1
8043520728545133077	243
17697265213686213593	34
5615644398216722015	4
9218214640290307306	51790
18186978873772468506	53
17476888288417275684	1869
9736246171998261041	4
7502034854532040110	219
11006227759978339098	614251
14356727624670451688	3
15026562353719917702	17
8744596356888460838	296
14123808899107141752	3
4768049569442251304	1
6163543425020983794	1
5786758561612867191	1
5667099792375223575	1698
13846105475507156906	1971
18000769007455917553	21
15294254919362843005	53
14705703641875388883	1
15614482891902686913	1
13449149885032893639	175
5710856355733914180	67
13657649119585928932	46
2330978584096229969	1102
3330018701461609140	146555
16068089581644272084	162
17906049251971786652	1
7205220217845051139	14
8047589487612102917	3
10135152894261190660	4
18301252257388741241	18
13917895085350646620	7
9691912032423800874	2561
3271325967319633947	128
4958902137655968116	1
14989951557675334609	1260
5775020316571955960	1
14231576381738174718	56
3090477880187309724	2
14479128061372084733	3063
17662824595632169146	478
11461864837767538956	1
10725830188784674436	6
13671275076555888989	4
16502306402644086583	4
14537684726284760671	35
12164847593594846225	1
2384590674443918652	283
9831098727791915261	9
9043943289927338152	22
3404326011734847309	2580
13130397782830529653	11
16388652865970664731	98873
871785741808765930	829
5452852931803452453	511
503350734701276957	2383
9652943059766624424	1
1991615572321419761	1
747618349719915599	18
3753296296478493662	146
16737491830942300226	2378
3385537231923061478	4
10365382417873973131	1
6678247675273942348	33
358129659839456431	1
10227809188843099115	1
10083251839939927349	3845
17152847854946874343	441
6706436791384687393	420
15319344246890347178	67
8901185559187794157	131004
13059855831636484509	31893
15764027535346614481	1
5912390094083864454	1
13751031944082391120	1
14679826601343558046	3
9980050443750802852	2
8331141426026248254	4
8498618693890878722	2
12854401064694105697	4700
11334725309075833953	1027439
11824384601141185505	3
6031271716627347605	68552
299483984093617775	6
4732190250303945931	5
17078614333384955692	66127
7723771176893365890	353
4743232636390786888	1
9946007001577153053	1014
1289324785469017482	1
10401628476720966877	1
5034147543134711387	1
7031295027561808534	3
7234718580702997066	59289
16629109264261164926	2
15514399352651167186	5
8210937085808203881	1
1411238000969572345	3
1467585239319686270	4026
2036730279209440214	1
7631376959483591562	105
7058002568495907964	6924
1523410541387995931	1
6216956008869522472	10
6901695504223145538	1
11176349377600936243	194
12802154937290557188	71077
4713851129089004032	72
11665029143849958290	4
11071293453766928162	17692
16990437581392232455	9355
14442609372511918187	409
2263924113152574293	1958
6150894495590974793	1
5359787172278243543	10
238333445943117050	2
2616325301367544174	8
4091499889950214689	53719
15606511156030252308	2
15169029955114585007	1
2243296872124816337	268
838164574979724391	3
1040048906805137737	2
10231268618533035940	74
16407814989983196811	17
14152719615772460283	3862
2522522400473738698	1
9281220483055932388	1
12983964722182328303	15
9000113720884878465	4
1444932693714559887	7
1161100691254249051	203
2011441622946728919	226
5042200015661671784	40111
2245139231439917256	3
2374128277729483105	747526
4057365484384151331	4026
14113639164796005937	494
15520979807152370738	3461792
14331846176405152666	1748410
9185519830766529336	151
16212248780770467917	17602
7193613803678925566	140577
8903530487953698671	5
17931468092565542399	4
1406273597469837528	5
17199093998441443645	1838
16272680951429090771	11
15235120037226493713	115
15341833823325935877	445
13865763454932615307	2759
12869611261728695441	14
11706880833600504368	2
16709270741849645039	1
5684383136642759528	1783
1486647342880110300	18
11924143228497325814	1
15211272708668506855	1
16176209543475951009	276166
4408885650301053191	1
16651626062516417964	283
17054505441154541607	1
14964488868998153916	1
15867940947786934262	1
142071494337565455	95
6240773362596072371	1
12481111538664923744	24608
8717760585015791177	1242
7574410285256697075	1
17555854958791828728	1
11381078768527586568	1
3158976947383024740	3658657
3656546722375169133	4377
14076140140698542594	16
6033432815698431129	1
9783120477400061411	1
8199775628161663686	12114
14550768952422424114	175
1945349736647857338	12
2372319050393786152	4
16059956691838479875	2
6988072799527821127	0
4626790137234556516	21
14191731255318373720	24245
14445249452614598148	240
4066335649232510561	52
9154130791105243374	67445
837778909434414608	35
14248339757589879844	1267
16199124586124241718	4153537
170896300611739195	9
9656914569808139567	1
14507324389188037995	1
3356615086525389477	1
13532930264730146366	561937
4832590980924578686	148487
9818229976879232497	1
3594926339273921736	15215
3786931009482984910	43
13235746605046583407	99095
12199249365335016457	3
16327543121461543000	233
431129826939335575	1
1339323218004534015	2
14490907431686780538	1
4552041630500203021	2423
11617735068274403460	373409
11639452283116886924	100000
12334339648920853168	1
14607986243829345297	9436
4464610442992678535	5
16562015275372590676	1
5261206337910715110	4
16347023195665266955	4
12185191783060800515	216
985866290193531484	2
15564702958143074510	293
13005258224333372518	0
11922398758965398609	2301
17116686606027328292	1
2138631496805843514	78
9654936323150231883	257
14948608985504027015	60
1185911811217359351	481327
5385369209208567152	3
7458814766796016191	148487
11595495553730893378	257
18150852214980754701	1225
11010469348787240686	1
17426943201141666030	2
1946378255489374796	41
8773392058571504980	4
13942199945417646700	2
14986677612854794374	156
11432503754118201465	1
799134126146326246	286
17930691654411575445	1
2032842229658732554	1
7742310462116373262	28129
3389167818070998698	1
14399653120555343778	8
8082545708753436260	1
17737126462232337588	0
2332839073813984996	2444
6044275963924424615	105
4712373764049087304	12
15448037221977848013	1
11683942115364721906	1
10127778073355336247	863
2931846328552853676	2
1448381545467292241	2
9855095687762539336	6
9618074466164562872	25
12905713463011118008	133334
6525839453825587723	8765
1159138778227821128	211
5061020745917790910	6
10869947117268948752	349
11300869612729981477	38
15342694720429929739	428204
15883900603218373182	11
2172623687180650509	2
11143617157838338321	1
6416581516446787249	13
6912764426184957238	37489
5937130583648687033	441
11502105905473800336	842
12573150320186829878	1
15042592041093048429	12
8042691261951739750	1
5437857643062666959	1
3935283496957959714	1
1121179620017013570	806
4498810655868628861	4
6509144723571552609	6
7161142237109950084	1
11287603054465253214	126895
2822780089737286086	4
8135366030573535541	5
15794910597027119760	3
11810006157343911721	15
14068868683011432651	92
7992443931469471028	1
17567490289904302801	2427
12047845195065020625	491669
8563154089325950605	2
18137611886074741847	1
4135941788478103194	186058
2895254760166781926	21806
2959134609283754983	1
4405324888074997047	9355
17025498589912914864	2
10002330443291832507	396
14369530764257958367	133334
16790137071842302051	1
14963894759783709226	357
16519662388693651795	316
993825268900701411	106
16699052591919483148	1
18145327553145854382	1
3864859575651251424	1
8932806418610301924	671
6360048964685948310	2
12217698043557592395	6436
4203989562832542004	3
18047692617886207656	132439
10487834295351754826	5
7863561609663922990	0
331931620798103245	9558
15451609254420449095	15
6420572939383107115	2
1879233367445380988	10361
14646527978929171750	9
16449781011970266569	394
8559258462889333142	3
15939876238093285708	3
4909872300634740770	3117
681053442806021929	18
16294342672010635999	21505
5885574043937831154	2
12679674649079427489	3
5314981552220104904	1
6317994916472648418	1
11298638302625761527	22
5669587560780397676	4439
13201108914546385275	2
7605129060585675748	1012683
4632002414836687981	1
2669140649618924425	16470
8539749423017216137	6
8566425903834415313	4377
12165315792670362922	389
2716354351055771068	554
6474596702474753658	494
8266454997202504280	3261613
3270978063724353419	1
4419303872072839665	2
307193060993556302	87
13539743139209222810	2
5517180557502751380	2
11128821252308142076	740
15735206090636748173	1
4857810947733857262	217
7581085080905890158	132
6727571133606080903	8
4843340233045987732	2
7678054391573595304	91
8262824047360884027	4
2051236499214467565	50735
4974445398061057356	1
14253456918894012765	1
2454782064207873799	10
1608748110471514218	4
11996882957182703609	387620
14781334031610356785	7844
7845287504779707583	208
16875814170081050640	492
9768085096392374118	1
15490598921385191049	2
10680449242007849434	1037911
7912596634028947109	156
1973983997772010178	149603
9218290317678924681	1
9245928668608005994	1
13565816212044886176	1323700
8651178611733611269	4112
6637863309657445357	2
16529014596973597047	1
17999330500552808795	2609
14966392083043125017	10021
12702494697606676891	7
16417822641879316407	28
8899040776371676935	306
8892006078674219008	1
1774253985742980713	0
13445047223521267890	5
15200117058142833732	134170
1356227167526171869	1
828151492515101444	3
7074771712144520613	1
13005931517268303300	8073
17153513787775651767	8092
11617966072821003549	1
9200511402133032529	38632
10902758839361673273	1
4516239908390587582	3
668864626170775556	2
10360762017273996869	1
1467315790387152979	380
3269680171607029900	16409
15855427299091105735	1
1996950695292235578	8
7001023814332622052	1
16999257068346985210	80
4356435800140583076	14
8191676951481320198	2
10854308818754811183	19
12995148550800981540	166
15345041648602016061	147
708145917928092073	2
9610446128692739036	2
6296064036397230864	227167
10337881573172788664	4
15293856554106765292	31
16471409009992949050	37489
3797851990813300630	0
10746373583490261145	1
451801103154850240	228
12979445267350732071	4
2219233648464718998	218
8223775818624540595	2609129
17247581431500214990	3767
5727264219087028636	48288
13089250505443356632	4
3978269692155246817	20
4778394515377557698	7839
4642850269517069700	1
11994699687908535860	77
15651758681090545542	37489
1057985843392874611	15
4890849146668443060	2
2877460574021805191	27239
9712467947416302200	11
12992393426740532451	35
8811728497307854780	190
4216609693344473531	3
5738638113267455603	22309
11243219531464387207	43
547662334705528053	516437
15190128921573033140	4
16674849350648524740	1
18269252423708342278	7
4115066261398998192	64597
16656143022565157917	17
1961003167134216810	1
10616816746459683074	1747048
13270962241984265036	230
9343336584455662399	402948
12190413940994812846	12
8019092212732819909	12
15149395084794561170	13
12763866145734194228	128389
4794170369335780863	1153798
13447446895794884593	108194
661871157388700001	8
14563583271452041960	119922865
17807875124411455233	1
2010937557181579377	12
6950108673260265386	28056
3494325479765221952	155
14804987466510198348	629656
6690054813295420649	289
2977298884792570179	50068
11298319733230697006	67
9254324645446023393	2611
1957209860524976094	1679
5987047439518675190	1
171109977325805667	3
4360761564055175348	15
10766270756410384036	11
17450337240160070307	1337508
12397098882194127950	59986052
7205104970625893200	13
468041366552731853	3
1942859235580839033	6837
11447081925004636300	5
13565720178524832597	1
5194233718785336095	747526
5997331417096051066	14
1079901261030143033	21
15429121462525161027	324111
12515408681438059982	1
18425391663294194413	1
1103883223749386761	22263
6812820584265643086	668
6047596641567767273	2
16947433148288100488	3
5494325182564145652	174692
6647426648226849727	920
3170390235353445730	62096
8507772465933910679	294672
11060820041689419785	11
3780955573759528413	33029
3239008620749005877	41
6266207373955023713	10
3000694576484251094	11
2011319689739116612	18
1642695637240391268	1
1581898289297833147	2
16354549710708688810	17
1150347263358709766	1
13341394900968907653	162
12272957615428768852	17680
17921929142507970927	1
14229274004717053651	2580
6409683053077762693	1
7176676956040712747	877
6718965196558091316	184
8110146458372455097	6
17254515302914083211	1
16420762534328513051	16863
12917962840064450490	1
2233913962112372966	54
7413708402192739822	17816
6941912482836601371	4032
17478274682120945248	10
17829659496938330826	3
15433389063646237232	1195136
14349279596900386197	16
3788248888379391113	546205
13137056757498642965	1
14011223000654851248	113
18415151194204615054	152
2532059605729627641	13452
8628418012533931026	2
2690673005616002205	285
3096669736927682144	3
14980401240155017855	1
5246356425768780034	239
1036799840782551852	1
1364723242093258953	0
9795502373039973668	7
13876155583460345631	16
16529780339513821946	23199
15951437921778611593	1
16202037638638717408	1
9145238861321904784	3
16428562327421952633	1
12272730186215262887	242
16349782957640851710	1632147
16700142981666519235	273737
6725783567696056534	6
13493052770491769032	148487
16232259437336457832	32
10763900288220908677	24646
14477230771821803218	9853
13755805257074254724	341804
15652918959201613309	1225
4630733045670491963	16
15904117624782472610	8
12043073689259423828	1040
17018579735257678322	6
235075465677711214	1
6343780598535693046	1
404292268710825856	1
3603525699345823529	929
1261714950110926656	15
1871930435840356294	153
8611261777520880927	16
15920419618652057638	10
6062240841366030537	32
1833214324355205062	11
8845930209168336785	3
2211300352387366355	8
2546080081716620954	1
17204221609850884194	2782
16658136468897222422	1
12935625037870954386	1
16015070043433230607	2674
8570105337976457862	1
10688566992928352935	763
17542802961759857539	1
14077042115940029542	4
6781019090471263661	91
4038121052697786888	1
12254284581593150277	747526
3145714881853207597	7
9257217468024773532	1
7243230810596060688	1
15174993927975670441	37091
14786394195112834681	68492
1584170179611381543	1122
15095088525990541104	2
6829082770317118446	1
10730753508531856678	3
17875624040331681867	10
3150579380208204843	10
9277938798938321688	1
12597758812324337151	68341
9767557018479402186	264
15063982765576725925	247236
4518285946921195524	14999999
1802735265564844805	588268
14176046415200817933	1
8525515661997016402	84843
18345503840205703271	3
12383328234153721025	1
15356876959123530698	4078
15132910243987867642	9
8450098999288207399	29
7233487767909896724	1
12615961651880433992	1
16685419179067845209	1
2932542310406167599	9
4775413055861766317	1
15252966121303507803	1078
6082384456980860091	287
1613089397082827474	17018
14477284851484087121	1
10153717410134567987	936223
4572870599932291045	1
13236048991224838427	26
16757668129650024655	54
12967167917562188966	1
12345851417076865905	6733
18200251297913556790	5
140149021848482914	1
6203998525756630205	1987
12930427744193447982	1
10880307353316520628	369
15765229289632063514	71
14669050468424310613	17356
4066187382407918836	1
18122630992969171219	1000000
15640147573915563139	1
11064512992179567747	1
342481102966212098	3
642595095511482792	6757
4267600903417944287	1
7068009149890527589	4
5419327995996991455	4496
17625002221417230575	5
433616968493614366	1
6889232432426466793	35446
13065607088043726824	15
2600911103097746251	0
9820059577656513573	27
17201318161703153122	1
7359615302277580049	1
10271476014638991628	91
17845598526279407415	443054
12187997566473632748	1017
12008585890660266564	5
11379603459617388007	2
3057661691553242898	1
10816886363811333239	4
2115683952876670655	144
8670488226889949125	27115
4778362928500931231	1
1629053907405030610	95
7756192212921834970	779
5601995517794070315	1
11608573833754330070	24608
274306616994840394	262
17331289878339521091	1
13533084435306231632	420
11049372663397589869	7
8232993145254326524	1
14631083989413072617	18
11511236221799001189	4
4196417415912045428	3
2736001634521525932	14
12169680346668979445	116
3598264716605130129	673
1690345658291235138	4
2435248870827890991	168
16339636271923581815	0
16342140417875602869	92683
1427700668358049774	1
11655890743026298502	1
9102644147438722302	15
13874326790013885765	148
15722600326280386026	281997
18354551688907670545	402948
8969100969461000907	5327
7984707650801397717	13
8233891186921106528	14
7261479081137746236	9
17678486624436583638	243
10929715230607958076	28
10336986155154091257	5
4690647827743022078	43
2133627710896606685	193
15857283858466822039	1
8668533996458333509	1
3170465559871654633	18183
12808953294576542417	215
12926802573337237611	1
7857655760249645950	378424
6868006847536785234	1
8673936058592311206	2
8442560679779727068	1
12119011106171999293	168
10805497361986155900	0
17191637729797365937	41
17138825804177517397	1086146
7261735579178264701	4
14827542839320764045	557
13493271182210068849	12
9701786115129002831	0
5893976737372666688	1325361
17202409679142028088	3
13930393552830478407	2
9410164879995995398	2
10362398564727162421	1284344
8740785129788679352	1533
16080052155081737000	4816
16593966271788508291	1
383817028173670301	21
5887533017369201418	1
14490540224235738553	1
9163863961838055900	301
15620726179296131038	7
18047633090138201240	186
2192652947409316198	83265
16895040817140066455	1
4633449072062142625	1
14361629427071300431	1
22372725408075393	2
2247758508403376853	1523
8406970717456828716	1687
2552000845158614981	23
2516584790011510587	8000000
16381605938610256937	2
3217094326132087912	376
15987564094483468952	923
5022951433996996209	1
11114848031133110203	3117
3137627865125058060	11
17699360238543657027	50068
14921821186551847006	78
14064579324347336042	1
17803454148664728211	1
6166261192947336233	596250
2209651929810151969	93334
10739908605042488139	2
18248122552892438139	31
13431967943146848197	22
16429636593566222024	47
17036519675599629257	68341
15059154576838029674	1
3435016467720996965	1
8985772399664153255	10
1017578954659280541	387
12399220475907096511	1
3976696495599252013	1
367838007916213629	4674
10186025048543773857	1
9336599027025706486	13632
4221354394768581941	150688
15872530767069868076	3
3449891842664568600	14
1558602917192129151	1
6653140701503760818	8
1330728255444580962	1
11850161848251850401	2
8365731426959450574	38
16350292570442799051	0
2651998819906760718	3
7319959663701863695	2832
8720957504439403358	17
8550348621302893717	8
2851573775148791636	101
12748695906812075878	308
12905545623355748084	993
7694403631652366493	6732
8314028616063477564	58
16461458010939630688	1
12513057450074313351	7985
558774755009544320	4
2766450109034199267	250
14785749099020333823	32
4834373310389899091	1
15317944882080003423	12
15722523048638408563	18
9485720002209697487	5
745569136125711918	1
7633316179903140938	1
5262476013584367473	9
627275791686668402	1
5009546408336969002	2609
18217168671264381141	1
11665550027164071286	1982333
13059438155320219265	557
10533634373819185172	6
11559681685085399285	3
13374883751227867122	4523775
8665030713939062629	44699
2038866836014683215	2
8610587181491062539	36
18404874528863465135	13
16894976868407311192	459925
274339100911335435	182
6909270130566859908	22
14670753936634739285	23
11372796072947140533	3
10806085049321444364	1650
10583147972326723424	17
12872577032738980898	439
13289364083115709847	2
6061818764239107816	23
17648920054496079638	1
16941979614182193141	1
1386163751555466656	1
2451440389422427256	6704
11431453315403182784	4
16916655244828446237	3
5811850205357770193	37
4715610461010177357	1
18142491574331170597	21
10718885562255157862	52628
734299259281371591	0
7920813507526600424	41301
15708384840468046532	50
6495585089736546699	1584
10556697025163528653	1650
7465611223041701230	38381
6660476939819540230	32
16378940534830457425	49
3367623655231523284	8
6111058049681291925	1
13128048610329171026	200
8623501487918481663	3767
15919920328619979621	152
6020804583454740745	115
5154842584239922613	1
13142718825199838895	175
9944888218686789180	1
651419784586341255	0
7005002449210011487	230
9002420015345268022	8
12538070579977435007	9
13410718693958850531	1
14861704123770015079	923
7716526823555473764	1
14395616775844785383	2423
3138259752097766109	62
13120070578303728479	1
17251930855376503469	3675451
12572693850402553054	4496
9541892674689510929	2426
6606434184966748334	156
1801314206648814923	1
13148647406403180934	10
4020153163095674614	3
12431675465760158331	20
16453097511471423813	13
401567503575132413	1
12018443028947453557	3
9411722857972162689	78
10244025695560459795	454
9139565446494974018	2
10515757930081893371	1
842748143923094686	1
18133148466000745576	1042574
6170928384155439307	92683
12862149507107752920	59289
14754697752481745247	1
16179570345477662715	11
12457568403128030923	0
17618471635322938832	1
7850442486637760190	58
13040474287425755825	1
13293447607487454340	84165
129160566622678621	923
15757209080433619664	5
12949693649039110324	32334250
15062909971192797972	1
4726371282562205629	10
14885349838024974337	6
7485585865787914713	19
12512011643121106792	2
12075770376329366978	514629
6333015861535344486	1
16987906082856668659	1
14640073096693726077	11
12622516655691375230	53719
14016822191293636051	1
407260296494353002	237
17102610629131608631	1
5498504837480951919	1650
10384138140461910954	1318
11481147949378234986	1
1867210873744895757	1
2514558064606856618	76
11769291465423953294	1
4973552833780940303	74
16861627272414735196	22
15434688921058272549	1
14013982688929720402	1
9909805382234422873	932
5824689365569515507	1
8975244536244433248	15
4906869643313277444	3
8226020276876601916	3063
6724064354718996758	409
14172583504109888667	5
9317235262095924536	2
10566732554133768148	2
9420553743142109834	4
4520037642296876620	53719
6148484661606016843	74
306503979094092094	3359
17592845503308532073	39
9486451751407794737	455
14452656623987846558	4068
7578511317752381283	64
13688629902993710688	14
16548510638184143600	1
11285866859118962091	3
4678896866875790357	14165
5045988167716569158	1461923
8398366357483919002	212301
4029817029959629619	10
11228664493181495583	12
12770657149667853724	3
9587802248956793678	6733
16104887859591019676	1
2477367589333460485	3
875903159187752529	89
8302054404000318730	1
7100393285039017138	3
15660499266621869412	390
2731432306438142191	3315
6062544354963295641	31
16463733563579830295	2
16566797808908121583	1
12658739227003690627	4
14154692474118702589	2939
17599899916858563075	3687
10427743516779914492	41838
11741109429505115505	11
6374376632098020935	16
1638172719977446359	2
3327316551465186422	0
10222488986179800632	153
16904043947889164342	2
8654954060206775317	20
17320426797859133210	25
16772395683579010069	1
12758535698640486721	3219
9086565418397932400	6
15892381708686426669	6
237881284275161547	3767
4265148526081048158	22
14604772091079239649	8
10619440933649758694	26861
4012161751622451614	17
12065623530314209442	3
4533428909215122122	1
10345280989891211402	5
11588879368725104423	1408
10770989488900158829	6654
12744598055872216582	2589
14006758180323332708	2
5902195246752557281	1
18147645306556102029	390
12483714450423818274	184
11566204357689531695	3
343096816415286995	179
16025145134014192582	22
16400431608268526067	80
2990287588748027196	4816
12168729413390946657	7
6255998105816673201	6
10262295003843965673	1
13728327813720746027	32
14383826159593654227	998
8129144156031158440	50095
1567711205941410899	148
18436691534430241839	2
3782015880161707751	2
11057561101324516140	29997
1537438073144476533	2
11861638266165561226	1
916686929125686169	923
2668571557768484375	1
2651619989564262186	998
15698677291251252991	403487
5032466424925018606	1
14928571916745840418	48
14578665566213257337	13
7618239768629905887	25
15778913852218620195	158218
10986753935731623436	257
2332003785080409901	5
3616572379654276798	2
4016657621630303240	677
7489335198869833855	1679
3243991970805503784	8
6617362650685312687	37658
5932887610228001544	2
4125849139818181258	282
14404942148928677056	96
662271101858985501	57
6361702612203346139	412712
12357982809141354267	236
13771569081186207650	169
3062585597891193950	50
7572080374021704569	1
11569653837271283682	4
4784478301319614720	1
16521268459070577844	203652
1453429204765390254	2
2192296741531864863	1
1128438485873712061	6479
17667018740048407852	2742
14506515883604288718	1
1215559639748168652	12
14858488550396445259	390
4774044542812894867	1
14759907232312318744	25
1679824973619215995	27
17838795921196881360	58
12658927745520919849	945
804715272022506916	1
6766313389139086445	590
13830894139818392038	233
16758979226370351459	116
8204007016272708491	1
14139340324972723282	0
11896146387431019637	46
7736907759779077837	111
3753015103408257325	11
1742008792642849372	24233
6686552787725644398	1273
12819962582397929682	2
15971941597055580042	584444
13963210539086821922	1724
342444304440510360	1
17049098676805722898	41
12155573646507597023	11735
8677700732207116815	77
9654832920193303817	0
8638097412552005310	2
17316394846403856837	43
1647898183328278113	1
14159690061014337330	1
3056875201589127417	507621
16963365230199259478	408543
12651743960262427278	0
2669388412335317881	1
17633251485756000569	3261613
8358415651005253316	3051
5850674181688570955	5349796
5691687711235573395	12
16996236051113093526	4
10928932156359999210	32
16979439611150881590	20
6178561634905345793	2
18006014273512798740	2
8845407108496849875	3
16641743610593981271	1
9408464598917393558	1
8800341630038076989	389
17711657533815098753	459925
9652532608818890027	2426
5625052613947781381	2
15921392589493521315	29
11490230116753791835	5227
17381262694630869252	23
10438228878822436591	76714
2051101409567712487	2
5578096799613648873	1860
2468871936440985943	1
3693019881285733118	52303
10079639777375186326	1
6273901195641095729	14
15594938092431176823	77419
12435092893012045822	10
15350096644401132413	89
12063827342719132898	2
15826906369914524681	1
10093595071304077413	1
14105461453059478041	1303
17589999356437978220	3359
3412591951995012633	6551
1790460058619794600	6
14909587166015952411	2285969
554414036385385539	1
7912232410775371710	1783
1338997237092978234	11903
6326028612055284452	4
10036217330703507718	6999
6595054339526483980	1
15737157028182656213	236
15070907451586470151	6
2599036794312331734	4528
10230308920838462907	9
5490516554888293207	517
5824644951547717565	0
10590529784755980048	0
15100475928590132781	2527
12458457347136070499	25024
7016105673319885324	1
8186619695812230238	5
12677073230393738898	225
11020869344291482634	27
12259165866268146231	3
6597326919013354539	1
13662496595220089365	1
3605877272515518773	2
7739476919136946959	1
13627010023728734291	6246
7847576392416476381	2609
6286742454466740257	1
13158597794021478926	1128
12700930247158364669	1
15242745566529267091	1869
8103184730394527598	358
13157006107469521765	0
15649127341294821360	1
5640401758147343253	1
3026964915159150663	1
9285829809062023961	163
16917629907631193601	117014
2676363119295027577	7
17453808582818641724	1
6445283025775971377	2
8799359952116228595	11
7409393178281974109	51572
17212001701848583366	92683
18034545742831162621	2
11993897086963394936	61385
15154393428995311810	1
12267110666826841953	38
15525917809210995661	2
13629695938008265676	8883
8275777018622173266	158218
5230697457744530291	4061926
13545593868681996336	1
11571896281965629145	1
15761049819922649425	11
9142151025156440470	1736
8663859893665101861	1
15029687281196491229	1
339237302754622428	4754
4128691620185152158	19
12466451392537904800	2818
14996041884090650467	1
4946363597256452852	82
3083112548884492918	9
2133977017357980364	14
16638531260401122357	33
9637680906577480033	2
14027419801155155173	1
18315380444955591252	2441
12270637943828293200	56
13459322363121022416	614251
4466861984096954846	7963
6019704322539648665	5
12509572228749035386	385
2264938149781498151	1328
6356420763310071348	2441
13848244153497930578	195741
868463897246212143	25874
1606965334595047896	1
17254908523079636849	182
2126443080800851540	2
8210051298127990898	1
13738376641651669065	13
16962854314111370110	14
15113211210023873189	1
11241018062079153707	1
1969624360152428610	1
3949449735362381380	1
13436318926991769114	1
9015851385493711236	1138
6531193759164986945	8
5968576887264957745	8
12792019599579767465	16
832169533058047258	149
16558566629752670292	5
15890444606089568060	1
18017995739341564904	277
889717420325774945	27
14324489127347094774	762
12363252283546090546	177
18134933781664778012	125637
7676596952252232459	3
16232287156201576706	48215
12481573722506767420	2
14158904069883792764	1
11224205283245246139	1021
16870949179149614602	2
14887704210945536688	17
6717591076168499456	2
3101923546674818291	99095
8945277327069199992	1
2145609895048209771	1138
9016044783380846932	3
8375434817876363061	9
5563708701497068881	3
14788472181104519223	48215
14855598385304210206	1
13208360041708895868	2
13873595215942549731	540
5108169014139360047	5560
17196593821383156065	3
2427670955755210795	9
17460662205595599237	11860
8556624517375025465	2018
5086117937346415879	594315
7766734128580608775	3
17429832285174154468	4435
15682963248399238164	1
11211762317076896842	3
1313658494260457756	8
1149633916428494134	1
2651344596050887004	1
5831640361621922954	1
13173015108966346336	1
6787889393867852909	1
11437596080566680071	34
638108476097531642	1
11834364611660319931	1
6038674293537947059	5
8554449861752147643	179
14674188069582431665	1
10952454133195853092	20
13321489900573968479	12
849341717266992268	12
1817712567906203636	33029
3629304897522980235	26
7411178899320402768	716210
13978384558231000841	1
3179713403879013529	8
10796559040231678611	27115
17863444355698556259	9
11594790600079107169	74
17396244153328889822	1
10494501020217165803	1
1003448450337732941	1
14371475199457504780	19
7600436702731538972	119
7213777645849765491	12
1242358705313360223	1375
17790916142485633652	59986052
17105221893699611727	64597
5481316856436008108	77
10614204765956812537	11
1320006377673713849	80824
3444479620934479593	23
11590560072221462033	11796
10262685093665423710	3845
12098278094592767451	53719
18236445775353307300	69483
6780337927172270127	2
8956239520043030855	377
3832813900177826993	88956
8557612847335517405	18
14686124337234822107	28180
5786838112214865936	3
4481340366499117992	5
13632551149568168351	2
12429892035886700856	6036
7261992605417250716	1
14695990517844261961	77
13010934039472629626	4
15080639527671449859	1
12391147149162608640	2
17823839069699443305	1
11114022004777777626	10473
15081475039463444828	6697
8445543993790026065	5
14810402850289107093	14
17174859408607508954	88
12491306924644679885	223
16185909742909582214	50
17844611069243161723	362147
5601605034475147354	7
17382996037240614063	34
1645759630194912489	1
5340271054308966303	0
7947196939960846689	1
3416462795761756084	13
13649258048306987167	3397
13203655282654493401	2
15150332140334175709	24646
15544301118301798041	2
7177886101142202700	8166
16488579017918691551	1
6493339491493457000	88
6616779183625380167	14
2641996742710966357	2609129
5651203373785888851	2
10321039640152098963	7
12187334225004616354	1
17820212056561302622	3458
413170957860502852	163
3721251621190605903	784266
12417094198338534399	39
8432744325250986120	7985
15240398272434000665	3
1008887643232335214	10361
15450797879199947977	4
972547540724018179	1
12081276574524599033	480
13734659367801205296	1
15360328893788176617	12
10266995979951343544	0
14577539495509830795	37085
110888434961677278	72
6154288511421338839	13
12212955810958738407	2
9063727308634112735	118594
15300612013534417489	1
11721034972566419392	1
7254710693016523003	1
8112866593435359155	2
12883768633684076207	1
11992913868102733716	2
13106668198913201901	2
7102226992382141859	16
13275276786528139024	0
13801766893512892383	35
15814074623386899965	33
18387039404533756086	1
14367343624191223713	41
15509241329927214844	24323
16084591548647565030	1
15514215694089753314	480
13230811978970712435	43
16969323633820632289	1
7713103826023175638	385
11180908458673040453	474
1201078188187036027	153
5916621866888006070	7
6600864525010243343	225
7909009973571573849	148487
12300307709527568768	394
6824819548510344138	344
1855087372436995803	3386
5615482597368881334	1
11225629419112946157	1
11749752736360083160	0
13024279933320113832	7
17253411320715228535	1267
4629171810390534569	10
2159882603285307869	1
1061719206148986488	285237
10927369905030283214	166
1549410953210211331	1057
8649344536639921941	1012657
1516863118166373207	1
9560244029581052017	14
14282959201394303237	2
16842978183355207407	35
49884500639931533	395
2191789527720601553	4
2386647708792958787	242
11611614568254028203	1
9315379308213741333	108194
6364227558449750938	1
12805264626346398385	1
14679122675389151517	5
2849852114769845037	0
2550175821320478501	61
1341218887426950170	11
12130102683492404462	106
3785215382385556232	3
12475769052140043794	56
5437232002602496839	3
9995661440809558457	226
6881379665694556735	1
2144831087354439424	2
12841383908629604631	21806
6106731119618063786	194
14631574980818041016	420511
5144014130557465511	5
7815031398589416476	1
614533806713984956	12
5494972437973526526	156
8149180418975634488	164
10311618171856148415	9
5452099792497848960	287
5543112410541177043	9355
13004915398072956830	7
13189931912776132767	2
16072802759842518388	47
4323377176183941686	747526
8536501254975374369	7
11324774947458298950	2
17751095371148949900	3
7393579713955938656	7
10369265810208019040	1790
14291832310876006857	8
15342386925767874118	1000
15301689559565089720	4
14970050547663184816	1
15785383636219233539	2
1484986690913494267	2
6317089335343032991	1
18140343350581477444	4028
15993307163897480479	166
9025843544688273035	2
7084950204290144759	1
12604222065226896599	11
15108770252714038832	634
17664855612498133107	0
13945475025981931410	11843
16238098037745891526	1
2432223537415327294	15
615856245612946378	15556
14843791642930343447	2
7980770142254618147	1037911
13182804419966781297	25
9722197169377096408	3
13777683169922080897	1
8374071766668066795	1
12987820270457980341	1739579
5814761533458106673	2
5893741919073925834	211
17214056818969198036	1
5040969533970095565	2
5073109152152793520	4
15739517726607557128	4
16986727389227758855	1
14495653251425305518	6
4921684427913859256	50095
9916265011654899131	1
2025268428071328198	427021
6248154841528147968	3011
10710406237757967839	1
13853257360864247396	156
12077026402877730593	7
18329838838967476162	14
17799015362147028426	3
10227715005231453508	216079
9741412784533314897	19417
15579772021363492654	23
7567780787076542945	2
11674525861507888254	166
16598678294195291433	182
7685359385583073654	226
14122461263977085384	15393
13949735448191367161	1
7698892413822382032	1982333
434025290181736210	1
15480446014329391248	4
5140069677926747838	10
7934273894861649468	557
13947308244758231035	6
13319954374975203727	4
9809932624093127857	1
14429049371208741941	1
17458718450107956117	168
2558218307898352576	1190
9292372137554790124	116
8653013529469225941	10
4559076978990125056	1
789098155200444713	92683
17058260467896435649	0
14836486804255430418	2
1796507471788301356	3
16887096297078963049	225
3583861605328823118	1
11918296027662598481	138
8738080820443919876	478
3319820584054044737	4
5747211266910561038	246
5838366102372930106	1
11494954796370356267	6
2248535423557071639	70
2612884246585464863	120
10109468548348114138	3
4716484862732594347	26
9043230716865912280	7
11844418146438910279	1783
14448579607871241441	1461
10974716515503916520	1
8648582879998955712	13
2341795593001303269	3
8266890668717018285	6
4966930843465546114	1
3904609084254067320	1
1791590679883403811	1
13011375927074144542	409
16089531005246028013	1153798
12308393999798286816	1
7084256517567413822	2608958
9699505484468258960	487
10126057182027954820	4
9851449403863310448	227167
5224052804910632349	29
13099850953521434654	15215
10258322892787705039	4028
9597571710994778550	31
14905985698828421787	842
6692890493196368513	4
11920925685625655303	310
2508578405440708271	2
6668460375380133216	75493
5334319901740474272	3261613
11959854683412655888	2
3805017417752911220	106
5328841037863857675	5
14239172274732251995	1061
12966904436536080450	5
17613366488797825253	929
8982297588389589749	2
16823256315796040205	3675451
232047597016969228	478
13521657662132359447	20
9350383361871802215	1
14354460469340913446	120
6507703148572060509	5738
9613334372800205695	2317467
6998385911926678573	8
3017153360607066286	3980
8698395876756091203	1
17122339578128495253	3092042
12108925545640105573	1
2824031371170376826	1
1750432691662409057	4
3575974588387098246	29997
9440162758659381184	15
1106304596326658675	2
2467286264241386818	779
13713415278251425383	3
18346397195956355744	1
5989291270932943698	1
7625717161350650230	1
436384616969594096	3
9826236075580703832	2313
6063395147910412776	2
2413542817437868860	15
15091130149731870568	287
4930488467521530598	1
10600243783000076461	561937
8771013457607714932	6
10348654997121301599	1
215154207718484758	1
16724747977609165230	4
9202261601874665251	84165
17157331500776219059	34
9401631551291490077	30
5874414704347214255	4
5640226857176869027	5
4862721383330729610	10291
2726605863614987276	5
5871853119511671917	4
1633381104161224590	1
10200419564421595385	17018
5679922314376801309	459925
12447367706104336033	186
17925720116627486470	1
10184908602107529231	2
10662676487620959959	2
17804292745071175628	1
8878514789110391634	6130
8499255550202203067	1
10966519802816129899	1
10851874891801051969	7533
14566759009557375617	15
15612794900910315876	1
15722033766417821864	7
11223576511847533122	7
11276506218184578684	344
4770379502680221465	4
14372831802168914809	278
1647724316337564975	7
12057765052364728818	6
10954527669798480282	3792
11082406170669098320	420
801005099004854069	1
12062604672392272032	12
3302391749498767792	4082
11286358654941574173	5
5409678031089738680	4041
12477135569070782113	1
9052324925261483643	1
4298412020173599110	3065
3693013349568977854	34757
1795305861312731416	1
14765652742141392766	6485
10877935112901604646	1
5940036491522314394	4
17204672473820921058	11
7126100364778065891	2929
6152298026388025199	134258
4720624250576377575	53
6073983455302080879	22
1396792906031364968	24662
9572682059143508179	4
433290936077945201	128
15760158977785459261	5028
4804350240075429749	83
8286772486428442485	1
1852880496865596663	5196
15441397545470240032	22
9373967776100866471	3
16185232085532284988	2224
16059813960039574789	1172941
15133379255631764756	1384993
8335603571188429264	552328
3131440108211057491	1
6228243683404286399	1
2368163679678960661	41631
12900827061835179526	1
6075728062068845502	2
6983469147769739168	7
6538554647355580520	2
5537075117212346721	1
11188114022361008008	3
13594371513571085526	15
11963072026254350584	2836
2147661842073848031	1
8069104044300382946	3004
4278837607145363484	16470
2400254913052048519	17
14100894298169277866	5820
14829654907384851990	1019
12800472809553616103	2
4097061317376360901	168
13498363100947872873	1
14711522628740261392	1
1635010982789582891	1
55247568270424759	1
18196668151593927955	163
7437651328087670255	166
2598867557792775678	1
854081014821550528	1
538441683021230796	2
13577184558148709576	58
6000037146731973038	1
3386407677902071837	3864
7710246431478908372	49
1203083204268164428	2609129
10294193284728458495	7839
14871552510220532749	14038
9205728352750217216	1
3936072947661459690	36
2364442934414401343	24
1313448533296744089	1
614347095587241608	8580
3908558855151751356	69
9124534533010090747	923
17569113741599316420	1
3002955276495649069	10
6640404858723151423	8
2305433743815942032	13
2050922248207602884	15
740232327260614915	1
2885297989223317895	15556
5873869732826629170	73
17647565991136081829	1
18322147446813588180	316
13085397426384153732	1
11894180587611301111	2229
7016375805721522556	9
12134902817766785213	24
5893778948371929992	1
15980638881324708832	2
5496038546076083113	15
15355506508587337288	1
1429470109431674393	969
16969882379635405388	8
9011494602221741741	2
3521866293502998362	44
10829543191200947109	0
12087934566758035913	1
11996839617970565854	37
1746051964829831773	4
15523582416667041935	262
12258048073571722630	3
10988660577415890850	18
18320294028679920221	4
9465717731922770946	13
11342649668317450787	1
8182534145302543435	2
14038933615969283255	2699
16883172534487899147	2
10392207218424535738	117966
10313868667436526230	1
10534147778664925378	12
3866636506567322601	1
6150573407490458988	268
5252937717910611352	2233
13906328040870521272	3946
15936842964205119980	522
14134796254174017108	10326
9953289190045176037	1
8763999897122364445	132
6787895640797609834	3
11091777064760098379	10031
2643575679158178105	2436
8120664949610658208	2
9410395804016621021	1
9259774611055938463	467
8400480719325023833	13
3306860743779267844	806
17773538296048286949	1476
10301320868707811227	811
7316564925649512179	7971
16960774548578209523	2530
6074712090226858882	53
403439989662987508	3
4385376237059592408	390
4139300020958447008	4269
16754967153704108586	3
7525249522830093033	30
1825333372321870658	801
7560489689340307816	4523930
5643032508601125594	6
256027191717318216	70
7348660123699165490	1692
11406064413854887615	1
4349215089539622521	99
11191420375841664409	7
2584242718621902307	1
5037107145408247115	184
7437134859210644356	87
491489546672539843	3
7853135928022800865	282
9271342412727794270	1
18050758469917980408	39
3246879056272389053	2
8121867212345470	2
10736793444349229952	15
6101255242130679400	0
14416802862540278056	79
11040237382472610200	7
47426047489681798	3
4071725832617940591	24245
6300179552893774111	250
15920244793574887654	2
14906190631359667425	4
12889943388477374047	1
3793664251475558013	3
8891417565591405895	186
15509591353065437777	7
3971898117016074643	2
820184335279803781	4
7251990465341052999	1
17114010944170821304	1
5814560574464841940	2317467
5884975696137437192	3
4800554248651901387	1
472836420848538583	3
3773581682571525658	149
6090124002439268739	1138
6888952888336213478	117
8106631848720324709	453
11212175492510200608	1
6248738261948275473	1
16958759885721701490	1
6953061431535996691	2
13557649997114145029	193
13672642862078123180	5
14218843345287521873	3451
11146104538891185883	1
7525093247433563995	347
3735858345941214494	37
1971332463008636127	1
8176219622922447216	1642
10295532626391188872	1
4614883467033105245	2
16461934676416563146	22
7819109464721532062	37573
5863510202662717034	313
8279963674061849903	1
2842173581268647350	51790
5587287987819839580	4
2230811751257437488	1
17047873054330650469	1349
11717711941208690185	1000000
11180267770606766828	26
663098046617739684	7
17022522785432427942	243
14981095947670358300	1
4922018485709321887	11310
16123699915003490078	19
8375607940933731847	1
18225770361745161036	11493
18323104665411864497	1
6254006029258421206	2
6928120550457397513	2
13206026724170652605	42
1888869268126359343	1
11589935640651204328	186173
17977382684613339441	8527
13332322561166282154	28
17168478344842693473	4
5298541669679152519	24091
9870225160128140621	12385
7853517099820735602	5
10178199816615139553	14
4001916039538940480	29632
10473065194754528349	3117
16491616764764801707	68
15014880756369676617	1
5708001235567291298	4548
9099239579830179002	1
15706405684103766879	6056
12685781857054635960	1748440
11800241185780770600	0
4731388389480678199	1
10658212664596058650	104
5449284985396523777	7
2452104087553852912	1
4858811195295267668	1267
10172822869114457566	1820
14563316184569532430	1
18022309315960370286	2
5597427860153894269	1
15331774836327463618	1
12752775195447916918	2
7826365674736516753	204
9454160862710150535	7
17919008570998022043	1
396910998659758101	1
1679151437194482274	3064
1746406133134941071	1
4588008069071805301	22
6184894459596911403	9
16583130129244930298	963
916618770841087675	1
13159742672425404759	1
4397839554002131619	9676
11201644644487114990	184
1132198457638731012	35577
12247799991792711948	1
14702437218169321003	1
17953722091025821201	6036
16471231628361333730	1
1634018520689911650	78
16208008006483150671	1
3189167774804411405	54
4681644622691363708	9696
6319539339760185256	3908
8679268010293930092	12
3015293444403213716	1
484230038028904746	6761
11822034924348697710	1
15554749967899617503	1
12083227849607750636	762
9365737490814971614	0
13098861394695277257	455
5260932915396748018	41
8851644957303473215	211
6280865550247220876	1
10680936035140464310	58771
16813705945758529599	91
5536905714143273216	3
5041624026630303163	2
11258232334201612193	7
11762370340315920521	1
15509047406733526846	1
13627168760800963531	27239
3879658205881545659	1
9654711395514678816	1
9244749666414223574	7
768255089875146988	1748483
17950911392391157815	5
791147592313663820	1
17502661655218457760	54
14781543301778357993	19
14780487254229393152	53719
3943665291539439375	9
17479255176297471425	10
5045308573560809204	6
2840396348767585941	2
12970796625350195709	3
699879277550047372	2422
16901575423220759473	1
5795404587481860456	15
1517686992214932988	1
9404271500416054521	14
18169407202993095873	3
14754079104521868231	3
16314998640704010172	236
17490298839285610081	22
18357478918222822376	561937
7028210292525580483	2
838140022268052316	1
4869099739950709320	4
7992257678425073458	271
17013813775837810966	614251
17343589384908287111	1
16747662843648029953	7
15244993698997774985	18
11197090017352756398	1722
5660025450598193176	1
2535321431413217697	36
10719521577785215256	7
4462941607426088631	195
15028598368031650749	34
11832241368573420377	6
14213502642146419642	1
1530418620803730410	5
3420485496255216517	15000000
10513385383985725056	2
7263894286967186917	7
11615788336544424537	8166
11892336409985569153	1
7184325494020276312	36173
5480851641174086756	15
12652759605409115970	3
8747110072219642547	473
3593830821829241291	19941
7329782606854510415	1
6731687487661956890	10
10041883576967620924	100
2137614900889839757	25
7619405720576947307	2
6391586516265619288	1212764
16505253481434801510	14
1338640778707404487	156141
16217071849845894415	1985
9929473395386027262	24662
15295627594302903479	1667945
3012558213964298500	1
5720830475956308024	1
11466960537758147979	20
10010799530099739390	1
4112638336974475171	25
7592110272693865726	1
5463003510583805669	2
2205814772330403289	445
14587229875583520899	33
1404990838867224716	10
8270112885456193183	2
470269136272048784	5
1809073859373457387	3
2293374681005184873	1
9530236120539560216	39414
14481050776292371424	6757
18041692911180130128	12
2796965252972267085	4754
4572641293093070320	1177
1509901171040292298	1
9063849329849481316	1
597664446781828029	544
513117375237398139	128
8479434299928892789	10
8879989819747305480	16216
15399374015803979257	3
4567029388361750046	10
2498377638314473644	4521
5468332483119198066	635
3119140385938224463	38
2154899506783588778	8
17532917430781358382	7
14814176676501577062	1
1359608749779638180	1
3036240688534438956	177
17622123217862935796	9
17825820576799108707	14567861
12323450539654728646	264
11045402563534490560	1
14088771979988320236	1
15639638390851559169	13
8884545751443904366	22
7855823649396864796	1
9558388951238242768	2306
321051537888063975	5
4988988311722015445	2
2441866021601102193	22410
15173029537594993693	1
8371962887574194036	765
17089365138399147100	590
4203219385815312567	5
15903375391694770529	4
18322687173660900367	1946
129924121245327232	0
4605087168842702718	20
2259831376913508360	7564
2065621293544206836	4
6038194808750510265	1265
16358905441474684090	2527
9596544072943282168	9
5355617754744071294	2
13815644699108993527	1
3809164591492469919	268
6134229440083255453	17
6112328997771252096	1
6608622230929897743	1
315393515385797585	892998
12470109882616014234	14
2648597868575599296	409
9747180571368628510	4
11430190123538362425	223
15311353255346757709	1002
15325161353451825808	16
13855883767278349655	0
17230055676728735559	5
17213695196685245721	14028
14896866141572494053	3594
8693017774220904843	486
8749103389111908421	2156453
3694079653934436258	1
1464178290264960310	2
17720298982414408665	2
12767335664556611465	4269
7419860690810148970	19
9202652425998743168	2
5439426388314160827	1
8984356697057322852	146
1524836966417840154	6
2899047102293853981	369
4356596958966017418	1
7562150151134458076	1
4277323703067051844	152
12682236498539783165	5327
3680201865393007309	2
12729858225358876653	133334
5857136181526434459	434
5885819064720987948	43
3489782574362002144	1
397738813230462125	16
17713071786676572823	311
10050192865524757138	739
16585172800820251535	1
2586065946539054863	2058
401183223724839290	256
10097578482704555508	23
10844374300134213757	14
18213403348314173571	322169
4847313825374632746	1
3503477666333530122	1
7999174897093617315	42
7464481365971706498	1
10133261974249876950	4
12740734663307826348	929
1352033654720002747	4794
12327703869318442039	227167
16270912575660822552	1
5291318488040003522	2103
2484982436472194703	5
10309394895613624645	13
11169099334623143185	1
10436964053290331502	16
12717822903560624415	1177
9742618510469509162	440
13672351945885208900	68
17668668710967238081	3
11190465729464698547	71
4593740328672618211	929
2747927867974878119	5076
4537998085569028355	2
16589707846320947910	9
3743420276353669255	0
12525365298711182176	2576
11085199765550199202	11701
13674128586466939162	5
6561758321570076092	7153
1534473284311453262	1
4944065676043104036	1
6484629387666576219	1
788499827309238335	17018
14260711468446382758	2
8976759939411392123	3
16984515816854946087	1
2977636814131214685	32
9135857323739639600	3
3036758715420676345	1
3866918625395916384	4112
9680672919175523761	2
15416094468685300128	527
12275944027587833925	1737
7256178132839531194	1240
10642180355435036153	4
9857424131404213548	3
3102208790296915540	779
17172306281728947620	3386
14870059605560352634	1
1229995587584202519	1
17834974048234267360	7564
13106087974380961046	1
16033165313598216616	156141
4867914564699167829	1
8827949258645443338	23
10674284764077632079	5
10863150670929270747	4
6318044696364276227	3
1316774815072765137	77
12335271500074391216	59
5620000750664564505	113654
1699475842987721684	441
15753595175896724347	6989
9720653403691534841	17018
18248455814004047741	2527
8276689154417750778	3596
1723403537566741543	3
16723661727853350202	3
3202140368812615286	15
18298566764024803094	13
1157903002071091889	1
1794254520596966421	1
7392355926318527379	282
570686662077372965	0
16777182201980184078	1
7222755573788681058	9
10857423776387278863	1
11478681652347228574	12
1971920551051478713	1
1223820709262736449	324
9778630944305774500	0
14860019341452632266	699
972212360313252468	572
14255490743565494549	9548
1326313285158885999	1
4768494563887914588	6685
3350451026307171707	3170
6153371197183463075	320
7592575710384127094	584444
8804303445124524192	14182
11635744768083720954	1
14041838606191028029	2546
6301461110424548785	1
14712893991678243407	1
1100149614629311111	5
7621573174862463191	1
8507803557623170387	2
4304293644410944449	17602
9035310121793763369	4
7148407609960399321	3
8252557208262322604	198
8837073123351597370	1
7947954520447880720	2
4980680208726934901	1
10319861364450765450	8
187559791837387143	4916
659857474844011379	1731
14900881052405213401	324
8655019648567639095	1
2357411360263617652	1478
6254405894251825991	1
10489205776581820772	194
17926904633087873772	3420
18195844048956580465	584222
13136619786144519425	2
15817337400673379929	4
13305810358859141229	3
1518989423846175783	332
15390110161456123608	30
8389090871371892432	3
1766842085888810721	1014
7854346391589794339	34025
9028896583860508170	17
18307172669619967141	13
343803375052861760	55
6245289839308949208	1
1901793694210215004	1
8915286143274513394	40
11934036135980973596	4
2452975709061417556	12
2257021131524341581	28056
2211292582254557496	13
628551349639774059	1
3757135384322582093	6
16050543814797038329	1
17918085317927956724	25
17152169203169787966	293
10245881343428336494	78
14479851552587314217	116
16610602225535153761	1
14959840092131328538	1
15833171266069407900	5
16600033447824400709	6
2540102342521693804	349
5309468321796425269	84
9532948903461862893	198
16503930236914092898	1
15906580741125411752	1122
7604812337188166988	3
17223019332611830222	240
17283028389209629985	1267
11742630707529890185	156
10245076161525685847	13
3860527689120281071	2
8841894056499488177	2
16763261520166460632	1
13572678676677345044	1122
11666122937536025010	1
8064066115522860519	1
8217304567472090077	1061
4631628596458574462	6757
16708960348530219934	1
1466485584610125763	2
6839866985262091065	7048
3572588447749150515	301179
17253611900650237574	50
15177595230166666981	25
8242907967796397279	34
12870724448816633623	544
8273757407584327069	0
2853929377890004354	56
9449244328180508906	1
12306507261165355462	1
9436657854423823702	1
15106823192998011783	2524
4251712841676564732	1
696987943680620317	23
9821687585493828830	1722
15379360464110747819	2
10006337182739856771	2626
1502826093769356894	212860
13068956399523237372	77
11334089427678502166	356
8280719365253626362	1
442473803309581310	2
13552630468479093316	3
1633398078522579125	1
13513867560111447870	88
6341303640798456173	919811
6468728198282796467	183
5967775931421849187	17680
7437314846739992517	1
12645763022990921523	20407
18135688056699967392	3
1430901216286072491	474
441736981354624843	19
14407456116194193847	625
5523430105842698250	1
830725092160066387	562
447667636992395205	7
422827530756514771	1642
14426617076378554430	3
16783498133758856826	6
14216035714379994668	1
15213910514152079617	4
2312464747783966058	516437
8032513343410595322	19
6326694693100190382	1
12966567704204107935	311
12430902027454405578	2
2310481165836075652	12803
1502468177287721238	1
5605675482845465431	2
12396009562206232241	25
7148270672853398633	1
8871074147111658752	561937
16970755872120077207	77
84776264763600194	204
15906371444786616640	2741
376446779211865707	3
9458958305234353425	13
3617489469620421719	290
3389464755836919695	2
9569478250731019363	1
3947572356760575395	2
14576115197613246017	1
3714194838819873435	72
1293519638754071890	17
12094784116985093786	37489
17639773090527783567	14
17042629146497558439	2
3526249271877316497	235
9739089836135431741	5
965897683399969556	1
11506396068698404031	37
11676784082731496000	12533
4477909756102258527	35557
10277758273317961896	149735
8590603763633568887	7
17323195269932555916	1
5347881933591249654	1
6103918402795338137	4388
17093402142712869552	50
2641453737931630459	3
5633592343140449345	4876
12130253044990733421	24
718176335293225288	23
14044716333567348735	100
1569233546612638540	14
18154907828012620449	440
6066450120417926777	1
10674613143030839287	1380854
10897346182088516888	43252
14995889524926076713	2
13584967368388521764	28180
5288204988254982750	11
8045122320797263049	5
14708866467414623047	4
2861544623114969083	126895
1943276726531617465	148487
9843323242719810841	1
2151980281422780248	1
2546356679608207274	694
16293407612233348942	1
6017245304661982797	13
13152116700016246500	224
9295024791987122885	43
6257272741663941542	1
8460741325328715721	7
9921631490686332638	1
11208844091411798251	1
18166638745795003016	3
1603784017448587299	5
1635993213609336145	16
6323489206734518871	544
16033476969367048746	3
2024851613664503371	2
5904713563527741425	3
3733537521707405694	256
11439192554636466892	1
11922678362219224076	1153798
1240936776410743058	19
10092520343032393054	1
11080171227665057149	374
8605624006433699090	24
5728433495279644826	21343
11818590422443819580	256
13590621738459275043	1
10085684305071026120	1
2073816169829064777	1
8034935509716722853	975229
8930019461901995484	11
10291872428537945950	18
14738781678897009759	6947
7948629095573504188	1
689159923655871248	434
8409761183156386969	5560
3731447720183958131	26650
9518949085525202150	596250
7149936819151368904	600
9282526939119303944	3
16302477367274188323	7834
7519445923107183742	765
17924066324193544065	1
12641142421834346935	49
7448096931576179707	1
7907847155501216844	10
16408617069100388161	9355
16505657001571016333	2
4392931685709145883	57
9120212636077375354	1
36204958878017166	11
5449764388644689418	3
8344161601949640976	5
16117161615062810273	2019
18111356812057392602	26
15379736593451023592	567
11884938032369604602	3
12558784122799545434	1650
1447982552589081769	1
10925028578972364212	9355
11767238387378871346	564
13098822141970866755	1
9790107634009731107	23
16480190775331246441	1
7389719792174392333	53495
5877147337330156113	164
6314354393351293958	7
10845161011105686712	54
17043025169485682465	3117
1693316873991008375	4
10967967274710837208	1316
15559167885404104826	1
8098299222673865057	283
198569769614814760	2
11271178476038722702	3
10978665613994870565	0
12918858321920016135	1
8088375997789184569	0
11476362280200368405	57
1069166464947807477	2
13263989566485985375	1
24618681105623024	1
14616158885307575775	13
15543024877291914221	1554453
14959187381725069058	0
16826424515123096147	3742
6387450478678095624	1
5626740635408038316	3082
4318863391089622991	1
6270757567264667585	1
7981321926331268812	22
11547385458913753882	1
10158106860112868797	2
14552043937801393284	3
1851238772504800001	156
14483209002082642517	2196
6788850691690759315	2
17695350573367270363	69474
2839598757297000878	5
18438026838859118020	20289
3515523468333150336	3
17670560289382631718	15
7654835077303345175	1
11143189079959316220	2
2561683052841286277	1
1212814303342197817	281
8596052069016213667	4
4840985251017649135	1
4523862836773098964	349
3275285152812151131	1
14043813981552203965	33
12092158901439251014	4049
197838779488587578	27
11058996609806936747	1
16378935198257036049	313
2452656615568003569	7839
2796310260500152637	188971
4335469797718145188	1
1864752405998584113	4026
14191239597494656398	3
5895735325616398277	9
11872015979463421544	16996
3853873075407247409	696
18010770375794014419	55751
10722547142178148176	2
16471666165119178949	1
5259011309676819543	1
7238358363800964162	4054
16716790174650829172	1
12946301161557649457	296
3578459574330059408	1
12910870213744107993	17140
7901602445661185371	1
9820616454400667781	2
11213467991302958857	2
15114570969958249000	671
8353242562107090916	262
9306871767589333352	0
6924503761635593350	73
14520680512638006488	1
12993601120560602688	23
1104901849742672077	0
8189815787756839941	262
14053778816020825948	11
15763540907624247604	333
4003198857286179628	349
17394143734235876797	1
1051494513460640031	3596
5928724464125341429	1
5966826763240129746	3
10541768517999825741	1435283
8151752595931708805	602
7172574053812644586	184
7442953145046825811	1
10679346894718451196	2
3285242225282187007	37085
14658365798372265702	75493
12857088947194983026	2
3003676717992059931	14
15456388637922513951	0
9769092038430753197	1
17324508869748506739	1
11514806522067928383	6
14785604342811034376	3
11251666867701695660	1
884893824769613202	5349796
18099830794460750548	26
14325262419516447940	1
11387322231993280040	2
8573170347891376832	1
16501113180476651568	2
13877310941977384755	268
248806395127382304	38
18330729696640112231	256
2707961027823502752	969
8293523844621769452	52
8353244994045477333	1
15593389814546108857	166
7516431529997699032	1
4856743167929836602	58
14905384705372392682	6
4059925671461902019	454188
1681291944130189001	1
16374978292328326196	25
18090207057558954007	4
7332719092764565095	39
708566635697745640	8
8377901137779317755	1
179465354637016563	10
4959511732806431680	1
14711525179408911440	8
18146344220237219697	4604
14020030520206872737	1
9900060543059974982	1
7222492980969819177	306
7227245541952063706	1
6331858483895602499	1
18029059379202982480	0
10476134967068867416	11834
11606136119882822100	1
4996235163634578347	9
13813887003091846771	3
1071444741106968441	2
653059589224635315	22405
18204841205411707304	1
12029301375462507251	4
4916760492141310796	1
16898235989874520434	1
14834425104659258644	434
14623697124592214092	8
2466030812691692942	17
12474611192093311419	7
12055211715706777782	88
1429137648591693948	1
14942359844182962884	2
4327109559290465150	2285
14111652545375403791	6
17881591666036618483	1
1927176140692128685	4
12748420326933283277	3
16489741282314141062	0
9493317333094632687	151
14949008472033587345	1
4213380829623676400	250
8252981678786318633	2
14162430718887259603	1
9012797867409066232	96392
12017756741422366191	10327
8585664182357223590	17
15465812887470715197	1
3257132011216510693	116
13835092225394746528	1
7274259281310672721	88
15377524119806137732	1
3205440406522577337	6
4026116883925962053	2
13830011772438556072	164
11928510577695002508	21
1845952648666174864	2
12710450048144691831	749223
243242232536457826	148
1460593553958467189	2527
6319163939079690715	50
9509163806200829533	1
7492335916952498370	26
12701477354693253556	49141
18046139435002068706	35
9036646150691930146	8612
2284402741486504132	1
4217552617898987318	0
165252591953002729	1
11141454127800776193	17
14284623346439310376	1
4967618333814938597	1
2447897193325051379	396
1957474180105911694	3
7241642932890675356	3954
17602152331952725778	1
499132670702428181	41838
6979098925489393636	3
10957501614244220757	2655
3571914114937480514	4657
13342452917949613621	20
3367180076393516493	24323
11154305487396087762	8653
14996586068374937648	516
1264371731281225510	2
7896056817923014043	2
3612108851038335547	3318
13223379613564769265	1
12763095373247349884	15
6461266349299977877	1
9191186750783377960	18751
13429923414577394637	164
2067502075151327878	151
17584002063738342437	11
14144746547385827929	27605
15163083334583574672	94
15772752452089228286	2
7486030530711129258	4
2034167255578191652	12
7933804470311103763	7153
9565538436680711214	17
7597088109411581581	1
18318144520779108939	775
5169199318884001260	2
6414126018798189464	117
7524242206633723414	28584
12203608935658339623	5
17123376944271502015	1
14372320909682293159	1
16249394251391955304	10810
8547342315794387924	4
18038705642881365763	4
9350217329344691431	1
6720340684286749810	1
7553276283419892379	1
17606652762867994987	8
13653806526772332347	16271
11542599486229116392	1
5300757117741780616	3
9566234255414088493	105
5572105773605925638	1
7410639487560502898	37
1412904689422395591	0
13720083357893089773	1
3415808503493702476	11732
4855164031468850363	1
3528494864634245771	241
5833955551662843337	68
7661649543789948602	1
5466077846880870001	43
16323522908981407268	3
18043420234003372449	9
14760370921341552317	1
1792825374677165910	635
17522695175035166478	4377
14928085128487103387	3
18311534059935524905	1
15662941490001407307	1
10608781272984498511	54
3216146313009990810	1
6019487888782231493	8
17792432546653622352	276166
4127686696151312129	43
15024569535024858161	8
2041318212893912094	89
6009745161000888802	17602
11763034960570810033	4
4914186572917226405	3
7760412025839491639	11555
14437898590525349601	3486
15226585353715636186	1
12016692360322482374	4
6785241793421282577	0
807941567920842782	557
1004221873768640778	9
14358037620142620751	1
1049332925366486482	1
12506696186508087461	2
5666234007545403007	168
13266388530376521738	1
10289221059951077046	8
3202797718713047475	2
12561268125504161375	91976
12170565874475800121	105
10257784985941251711	1
1536225463519812090	262
11724850065324665108	3602
7229886276738775701	15
17339552292961306919	1
9117280762900474341	1
3931114625731643735	4
5953192867177646064	1
5667159341400035598	2378
10193211991833985254	10
18372159021094938211	2
560740945526301624	1
7411406610449187021	3767
14789729334563105946	49
8172958184130202899	0
4326797068236567129	1
4032851464261555811	3
14497451980486469283	1
602453787017919131	1
15740117776457749484	694
16294640073537251156	34
8935359312149211177	1
8522391339328951028	1
14446832581147902565	20
11129303556539114473	354
1879842703448011250	929
13867587278799536327	1
16915268446389811539	4
15710053870541409269	1
829851383538331104	1
9166284420170803679	74
11238375696505768391	2
10538505052045712941	422
13759908965460551038	4
4230335548256435619	149
17628508327340801991	1
16742229896865334639	15
5340098054145548233	1
2720988219285028975	1
16747090656083226420	1
15472336090573408000	15556
16827773470279690060	168
18431790081160146955	1
17991161377789981262	5815
14145549720895124193	91
13062214679756114454	1
3177280277533715209	11
5792102794438781194	1
10404014327099299617	410
7436906721932765765	19528
1225220838667090138	33
1703122967573783133	3445
11842925331416805035	0
1922127845048577900	1
7622877838047473608	3
16053236836111111467	7
1859943453324838506	1
8844588233130605911	1
6687786910310757535	141
6876043418205066013	1
8738004083716591865	2
3852180563587861122	614
7346735374930924677	6
5921112221543647546	175
12189188527666207858	37
12754153109120913532	1
17451194005690664741	1
8812435228279484960	514044
3766662062657301295	22
9066497155228103032	109
3084974521965831724	5
9034458620662414328	179
3084405102749808962	402948
4169688038594701448	18
4156152627106486556	1
10538063853710819082	217
9392445130881563043	1
9119299075966103328	649
5188491527466272964	4916
4710132019168391225	1
8956930995371856885	4
7777240565608839105	1
1849450378271851410	3
1784275902762207901	412712
16311930622832743102	36
13312831496120750747	11
15406823970804133482	1
17656994578077211898	3
7936257974833873019	2
5082897754517503938	10
617054744719526464	228
612629433411366225	7
2198778833231347734	2
682957496397469945	5
2517298418640156914	1
9218258436174728043	1337634
1547055611216486077	168
12965101508326107963	1
11036946513114188159	564
15049718742487575899	301
17661344620376208464	9676
6713299534506767662	13
11122596538406245796	1
17188105823577338745	1831
9913626761655733630	1
16007308915389569170	2
11308012073035329253	391512
4509251482544417468	216079
16131116666569676888	32721
18149574703122980001	2
5721609208123759606	1
12103245764499003150	15
9446868024709957307	1
1576042534832702425	2742
13466785635183718040	6638
723870405586333059	6
9706178879436642657	7
3163734409133673013	2
17506490771928288516	361
12746857396290505201	1
16355561275380541583	1
9778411000445014026	90
339352744712241872	16
3034053254692682624	5
11397797889818192563	1
7906152922274340954	41
7816107183881144705	1557
15575114826467764852	1
17367108037733977047	42
8873538163963207100	303264
1258585414050714101	4
4904780014442037476	132439
7564662371804316617	22
3079066199980569654	176
8820540618042602682	6733
16053680781022378048	59986052
16321304194679622423	3
14065319205415957557	1
2720491683540316628	1558
2957520079440791743	1
11027135181274860363	9
2282778650434111366	1
1826273481965217405	1
3797573945500407478	1
15672781677914107223	1
4028571532829609203	7
1151987927214238074	3
9583855820390131514	23599
10822729028018773507	33
12203504140031115496	3847
13897225380639509748	1737
8113565614231598048	61
10877651850137833609	54
608510556879407377	391255
1677895061539960193	1261
2182891062746831690	1253
15735286642205248060	15
7329993714999888881	218
6978346820924633012	1
9822730195920763353	1
4760637547353649433	1
6771106262106596378	205
16978282064491976842	2
13399008800332514226	8560
8614659217300324766	1
4458682738634032713	235
2707636208995667933	699
15079077910203516939	2
4602507563927672910	0
3404854602142605625	75965
5746496313707814046	4
483425572900762103	47
4052825897899689026	394
2178937334916258098	1
7083516532580449603	14
6308002159193365610	1
11635424812905680330	5
17053509209635996300	2
1193103198614149993	389
937963908938247799	4
1664984860187946334	8
18072761818113282748	31
8404036334179708869	6989
9929138333206180935	15000000
1248738599396093700	1
5281693365591861409	13729800
16451698070357003592	323
7951779268367483569	7048
16314169688777959468	1
12112638721895667413	2674
8046964979644829436	970585
4177029481333054815	26861
17984399345417885202	61
10285526127478821393	279
2313320981168667577	486
2855488551510824871	287
115267152224981480	2767
16317781576305885738	929
13189342770558139318	146
8965499483119453290	63
1011698203978065717	477
7670362659670530944	1
14496326085244817897	1
3358740591963615796	24383
11663627728921048116	1
17791514858593053006	1
7196704811395717480	13
2009810232172191678	1
12621053638152169985	2
11099154274827192901	21
11379021928581110726	5
8571210797810483058	66127
1779661868710120549	8
10394910976432133187	202780
2920033977043132618	6
2393527996624556540	2
1804862051285613358	1
14988981618381584336	2
6707855917841568025	15
5136276923795346325	300270
7271822362201153075	9062
6904964716582627077	128
17673309041552187427	1
528481749913078537	31
7078453278946840036	1
1693959347635717247	12
11263957103125912393	1
13074716364833591506	15849
13766620133876434371	17692
17868911326625389349	21
3087032124660507526	1
2556067443029133558	2
14099179735670628393	1
10020340679183263901	1
5614826886661929328	35
9418943018662721106	0
9870617076547468979	3
7640783622325754361	2
10284549023967944699	2882966
13996648119010899205	2229
12084294001956540263	1
3072679436835552993	5
14238964610202335374	1
11609426019651104698	540
3268356624811206825	1
4543967552961554675	1019
11753898170787355154	1
8087366718601279614	156
17021327677292618690	3
15599706818522929440	1
5553676089320681026	30
9731605338508755936	18
9118606409944313378	1380880
3227926858565622810	316
6986287615981161310	1441
18111481953423357346	9
6265197331944271284	217
4147150442119628295	256
7237524349973988857	3
17034620120650877945	3
9834642901451116711	8
17800685968417948465	40
8995229498579887011	1
2178402314935156279	4524
10438546055492644406	1
8281290437639903911	14
888167991671783959	3
15772026550775504100	2
7890678401314308822	1
15222917135494258419	361
17080988406647538172	223
12155511481423885081	1
13971375598818127388	17150
4506469548727204086	27
5390082718418813047	1
14591809740102140552	4
4770572378428756857	303271
8354315424086955638	15
7820741887090107097	74
8714317109573601348	1615
5480128421959832083	282
1963319878442634893	1
2065946455656939300	68341
15636515452912326409	58
2407297519178468941	115
16884565516541607519	3
12325729256857055549	4388
11000327502395760086	1
7704642043691084299	1477
1834718222474384251	44453
6085308795248033646	1
5105768342101813862	22
2268686471525680867	1
6786647268990288775	9880
194939164029234265	2
18180833800592849135	1
4189664708794275065	1
2218948094031862914	45
5452111104552586448	1
10650106739635016389	43408
8865266500883495189	1
4494168885510876106	1
8111432484737369180	8
16545033073918831127	3
14570347312642494823	0
16659957515936562175	2
13912972618129564559	13
7044200563141001090	50
15918104356356194092	1889
2189623909640858169	1
170954801568574405	4
1568649732246254168	445
14004699783676641482	5
13043702796950835030	1
13981113508259031221	1
837552158170517427	6638
6198113396037372391	15556
17272760909799628842	1
16507661274522405582	2
6288205362179732392	3
14121841998376656600	12
11890443148761913936	1
13127929380826394235	7
15698078212334539107	1
8054479573020137692	6
1797077051326095181	0
14913648719209624482	4068
6290340234588825439	1
58365242341936158	4
4133972887877428699	1
10665910823076243537	1
11961018229923045632	33029
2625558641253270844	3638
740775680049670858	14
13847472673669958002	2
4562168601708720271	1
11917373619560739058	1
7612348382821233119	1
13452184944594062087	320
8950953440220007876	69
12000330222999901975	1
2952393790029245072	28749
2697080605763460978	38
8841944055673343013	1
4238474111526544132	104
17424927061078342119	0
1191741193422445845	7
13702546495209226855	1
10748190859706943952	4701
5985505182142201569	1
15790229770131879055	262
13756084618509972397	624
1877613733536820074	3
10531210065973484168	2699
1594369239491571643	948
3287977248789149450	7
142213669960249006	342
17899955085859080716	53468
2850465276215808221	9696
6023713997440482930	1
12348024815860400290	228
10455380687394030094	146609
13516279748565445220	148
11602129674615644058	4528
9146546686963982989	1
8534163713724959093	6
2039111492035911237	19528
17315930897547034727	8
1200445504598478606	2
11841544311075545958	0
1473271545351142409	1
7742205671214636671	4
14215145482185904435	10
15853997104191313661	14
11280260402997726075	1627
9203607779675822375	15
8129630402771863121	1
9061667926353355085	1
4826651909240580501	1814
6510819531569416335	948
8587782541996111302	4
350549891047234421	6056
4844720510881617663	131
15183518410946719353	0
3879237485164714639	752
2262002496158189993	7
7733313466157301306	1261
12072152455517137860	948
16528756686266392650	1075
17473233101795609017	44
1188984345267226392	99876
18090434480633200112	10
15798356686875325449	8
11640391377142511829	1
12230318957970284612	3803
787119312993140785	1
4291468942570292203	1
5424037940824574489	1
10237658993514304659	1
5679608438970973423	7
17854038012800520114	1401
909309820297464762	4
17393929916731446904	2525744
13212220075397719601	71077
16483084915607694292	102960
11246314172867763547	1
1098741824957261653	677
3172800879016468050	1736
18351887384366978608	116
1907762549986760448	3
11999272340541820086	2
3433564432643698404	1
275642694669588643	1
13669957560765926259	24307
168859611456472883	258
11768958408238168887	4700
16978648200081865816	5
14297876241988510574	37085
17884913581313177927	356
16023604878514960535	7
1400725491741398984	3
12597748858778414640	0
2269413489164236908	10
16016481154114423529	1
382104383848154995	52862
1529156006798030355	0
12977622007577896160	1
6991642588557289210	923
1439759564621771265	1
6702443486936593112	1869
18379003301938190346	3
16328592221544783339	40
595900609829210179	3080
10730828200651443921	32415
17331289959490757049	15644
10018257765595955378	1
1856658948504900560	2
13397515423020213148	1
12184260939373460561	1
11188735050027345873	2
2937916705820920435	1
13788068495647978084	173583
3914421986919057109	11860
1542874318489949859	437
1466631342147357332	2
5825097272127665946	554
1043009175686481099	452
8948095987888835018	1
17799122441653678300	2
6904199564350525220	6
2957884841427547320	1
2705535186732121165	10
10142602397551766209	53
5915789963737999138	179
12190881990458981389	1
12601624417673214435	166
10880997835747641566	9214
3235639858631318733	142
3716997922751244443	621
8396684653029855634	287
14404208906878893140	1
3770453873411017750	1
12218856595000848453	1
10738337741861555592	1
7863601205354027219	1123
1022802146208885	0
11991695748104216859	1296
4095273701233938599	668
16173403169333855296	131004
1236664934741769688	4
9935721025760485187	1
5134553177013095785	33
14899811290228122961	1
6098424200146061189	1
4518190882366904057	28
5047991359940112049	324
45251952261698452	1
15280514220716261882	2
16812542720754391858	1
1512532317573474908	1
4194371651533918857	1
5355853732171301257	1
14291324901021119262	7874
16560071485845022563	1
16005631957685707019	44699
1130306523124390340	17602
5453960254121599096	11
9508707547453779402	6
6945761875116533345	929
17357150653275962594	2
829361596085432673	1
2788724788453834018	377
5192303015764773559	1
10600774773456943607	9
3904307981455163184	3
2930121939055642163	1
10970099971149949111	1
17799102581433095748	1875
5387640014625539906	344
70216498650782400	1965
7054171906368047790	32
13695568699610575307	118
11355152522021277281	160
12026291805514502056	301
5455519364836472639	334
5511824308556511760	167
7309492453764682241	168
15305364125080783833	9786726
9635255736511158047	271
14861976136393256370	201
16286626170052004880	239
16808603014589337051	3
13974134136293080655	131110
8100125349996608903	1
11248175440585360718	1
13491773497348808585	323
371589925620043088	14
4146878071572181569	1
11445195975328548681	0
17561753053114740279	2608958
1716239590561091007	1
17231779372793163347	358
11688027260564464801	9
4837988150034657834	1860
5662510016851821705	2
1152648798174122778	1
734500167155139770	10
17507948550151129781	1148
12087779315563261610	1
9937426553934915389	36
2958964796175506955	1
15864660928775255491	7
467174400623838887	5
10924117643358935306	8
3612262106522285053	32
1165778460271801893	1
10761374364521130079	1
17963782327870791253	1
11743116298390269175	8073
2145530474576773646	270
2205696292550718272	1
12709547441305176222	18
4866032034673850945	2
1024832947248942236	2
8427762165416578739	19
7473329858642263395	325255
12877459512132677250	5
8832604442669102659	11
17794188327955819577	18256
7158453858215038610	3
9522627152065566691	7919
17074619496230202561	302114
6176583955050964064	2759
2177603610393643131	1
9917510291271554740	491924
3545670421300604035	409
11551648427356009123	276
9717928146025574546	1014
10813106981187919041	1
2777581992471294525	25
4755119721588400171	1187296
7178054701059734298	1
168214218371094493	1
10623184311167436181	204
13005653900517713752	460
7627473324840122393	73
10229362213382379571	3596
12054153042061390982	23
13299415865233048937	377
5937878314177343544	1
7310704101156073642	396
17601543838364617414	1
11581012091331634039	211
11556525229601523048	4
12926087713058619566	1
12585223204588490839	1
16937958517322352031	131004
15261927562573781432	29
3447585798398027811	4
11821786979819721175	19
8439518641246270285	6
5893333693106096733	499
4855744776346108193	112
18295298387895365796	4
10385151664878252279	1
1024542028133619578	13
10821520165029546043	131
1808361357355418534	1
10857925423342357148	199889
11454817221399038742	32
17888038708502738832	10
9289764180443313971	842
15093639308317495275	1
86004914292535760	2224
1602789363145958757	10581
2567987216968201179	1
12628686380094636442	1
8082031221231500423	11
9027239208018333219	3
15400644437130952651	1
14183085679088674133	1
7545384224538910319	14
4018835879448780063	2224
8438530257588115854	5
6856410097988936075	602
346682831942293238	1
6376667706901008954	14
5530358846171692491	6485
10467570663995764335	81153
1517118999175779059	5
1966418800360710013	78
14217053724231842083	1
16080939844466701582	1
6356989070752159401	175
4236690655131423074	8
13988663028003894020	2
16525555404087130840	23
6275906814195839528	1
3229069595701914051	1
10130745588535172144	1
12517332184927758989	3
13254170445380842270	1
15407811495194331003	13
11084617553906308958	166
15355511923596171466	272
15612702659316305341	2527
5397003677995261636	7
15205537090631931210	2
4548833815460810631	1167
13927036585957076049	614251
1390051927630353713	4495
17022907411023465668	7
5242311789522325832	435
12581232099811111900	35
5531867570624473178	7
6496658581264188836	394
835853735010921687	1381132
14310225031994647545	1
3807836645790683846	1
15474336998542933260	2
7507433839534022083	1
3943667869949039942	34224
6981761964415282314	4
15019148201639779652	22
14539363033058676994	13
17630074943195926927	4521
13613315619569882881	2
2416213057476634243	1
16630404614071764215	1
5080168557082287202	1
17597008840797309727	1
14942283008190322772	282
17377305725780721175	0
2315756529633325462	3082
18274358677376780033	2
581155579480931581	362
8261312465768517069	2
6178968165341790865	7963
12429965497736908626	458
17865392448887107583	2
4990102566898143609	8
15252449596286522535	21300
14530000421661865182	22
16649836535468986963	396
3361478638773939512	16
14830368296481590866	13
16808287443695904194	1
2473067170489438884	35548
11109346047031967569	1
16897299249267036386	148487
6211712850921793580	14
5030004008224407268	2
18018906270975141533	2527
15269887091834025946	12016
11830825919425202644	51790
9312113491265699249	0
3925136444178382382	465
16810059703028160528	1122
559450818049346586	324320
18157844492717023161	79
6086194883991296202	12257
8187546257941978620	224
714540311371837642	1
17975897185312600454	6
11642814239506492518	6
4364387826652449805	10
164337253787021844	25
229913886767216165	176
9673847639344287087	40
9206655084604175191	1
6834086756966043808	4578
3258123981202691145	1
17518696903929786739	1
9187047525762146653	16
10464191578260916460	2607
16187978926183819302	48288
819086986199517216	71
6888190313620782700	3
671642290359647863	9
9059554157773297723	17
16228045869188325508	276166
18030264214743987490	11
15971923942759016823	209
9861068279811770518	4815
11491094951374153525	4
5010069122671725201	35548
5514698273589936036	1
15715836172539439256	1
14560140992169003220	3435
12320966898551196852	1
6481830476466053386	59
15529929813753190096	599
2455142014324914198	9436
4753344974216973031	4
9403340034831025081	412712
12137508654894200970	105
17159359117438763558	12606
1633319547977176250	12855283
5012596438142016371	326
16523481133706355583	1260
5259642361293192432	16
12891268638542139580	1375
6612041878551680005	8756
14184301862542717941	48
10060858765582795355	117
177458036292707546	1
2590943384390504986	61605
12061662753961755543	993
14885369666573036573	23
13459266758830055574	18
2580974793532843368	38
16933788879149605291	5
5351745415436379449	2
4743932245294277502	169
9415150728377555614	4
9667844725104872943	235
15556983209385688803	5766
10650404126923380486	8
10808630400399089904	51790
1616497056552480013	1
5772521867685663293	1
13204831420897583538	3
10064414312156075302	3751
6088069968064901652	67445
4420787686219424180	2659
16248972508417651645	250
9808654055920769924	153
6183728794645320065	0
15831371831324187386	1
7163724202454316150	56
3034037046097722934	3080
15837341453053749977	29
11358105394103491371	1
17978897102932752813	193
12957914940699137156	1
15165773071809380039	272
9156844327922925178	1
582698176123701747	1133
5976375789418528460	3
6167886157576609996	1
15443636605045685440	23622
14165848267320351048	7
17437398389002547666	106
14964868808042786999	10679
2572200600417379049	1
11376707515131356648	1
7768509303641948361	2
16527402398287879268	1
15306122309474131976	12614
16800578517448190243	184
12577891016638923293	1
874699863494259525	11
1328906447318252333	10
12315706094462112598	16216
8851193690176293521	4047
3311127453712781295	7
15745148709983110981	9
246253980207356600	78
9040181750659536379	64
16559121896026764204	25
4374933643854797527	1
14244468255274092189	3318
1475873111342444819	17
8253522957375740412	1
11849015994003622555	3
9929711691389590734	1
12499914720732882004	655
16892077449066149634	9
5067670860577865773	10801
1724078301860325833	146
14613447192126922651	2
7669283339826644447	3219
13863141102392206888	9
11302068725451760000	1
5761074266554678599	3
6516666423566478147	156141
7834159425651947595	11918
2088158729383309751	0
7209564649199605474	24307
12707589045616219812	1
12033068343612954900	18
6966112385986381777	11
3319789528667474947	1
1106901758115230530	2495554
14865266033163965102	6
17212141309197446930	10
16950102675394456761	9086
8373434921560400192	1
2647604288179705130	0
3640764050405541068	2
15665327511691126890	8
16846380387325433702	1
16925445971990015452	1
8023257460275029722	1401
5113170578747617041	8
13336133344627451120	2427
9336689288138596514	187
13762443125290792116	2
13400449905637299562	5
16690456327359900751	52628
7166444931143948300	14
5112330727812565593	2
5193095126890073535	1
1812636450101827943	1
14479094275784925508	1
63350863864313588	1
10457394172697686312	2
7210125270449559809	806
17328256553022550948	437
12508438380081148373	169
46586359446428960	409
6561471034315856081	7963
12027047420835394961	1908
13724802441373993642	1153798
10340198270468127441	11391
16140814575051957375	8
14003856984884832125	521
9907641813396677616	276166
12838474817338729989	237
3197496295307362711	352
1771742359536261958	10
13727497713425580716	96
5924003101314210685	2
8852234209987538822	4
10740674856093747484	18
4486750543704446815	929
4381520230716994797	631
1618417035125068579	561937
3181849630790143558	1
3766316614888150165	22
2740120428747333904	1
16135813511404633325	128
1518176896739590124	647
17907429799543472464	2
15067085583664634586	1
1653361843196420837	111009
15223466938246135127	1
11234806656537397022	1
14081007969082727123	382
16121925641455005569	2103
10278575419098513403	68
11273998522853807467	51790
16743645569375523054	5168
6417759309822941424	6
11964139646685513451	698
4581850991041688365	1
10225999953021988107	25
10374071041191289652	53
7480575985839969531	15
5012273545608304749	1
16312945935622639244	2
11081308431723374216	1037911
6366402986864577533	2
2108005788219131591	18
699471427498259539	92683
9145380869325305591	1724
4747824606300175794	207
266582292997020938	1
15202771244127016457	7
306459658914902543	1
10006652742508925028	3051
17748242114869640049	12
10011259933504160157	1
675080990624675505	108417
12824837189612076343	34
14825290724808217896	211
15189362843147131187	1
14229436424762677887	49
11945111306931412742	1
8978895404168981566	77
15141955785750950616	1
4835996741413010151	1535
14499796262516708349	59986052
11343474967322793763	1
9922121928832369896	1
10617884907264745581	15
10657106914518348633	1
11006691002513190699	1
991870153947979788	5
15852892254250968361	96392
15452761589487437114	422
17876158968533848765	1
584596049361933621	146
11392327739662261167	105
4807682042817366405	2229
3086324687588086521	4
9443290600183377624	1
4035936520935786598	454230
5768620093199075422	11
12819249765934812296	5360
16728027252916565872	4
2949092264933037098	166
17484744481069574514	4
1332148865213755822	1535
15720523282829848502	2609
18138029653470720819	3
12330619558985752799	706674
16596583415482020135	3
6351335701669228359	1
13480625394601445478	420511
12133790285829102874	487
17542978010518926117	287
14869533470466385276	1
6541212914031533092	5
15594098398986483376	6
5743496892901019013	1
16443363719338065228	1
5093638322483051353	149
15131544358342960239	249
7654486610037677144	1722
15342556931637433531	1
14307819052615775881	9676
8132704541984612083	1
16282056955407616937	1
8356535934090982893	1
3544261457251954129	230
12383095872785042395	84165
6361958780979277602	1
5329117261339343974	10525
11423057422447500004	22
2761008675407502567	2
12153838775440738440	394
2653900717278919218	0
10888152528851603708	273751
6735908016086327425	1
10269400024036371236	134083
8681719280215867576	140577
6745010776677786008	410
7136251056436235555	1
5170392019511561945	134239
8990508581661876329	1903
16356911589221133121	1
10233218840204628309	1
9096062416832560340	1
11461093704992875394	1715
13646864454150343876	1
7215555430037165179	3
10085833043295032086	17997
16684161626083605038	6
3438885785778615327	2
2747937371303450878	2
2117439563642131614	1
5462172487121657775	4700
7710013485180502637	806
1597984311531331041	6719
9094990807841292526	10
4394979463829082605	1
9827985204172120224	15
9476292299762918003	1
5994590222894849033	1
15438523976859994627	8
12079274670724448729	1
1834905389490942942	1
15108417917170811044	2
6657793265903562493	1177
13926657770884627036	1
182930030199854255	33
18029604186710151451	52303
13690540921056396077	1
5206776557548813711	1
1984025513814370375	75873
8500574370946763952	1
1149117275876704715	1
14058552202328542131	226
13090930679295632413	68
8335974505668695802	17140
4517478844238284370	609783
8254279997590670188	1
14289072048155166786	623
6141613747926043684	474
2533688003781550644	16
291176068568879161	15556
3973034835876093219	5
16493609087805254003	4816
12176328490798200400	323
7480142585675414240	4
8064565588755413432	16216
12318381053235585683	1
10911922367423907871	14165
1321818306152309024	31
7807507159828212874	229
10444118710836804119	2
8324992242651964224	394
13761044578831876121	59831
1854904775420045362	8
1526313448143447794	570
12705613212358940413	2
9177983438681232596	21473
11407020184151408399	344
5928791698154111300	800000
16592766000383462775	2
503387070562191088	11
17682525507041925759	415
1433842216738892465	186
6071767957452615952	698
12040435891652336422	1
16512380385337034071	287
956013628055948273	1
13877540845214313948	2
9947035188309899469	669
9845837336980862653	1
15808609344737578258	1
7786118184882858987	1
15524724650899325025	1
17036450603607070987	0
10724389262873024352	3742
1913913220050130330	1
11037290075753288220	5
1495890998954679882	1
15062556296932151294	10
10374459923087571918	1
3510527108381263845	1
16071989898334398618	22
10048875546240725752	15
17629003202490899861	1823
14602845913987168678	8523
5737191181832171705	18
318879584299938112	4
10418899086579118851	434
16662590832561751921	2
11460724483672759134	167
18303730263439410895	3849
4131548228820104063	15
6041046751566976388	4475
18122108412689039416	176
18237286081204254577	3813
16411276682815475439	1
1845766686956927754	1
9518956735269507772	76
2757364048795912161	2
656960545928732238	7
9485626120947984939	291451
9636922280798078020	1
4850734835191024539	0
18377301781828456101	21
1855989083684377229	3064
5231624471970842014	217
14714691791558992088	6
12128901964982478061	1
16559173156289653883	875
13518040531451516455	1
4800287129160477502	1
11298999450493444155	0
13075411466192471774	1
13949688696086363330	7
7405485435989312406	1
1601964693702243154	1
11540002571412598834	34
18445498928461061708	1
2067726598873446699	784266
11576975784006275968	3
15788250256069335466	35840
11441049383783488297	1
10890239185350712323	186594
13709531338837325982	1
16385820193960275629	486
17633281660844167521	1
9340045774818638832	545986
17423536236427576772	2
919981516692044467	19
4940799141311243827	3
12103925358868815188	1
1290806914186159511	1
5271651400728741224	1
16276414964220071212	1
17525958134516487939	20
18033612881726913776	122
12297532802906116384	1
5874802851772151663	2
10388022513947026324	1408
15411144228502386119	17018
10080409550180842223	134083
17701717445621213944	1
2499522039861038704	5
1977538894082451747	801
2073213012104053244	391525
3467159288602981498	2
16920062041348770050	30
7202578335069320032	409
150154891123793075	2
5878656077121171189	1
6234604060815616324	14038
14459653470370419788	2818
17345633854304144530	4
14486326982379389478	4
5128191918059791894	1
14003026688208900528	2
18150442084688449578	1
11154201475975675850	8
4119085532995558596	1086146
15127063234058880758	37336
14359708078672085583	1
3504377860031927401	4
14966444028509039711	37085
16773827050642366243	420511
17180211787417745549	1
6724887741466995038	1
10903138550517615604	10
17741021364863342367	3849
14189447715515093149	1
17717145238407253296	89
2096562743290992902	765
45252409681123691	1
7160612590810336332	143
12444976676909278756	715743
6782056400084599756	4
5765804049575190074	13
17252219726528050719	2
3696976893191292846	23
17820857863271202829	5
1805905951028365844	30
12039632906924156805	1
14683308297762886968	1
6019315074970135416	6
16710809391190115547	1
3663612031251302424	3943
12729967708694732769	27115
5003472907358957103	1
1733558393084119390	43
6390512576660937693	92
7986414318316623234	38275
1285343308037432242	1
196449155495991631	278187
17643431255282672174	425
7302755498797395194	98
6397354188780598690	4489
17963358578747943308	26508
16552679659221208506	13
14602295544257867997	986
862764334956356364	2710
2179115457079807122	7
10203449022315730506	2608923
2324390084990562899	1
15916551811084323176	77
7822426135945012943	8
1514705842985920476	412712
13981561984113522707	6559
9367930216099667259	1
17263996470978273807	1383
2694640550517206338	1167
13038795382461718185	2759
11493601017921310314	3080
9990414563979115542	4
17917578842399032703	6
18157968572903434358	1
5966096350700189706	108782
14044369461771264238	11
18392418374243421345	1
12351175913838403733	12
7753565195468772215	2826
11682878029957185874	30
436438302703682480	12
4449289296985083337	40
3514558169732457552	1679
18402010895196082925	8
9135765037161272819	40
1821755436727912628	47709
13199401824219213839	21
1895104426589166912	10
11321393355656511831	13
11214819797507003839	106
10141349033258068151	1379933
8015156230273815667	3813
10168697069155721800	4
12840899705913545804	9
13454331294397234128	63701
16137209992516898250	17
5599197253938405191	1
14341267159446502179	3082
12440222036722504005	15
434784220866683666	10434
1825088014428165180	1
14209730337741703749	1
10381609579546257199	36
15535159172807398094	1
6363773323098293783	3051
292245731838118881	1
7152553776298889911	1
6605446605423998414	402948
13233109200016345918	10443
8856071523319313956	175
10190340915166405528	23
16600019891999814477	1
1769302337834843002	16486
14138952683457478905	5
15691332761432871368	0
8237013983546397542	0
9854234658289962360	590
6996820287024324132	21
14407932488492245318	301
11397761125228723849	3
4083496866983135175	14845369
12070190204572700612	13452
4290546103881619677	16
10678596370191592473	1
6473330512440241728	9
14584014140405764736	1
6491610100052526004	1
9834053621764509321	24245
14651555857288139969	1
6531649857195258283	1375
12092431757955385927	8
17977503858217527203	1470
11373597634225057908	765
16566519501632618230	3
13670212345598567538	77
14624044500162046346	22186
10353083284043833688	40
9987761810896504354	1
17476710660548808121	1
17323645774168464002	1
14268504644182020685	23
9317028184564813171	1133
5165417184590613026	256
16002465101682992711	1
15997042957223891448	2593
528563775188839770	4
13028615927968088434	2104
5983178689983592125	1
6004581051976638691	1
7120540334178003362	2
17304014738498834648	2
2954926702269875905	1
6620633915492295935	771497
13015708443375144275	4056
676036440434594323	1
2404377060108599132	1
1976827404160278635	1375
9326599501273678961	249
6563550391875790590	8
10830927638613290109	10
17596985513451657331	3
5291782067991110729	1
16195606164661478015	5
10389920814891544631	1586
12498546216022414443	5082
2827870813448601599	1
4936876177156239160	1859
13908158345242445513	1
14718496711095820899	1
18227908599750976878	23031
6092933254672705185	1
18183812999338455097	1
5515418030975919219	24383
7913412956023585627	4
11994150958110476520	0
7722172489520276179	17997
13340672270696351142	1
11055805853079470372	31
2150842791372545419	5
7068766002269231958	3
9107037311338878490	34968
11705106319365148255	1
16584671077380782903	1
18351652557800656144	99
960601891089180017	18
9127293350073054402	8
1997459929161061441	1
788039188773373096	1
12427192702014427119	961555
6636389678011835132	29
15818359374635258387	10
10748687952238423852	2
16096649388566495980	153
17512758982309781632	37639
8936656505885614344	6
4633813255859740301	14
12559864304274057163	295628
9786512320731544509	6488
666861899327879450	2
14034143591907678038	73
9057415867656746097	5
6955151788097746985	1
14832649406664010647	1
2979334511673733024	318
18067389700569633937	3
7605839112499044338	1
1477498386191604903	117
5004336985150375965	3
4890552401188530764	4
5520889670763531362	1
9391643021750215088	4
14870958041534978908	519055
7630576227578399518	208
15830012370947730053	77
8387729328713641077	6
15996139408634043107	7952
1097105560542162724	108417
10167996343493471634	3
2964329212208801540	7
16582830485140571493	1
6447076986830193477	1
13231631212861376153	1
10716230728383413336	2
10224919035590151653	1
11691545010978221824	2
2528041590567304057	5
16938481068601108365	1724
17174197471179173207	17692
12352305933215470280	195
12434678719376124458	1
3024975172797375507	33037
16852699533861027926	1086146
141386453033978334	9880
7486445736854613466	40
1272786964820551184	18
979036016705888663	14
5018755073948860154	1
16307929338430996711	4
12146349565694024995	1
4630356247513299555	25
9508875993598226948	1
5787593478330181690	7874
5272025444690134170	2
6720950313850477794	1748410
17412598660693911860	46
5795983801852016330	37296
4058554199601652722	1
16993995149705800820	148132
6563738584001711363	3742
484508659787118411	4061923
11790771734287431409	68
13473877359629474346	73
5485752616919144929	12
9353452471109622094	175
4500303509707614975	1
14003149063418022159	17
13081747430441866387	112
697599047494618925	12
18235572757073570172	4
18166520812183752405	762
8607980283466785867	1
708630683188466986	2584
6815905124938523902	51
15906468032078539679	22
11933849132363859005	1
10215327008810356790	3
14422078053158831029	2
8985924702160178188	291
11178996368492877404	162
15598004997725976112	358
4006657747481831193	2
15014721543171035316	95
14605150027467515875	3417
15554510434421228501	49
14626033895463286674	2
12903708253316096250	156
7017871823160251236	1535
6878052323561104605	23
6513329850732007179	3
12997859928263007666	62
14918752008742513855	1
17872158946921519339	34156
1113279335870342662	56
12562934923313313596	2
9564369396078668829	94
8266754461026059310	4
4693448525957231257	37
14934388517386936749	9
11120542519941066584	36
10350986518502304661	2315
6172881222846956498	9
14438509920251240490	38
9579076940530402593	9
4611223613410854360	4
8452513348829128581	1012517
17618544787413348667	682707
8192546837889304009	3742
823468595015814296	1
10954546852226354803	1
7525571094065292185	14
17704814066451308482	1
16834688108727265364	3596
18418441372182396091	0
5534872189333863023	1
15548075886284486907	9
18169231393480668875	15000000
14367395797316257033	1
14018635400157513662	102516
10805822592084853214	1
12917635221010240448	195741
8395717293220127181	72258
2380221453350562004	5382
6181592372145851876	25
13699787422629446336	6926
2117287621369039820	1
6026978718440912617	6
10921942720449922203	37489
3355196018941538979	350
864517988848215949	1
17403692816288442649	1
462085536804256162	3
11854225883273240696	0
1514644530243060545	2
11312459556303988486	11
14608368197021261308	1
15251093533587550807	170
9500298984399839771	5949
8547824484892317823	33
6605699454015721062	1
7799493088089976733	40
9624519998398461994	1
1611763045241202036	1
6014523910040639961	156
2967429559650104361	1
16198850840360366780	223
5628154372520291618	6
4410662463970116139	2
7274216502415182716	0
11705193394847927753	5
16059334085732863132	1
6765079305538651006	1
2898387109792024192	8384
13560462918213594936	389
14789832552004129510	112141
1667796070124012150	43
13481642173633016406	29
8180042229529257067	1
6514767523047893082	1
10391834452422978711	40
3435498812825581913	5
12967725940671154536	30
4413892781603992499	4
15840979869608309487	2
13552185402130784711	1
17693333192465236177	1
11279137751534387284	140726
8920109378182846184	43
12883626568059407396	3
3612942608338945223	0
463539781655547373	22
14450965590717749769	15
2770679677741450363	54
5224960211592656172	1375
9779014969593985667	4
16046495589010516009	948
11968046944989024444	1
10605318344288870084	409
1784540884183676036	1
6288692899742761170	986
6914709811634580495	43252
16799362115814397107	1
5917566810689950219	16507
7889791800739279735	13
2910643006879994833	3
15513095782766892647	1
12998062892912000509	1
7060348972783010639	5
12401269983605026537	6
12981579254008955277	57
8837742981717475418	1771
1938840117767155052	1
17487056097079510399	1
13146722848926326941	2836
1106321914893979398	78
17962526970630602684	342381
493074673241125158	1
13257116984683066656	8
14995142691703924468	4523924
3900556753289705399	87293
7394401162792672092	15
6280879456658345448	11742
16360877505973203925	31
5413547128003055734	24
18198364411690138876	35
2176801607165868565	94
5529882577925251669	739
5387535032286568293	521
2496983372378905213	1
5399199424519227029	4
12788102706842981448	70
17500412160794676892	2
4822616612227540295	3255
5949662951857909439	26
17793190212318092837	1
18087900890135880166	2441
8293560136541046083	0
3904227882685574679	4
16986981523708135877	230
6739916897558578349	1
11295043583887025540	10
3004640616225760763	567
12592951115161613002	3866
7557232428100019001	496885
477349206240497135	2
16121777925825335729	1
15584741441215605512	6246
12032398163908852379	1
15638915161744667609	2
4777737505133770818	1
2184285272187946731	1
1293914928727999708	15799
9072964868131347421	13626495
16225395862065631286	24662
16697668345291270039	1
2563983582253558178	2140
6199295938433611923	1
16143129566766974354	1145
7748484663034187387	8
11965489068530441413	233
15178757053976933904	1
10072288617724227205	37448
17741531046029415225	440
10346849177106252398	1
18196105734048419042	21
4992391804409061074	1
284723906698013829	28657
4613848573557894482	394
628135192790122431	1
17187108499021493795	72
11260748089376128468	1
7736268334922936670	0
2876577046911558676	12
16489929761557767547	276
17123437014168259549	14
2448598042904366617	12
9895932473285368117	33
5312038190813176487	36
7590574448678106965	262
18165700494095501597	2
17610347464232162398	3
3649922503370457220	0
806865078364414938	11310
16854162316477833680	674447
16695146377112371849	8
14375589984805058996	1
8452794514368193314	7
12216290574739675311	3849
1236830704939551929	4
2083367180031419646	359
2322953567172449254	15215
7865017321266478820	3386
4655236511884968239	2
8583013255253892865	12
12162416507511944534	0
268319274481779036	50341
16002342778100250527	3051
4571609290236740079	1
6992076455886790733	1
6605967847019239066	1
4745387620322954933	1
4895588794862768200	25
7031790385820549819	1956
6643158145706791328	50
3139101928694173266	61559
13759350620324528873	61279
14900492714995256041	13
12946849876560367622	1
3754050404472169563	60
16426519271577972892	34
14638119872475954098	5
1475955117184694885	14
14536747090567174152	1
11382738028974557469	1
12426446037249419524	22
3788573216909422549	1563320
12500352123645513169	4388
4549016053800032103	14
11617155871850118767	1
11388159997707364123	285237
13760477111612571897	2
16676721633016588424	7
10642490311662212301	2
11372136715056977404	1
7546616457287934525	0
9280612555647136968	22405
12867818334043264284	2
177197977117940492	1
13246993723055469533	209140
7195114892968419870	1
223919403721952385	6
717352244854581079	1
15500250736886688534	198
8861623198582860334	5
7782021287474352388	1330
5859672659784949525	3
18237683491980037591	1
6696039046810956456	19417
16555892429627960549	176
8066855770476596557	259848
14861350426306997262	58
6525097335243894200	1
8214982031785013253	39
12976781519679907067	0
18026621143875766784	1
2716463668674036995	655
9079975928965665206	1
5584705848437463688	227167
17073176879916755545	998
18127644420907459060	2
8521368107717778589	772581
4230648449904618093	194
14376995846980689851	10
6617143167698104117	1
13758353416390533056	1
11760007232768575425	4
1481494820434959413	233
14164137210895619778	3
2367144264171303237	2
9653942603436054380	32
3397736012306108827	168
5611102262584336704	1
9413151192011369425	80447
5579218107120623298	9526
11238767885405199574	1
10529301116016807250	1
14242881391288383014	11843
2454103405525878923	391525
2285470799732220065	1
4090846656681662398	1
13620174769492182519	10
9374630055818072292	3
6537860216698115895	20
17453526895037052252	3214641
10448153715448603241	0
9990459324360998329	5
10668197510763703884	17
9131802677794479768	5
14479679348009575753	0
14489593435424940601	90
16267806741251201761	0
8580197443702835128	37091
3554190872482579935	12
4760234042957378529	32
1544410116206231461	3
15958040420634647659	26861
15383833290526345395	152
6891459601718647523	1765
6779041838977542776	1
18104136467901156167	1
13115050644245405745	71
9600169012919935313	6
4200234296334102313	1
15690560460305123964	293
17219006511455597782	3
16218443145814334874	2
11217787253760292747	1
13499523943587531394	19
3079875903914102184	1
17327202062484216080	4
11097217950979434539	1
17775555357562033697	66963
7024704239913381281	1
10013683731402375925	655
286073071685451005	4026
342262510013058139	1
10502912084302055836	18
11355549682660410803	3515
1210198912905002880	1133
6795123481318415476	13729800
11104118763031230930	6
5405060664687146630	58
7088300917111651299	1
2261536056761094673	1
17009564783412033499	350
13664197956233954434	18
1257984111437568882	1
6123428404261804699	6757
7335871322200702630	0
17217811462168424606	477
17039489221709475914	15967
14413240467842327630	3860
11882410194966005347	162
17484975929444708966	350
3258176671704678468	11
4941194576144254288	166
13539862613472746262	13
541552582854180225	1
526752546274652601	168
15346058349119298931	9
2458495467400815723	77
15508742047551733047	38
3216846701050954597	3
12607726079337723622	5
13732533862518237351	1
5998288617915568575	1
16672805190579835534	15215
12970849135183378163	2
18292527590221096758	36
14831187629077999007	149
14975972954309728759	567
13827870783232075603	2
17881851940628960296	1
9376416014162383541	12
16132452673500248227	1
5254779434343084626	182
2738446138951495957	1
7252016409550302030	2
14618783000372282102	320
9922797519036930476	1375
271672101783194874	31893
12304653675233882004	56
12510585589752341695	66127
16834714278275932433	1
12045955486555016014	5
8742004146497302508	63332
9791633498957830084	7
10769816018225624948	1
10970044371737356682	201
7511449191692454456	79867
12869223584075962252	4
6015741756361308394	2
9234633509923933120	22
1917288541743337250	1
313530785932370454	2
12966748375816633199	835568
12023808151095314106	47789
12795159470158192106	2
16634219043136498925	1
15611617400473495887	7
6451168863661918436	4112
9146189603587572924	1
3387593041883190451	168
1817174002419525783	1
2327904623055778848	340004
5768814921051167937	4475
11257534424000591398	12257
7786479834974916684	1
684772593336399178	11493
13439470682312990453	199889
4738976996469601396	2
13497744738742178865	4439
5282558603716773733	20
7358256051500448297	3116
4746071622986908400	15
1573543168487077950	3458
5813577833256306937	291451
14935238176565686288	2
12859060103052144051	9
3062294144647195738	8869
15625476252721693745	4
5390911119438461860	1
10061988089562151441	24091
14896602877977041109	10
12022731092183056726	10
7655905816323372555	1
17653096117855897867	3
11488026190092283444	1958
2066031040272691681	1
16078325038446150393	0
9976559605438646849	3318
17209753725645941452	9355
18209428702215611226	1
10109603332208665088	29
6753087532930183599	1052
11611273746876108201	1267
7586698350296765645	1
14779067099814999308	30
5731730464591530310	7
3242477537609706497	50
13350628338622195653	2
2824840933448688389	3
17207972558730424478	1
4811031536159541383	1
7632612675642033241	235
9896164341140967628	2
9909517871353425963	1
16057490807755119254	14
15252968116789454400	24
16411654542650028063	23
15425820294528842741	9
56622531522358829	2
2388572105529523338	2
12963994654233425628	0
4674468931713787636	1172
11328646928736442125	3255
12228717854111793828	13
2033092994290622411	435
9934776623229796240	16
17494198801365487960	48
8472331267266432879	153897
13410883893012327122	455
7495702675008116046	3742
11082232918640715555	200
15106772840679526996	1
3058934716472250671	17356
5922892919466468179	8
13207809936381456685	4112
15366832100193261839	13
879467616941547068	1
14510852832171384629	12
4392425905888029936	3
2478224094287101829	554
8332501328122271548	217
11482583079702287842	28584
9971201762068769409	4
12143723499743791354	11
432172401097773861	1
8650610776464312445	1
13673201034418655402	1
17641782964870232966	573157
15937637967962439229	5
5132635952523478928	34
7295587503623134195	1
6110996334799216597	1692
16114921721522371201	272
7191736318252901097	1
6822079850167923482	1
10027871618191025001	308
2241515838702316891	4388
6376399818744050501	8
1087029080347225922	182
14811667439737770731	352
5724265583106397335	148
9526603468130351858	1
821513397182479868	11
1454400277425191528	25
18302948455526882839	3
1610635142178960797	21473
13006552628945246916	1
12517590476101989827	270
13394760092205994354	2
1391125502685718922	186594
6987379130666934817	15
1793109146670533422	3
6912739002368766632	2929
16314865592993261451	1
9357315886104077313	5
17870343400284510756	2
3875283569305539338	84165
7055265646142813077	5
6380472006077611447	27586
7154219630905441382	2
10771748079549913167	3
17513699080568326217	5227
14139212318068890680	320
8641746877784334402	1
16088766314029639044	998
9838174083146735386	32
5186026678129916660	282
8634916441099041157	10
7364966619242396278	1
3345294591527937514	105
5008644603388535728	4523775
16971315889631726385	233
17745500296541248402	1
16407320553140461202	5
18115213743309110071	50
14282074644531020154	65
8091268444769830562	91
7332744989176819944	25
10557908217396688853	22
16847106325259449053	5
4324631267848952368	8
17006179013445420562	3
3042237634333527433	18804
2948285065941543387	5
12152848336384919948	1
2410502478558272556	43408
13558701454709855254	12950
14712079715296211209	10
6236322647592905161	20
3372355196028553806	282
12821655760991820420	6488
7169710392494431901	5
4590167726120148514	18
18359708218230151909	20
2949296929220917316	6
7616629144723763293	2
17246805180755665619	2
13714231810265454482	3
3557614679636052931	3080
9053652223952371982	1
2232679419160688997	8
16741726080569428708	1
10645553625083282681	300275
2685788124774314003	195
4373614725836063779	11
1432792048746258707	15
4351540437483369147	13
12335140282378154315	394
15908157243895047061	1
5586244997325121493	72
5274888937504436753	1
9554970255379040112	1270624
15895681834676656889	2
8859177938351848298	4
887733818690219709	1
5100405336755482303	30
4430334443577790994	344
9840547071648104951	1
13941784882388381264	1
6603812001691563382	3318
340077239388585673	5
10846376835878698477	1
8536801823990453184	6
974639735468705684	95
3666504492364360998	68
5518333147241121329	14
6600745046362982131	7
11516583274239831107	3813
3340899562042215497	4388
9780618435391625750	17
5476770154767709628	188971
2401829360143810405	1
8727942297592866293	445655
6585916292739335895	37
8888755316425525951	2
5327995193299643347	28
5864135214716352820	1
2313082664849964970	164
459996587208755435	30
4672668054059667908	1
14126715321731412672	18
1372047619859968595	1
8142713418872541019	20
12701862275602825661	15
10248043188294084704	3
15764793220411800945	31800
5493210000397704497	6
6269715946282869845	1
11337158122272624592	1
4323846640666494909	2018
373299713159624955	1
16759590801461517292	1
4615394061884428117	1
17091601608340529160	13
5023146064206061501	677422
7684429597852690204	1
7846012736199011093	554
11583020833805125860	1
2881926453462720458	13
14085190730864823415	59866
13705453014997057556	1261
14942652193829450472	46
13802609825766957139	1
12271732995256403314	1
1173115341239492501	9088
3271341811314576127	2077
9180561044751191587	40
13425956366257753051	1
5112553445841728421	1
14074103188495120517	32288
9339779124984465066	1
8085240259129046461	12
7233081485834808911	11735
7362138026082002807	25024
3398879137606179711	21
15464973267960681117	1992
7529680977682802242	1
14825914019518811050	1535
10569998145722491865	1
14718424352169110553	498
9238294922555315997	1
974483878477953198	6
4298513324518830107	6
6878616620663787840	21
12941620124855558319	1
11188602939233917755	323
7834066787521561335	2
16198121350755070962	1141
6851655164245963840	76
15883264022664334186	1
13324131922225044422	54
8524209427510679158	71
12191702586620728065	28129
13824071053038017728	1
217113040259770351	84165
11955396840415667721	0
8865539415912610528	14
4033704152995288107	2313
17829016093170631295	2
9087213659655188904	2
9495899800128752241	0
6628671169592222800	1361
13528124913133583942	1
10954837207880581530	5
16758311828691213243	1
17334865461653763320	1
16113746105394676706	2
13735718727954385598	43252
13256344053527350945	35
2357879983726611862	5
15904637948085480213	3
7592644417086737733	3327
7845989062960663214	1557
8500710087854311892	8883
16962888429536167628	7
13085878720901893984	3
3144326910038377986	1
12292101774588714387	7
1137029805134962546	149432
16255912880021063590	1
15342714748718704158	1
7184183459775261457	4
4317058837842540329	41
9945127638520107068	3218
12387708575005548920	1481
1920661692161814061	10
1236617278615141135	842
14120818561431062963	1
16436002013426852583	1
2364381469093302332	132
3537113613549837855	6761
12232046151683503335	1
7898976990198333092	22
10522037902465698177	13
11525820012631356950	4
7807510879865060152	6051
8422769749960013404	314
2022599734400157165	57
7602460820758287741	43896
3728291031425296162	4
6851083712876047449	14834653
10112004972941385050	1
5688062518830808836	487
5349827191353269693	0
16538971934434503010	316
19217995680239736	1
12627521416450712382	14
4961229864106349912	1748457
6962671198471780636	394
8463101097074492521	1
7057180612465871834	6
16654832819187637232	2
14263143617552474086	1
5264429392782461858	1
8202397903380093669	2
1305943266023508263	1
12785057617413428203	410
11398048154180649581	1
14632341632752609205	1
12592052371428369955	13
8352565505466167097	1
9445547266581628041	3
637969123228338426	1
15280439224739513655	263582
11151126587508285193	1
16780512587101019065	1
16474633888296214212	4
340597152603116699	9
18423428076474943781	1
1430090266565770858	6924
9645779331585379403	80901
11656138191468496221	23199
9815089098128153687	20
7987828187816821703	5560
5773918591632312744	1
11672524721518109936	1687
1887539716024753385	1
15439384292631335551	12
17923024491620620668	4026
10280453072983255552	3
7901721280746686839	3943
11490765793810137251	15
1966574984114434038	3
12657410992139101170	927
9557060613850775402	1
8268168851215997625	163
8196151737582509911	963
7251089509299817790	1
14358095956886808386	21
3513884963178927434	227167
10321263415118543530	4
2567189142144625362	1
11773722563478357841	10583
291205385312468039	1
16359370395899870498	1
2661866150887339506	1679
6147416426734871014	308
12009111915177205451	44
15165228310972698967	694
3078976638677880862	77
52364053266680505	2349
2407450639923496986	1
16280658932810081604	7
11098748498921442652	7
1271182120960220945	32
8567130381601424974	167
4930270866706894498	1247
17383347109147642586	311
12028650046787228682	1481
3364483408759598618	7833
17419989536134851290	4
5366864668613327706	1
13838691571458736552	175
14488508949183691414	1
5515638653443000906	2
6247675917608689203	339773
12941192687130019450	1
5576695306965733806	1
17491933935515820903	16
6345478899485202594	17
2839832610558304953	1
6505965462182043850	1
9249604881928511435	1
3676678299771557023	2
9673612362930792507	76
17054742423912905281	46
394931188310131985	46
17009119988963007038	4
8828719370662031358	2713
2646691289857906804	0
7734652903319174745	1
9489853845446684397	3
4287350192377034934	68341
10140181183018402221	1
17060298267521203264	2663
14757797901790122322	1
12787992201901044075	53
16269443646982292693	2
9395384152291448057	1
5524324713890457232	3546
3149704035276519354	6
3524909131767198976	36
10360413749810955552	6236
4012746532546055644	728281
8840043064446372951	11
10596774392213315313	14038
14600641027652121102	10
15902513566134922713	1
5768560172175819172	740
5890905819932105404	135
12540507432262068474	20
16270482935605484054	344
1016598248293335395	53
7929285528458333444	931
14050963647677971965	494
16248659811322790450	1965
10332852803845864965	18
9650929197782936332	18
16900985569357564290	2561
8995876006978176411	2
2291375274111130499	1
10120797257923371152	11
12329241670414733417	2
7192007582681518381	38
9820471630326180388	1875
9774325252698281914	10
12341716442229477464	1
8602947419878141182	19
3509216163074348906	1
2044705458874622160	1
5460909207355558381	1
1204977378520783094	428349
1717369938839997078	108417
4243438040786799932	2741
1484239893213840566	1
17600310834550560746	4388
14904889504041926191	60
15098344897387191037	334764
18373346287720239987	1
6240400460929378937	6
10934264462031558876	7048
11366276376431754824	925
590721872964724839	9
15516557112647603083	1
14266112933348610766	4385
8958791121938300604	1
10343931838892164857	46
16458214819955788143	2
1431192748672837436	923
12021185155299364942	1
2781559241673350256	198
904605125854819971	166
17474925778272611626	1
16610118788188183755	669336
8613821102713320933	1121
8977544011158368738	1
16939917136194295377	0
6408931428549207737	201
5596769259334387085	1
6971443104221091317	1
11062830200271332154	13
17410691548994022076	355
738825118361249259	78
6477298577873613922	11
5526180577432433392	1641
13942027616996441561	2
11522861372710221781	273737
17551665643270372099	7
12298601009218706529	4
2649092238633905092	1
2662922718796046576	5
8002410951448556700	7
6604050136267769804	13
16920802304527708437	33029
4945386113364146311	68341
9638784521001054351	3063
9075403975206374942	53
5101347158409542157	4
13219844901693216628	948
8644583563995995072	11761
18126491527676879792	747526
12047534106970503239	28160
291144727055677715	1
7467041357194553023	3
7666329573601393765	884
4340503602283837007	24323
11092345902495323085	156
2373986364842781227	3
12172986065075321680	59289
8104584522067921852	3
14744439230007283179	6752
11757957100315375355	258
144751756064811220	2
910181373474073074	10
10670300624666139915	2441
12822906284404128883	27133
9023966243551348119	4
7716428393925147417	21352
7186375648044706785	1
1231502741502938111	477
10898616487764643509	3
12208598222212219732	92
9398202427718753231	1
4584080183586739320	377489
11089927646691572646	148
4851597900932376131	41
14015528832346041675	3069
8277040496541851995	3
2761879605747055828	15
18376220970605708327	9355
5093426531748335965	514388
7516110940999890728	2100
1302900875058478082	2
10440027892313904644	1
11406271925316166424	82
3703611302881790842	11
1311782807160912215	4
1188805888747295387	587
9970443259357695675	152
3369440188164073247	33037
7630373306839077468	216079
15603418179643872229	140577
14888125630325502802	2
2069318946577397726	186
6774125592286075370	1195136
2251443706855464681	4
4098401210664710315	3
9680916488958920230	15848
2319415483404465768	1
13796944050970451960	3
13644521585386314698	131
8005552182354144478	49353
13020515855037552160	209
10492748933322252013	10
11001629288103822106	4
5749508391434081165	17
18388626935084190986	1
17900784481140109828	1946
3820170197355538502	220
5037197719100581877	5438
547561290711883194	3318
13676150969841932586	6004
6459704342527526085	270
5466184936206977887	1
374986519010777023	0
8533655158145804751	19
14058200323749387627	12
1726828786336860840	8
6461492100461131559	2422
11253753023434583986	0
16504577314034648804	1
16041969527291780275	1
17601608076867838590	4
12074927905422820090	1
17817612581277859116	2
9292467279437817741	187
13476283663006526007	88906
12686516281880600795	5
9346315463836234412	41838
1725937580550669919	1158
10626558743528665847	412712
6865271143491272001	540
5738485771843989516	2744
713933543271608406	1
9912643005103555808	149
10654602741431722278	8010
5363991173291528775	1
6376079774272172509	1
14559550317029052854	5
3481430368978465473	7
4142918553890227328	29940
3036839395769998211	115
11709726993368099618	47
10372293364482023889	15
1919491592157946081	647
11613446561015910319	3064
13925445883558367279	187
13831129710451731766	78
10162507096737132939	68
13939755839937039520	1
14910908642573311200	7
5908086353902002675	3
5249348509157848299	2
10767951753978306499	3
7724539223526761251	297656
10398129160917820310	3
8839211818616577946	49507
7768384135545196006	3
2665601931492948767	8
9266343820033906180	2
18205051794385144854	2585
14932123433452856993	671
76062014128401657	474
18042635983573098117	2
6893154136330398732	244
1028311302572091116	394
12994017596010568611	23930
2190738968716221490	326
9402535957358026811	9718
9958706108251476495	453
7037210216816255245	31
17155916498793295718	1
3318540603497240826	341804
1197010127320558871	2
16887723839921247274	1
10441359628874667228	2868
2089295475088928143	1
7637191152876596089	32831
2188380496761531730	41
10921277001385218155	27
914889335777469989	12
6229140007472978884	2
222001211921098275	156
3523673004347270574	358
1144421945698317840	3
6742831749985464855	47387
1821632444431758388	2655
2537492238379923094	16
15517904785116904575	2699
10298328003781049642	395336
3834818822939133984	45
6405761029793815803	134
9358988221013339659	16409
15391228036905112864	1
638437577305044352	1
1438428041369122542	0
3891325386959641650	751
15401718572423652488	289
7629279136085745066	4439
18093336042016903307	83
3386115319629076452	226
5578049498250607001	1
11593038608382191371	1057
10919394632804824584	993
6280035258024744459	58
14647240524190919765	1
13576243225750338283	209877
3518136568337192974	8000000
6707529966601351279	7
17415611922158336166	4
980540663558650	1
13216687014043923754	11
7799818105215427123	694
12949666635146684265	1
1225430807928801921	4028
5747951351782803615	11
13116789658858581075	1
7774019709479294353	153
8376924659771243432	1
1685666711249982899	8
11748200983447334834	229
14001177485959786008	70
2585032882789016690	0
6973977321623401546	226
10156419665312156613	519055
8292341618463631014	1
10097883252394629591	1
9188931342717716187	1
14830979569153517862	0
2059842035949328803	43408
8527754244214402690	2
6364567070212835351	3
3921819526023867335	9
13480055388295391789	1
1449474782403013685	1
5733482775183565729	1
14762213769796481858	1
11131830718547423360	2
15609438650952332173	32
9339845230285443698	1361
10965981973681030893	2
1206590231795620847	19
8146028344659373514	324
11490255900597248883	1
801866197875113657	35
12506352360251922771	2
8737205444383531688	1
9603400652272065848	2
4208195462261789631	15
8930583882144944801	27
14194077530120657388	228
11296628784201327248	3219
9624184514730124475	81234
8462407093077920752	2
12184121308481934524	31606
17443346742454296355	122
16359053504881539826	5
15410649414530265594	2
7346221550521657310	1
2208786882878561205	2427
10466365491569334994	4112
16811562495853378477	184
9498275506832636928	13
8580928112412729905	3
18127465932845695724	1
16941116111529473926	35
14251503009678271477	34
12340756938217320515	3
14377215445661984598	37489
16649401543474844668	25576
4122174493779227254	369
1877618729245197850	184
15499112016257622709	1
8252156571962643717	4
1679710143023773802	35
5526406281492154519	13
1597640415824995676	35
4672885713833197001	0
3430949259734438136	9
1287702618823200764	15
8350287108779412716	5
6436336123723388602	2
6219953281640709265	54
7031036371751644862	533
5160502907685876263	2
8499886157028160848	5
8225479412537738385	6926
6731049249626812031	11340
10294513411731864929	32
16171760382858270012	363
3891325307935182569	1137
18419913007255858506	2
5138171077081094007	932
3060950691922732079	16486
5544477193983634885	4388
2180106373320706590	487
18090170469861691784	10
1460262109396567590	4523930
11857987980692676520	1
7093568242715143202	29
1999263603144611849	3270
17164142807197659683	1
9852521432886420640	452
1109058792712646602	8
12431116770205902840	762
7478101547219175065	53719
11127677214615537656	1
15431449606499713420	1
4657653155799838051	677
17960292839162460629	1
2156208319235710709	13
7130697253018340689	1
4831331618156916168	1
12973620956926229151	4
14921485260134449486	7834
16228195190422171451	1
16102022961467352252	1
15035644143239330561	1
5683883178288255824	2
11839885966513807163	929
12491628739267181839	1
15886129725592087557	1
1833300991225509835	8
10846704141317943895	11796
13394184723727134626	41838
7124945970262897094	1
2655124074773351444	70
11018193248995993898	5
12123798169939602194	16
13736937484635021105	6
220920650327146232	5032
9897655356415528813	31
3461365956524127534	2
5477264548622535873	1
8558103962249029848	13
12215339576432813173	15556
4606721622271015213	1
6040178017579626114	2
15273130639513612599	1
1173106700649533746	282
17997144947351971195	2
12697351117489338846	1
12018946670689069836	10
264085643220128306	217
377658354469167204	2
1613581309065995207	494
2101294180350014342	7564
674300235783909275	1
6373636721806747785	4
12676569080610883195	184
16557368501799548026	1
1464553995012086546	140904
10083320605586576476	1
10220918522794656103	2842
10676648661572998005	4931
7915327816248852308	1
15861897802053562899	186
7259689665263428873	6152
4825432991679807615	38693
16933378983819420287	1731
12879988878957227344	46
2496923433264480112	7
203555634049996135	1
15681525254502900529	301
3650667537137999443	2
13159294324417328776	2
3452668069890926142	23622
13256739216633071913	108417
14203596634962413714	614
12339841816009006578	61605
1700151570413485109	1
12513471118793425034	1
10256626886034774786	301
15134489674344285961	1
4515108541746866051	2
5685550821294805884	5560
5330985366963758250	2561
7143311876111386975	1
17405945944163020731	186174
17151549029846073189	35
16608765925758429778	1
10251146684701730224	12733
15275424669227936205	2
68946668448534802	1
17816481724155288509	4439
11026820042237576440	1
17066127333251382508	38
6418776795157067109	50919
17157908015743522267	77
15176698289344371167	5
935933176087419170	352990
6562115744133349416	440
1220921751610442096	283
8952653505696384727	669
643236827166104841	0
5270262729433307785	6
4091608768329944237	6
2196159188465368425	1
1850206427929320832	1
8876773412833708304	7
6771443467578014450	12726
10949669181613472293	1
15809166406186615951	12
17887329187927694280	24323
8450197751752723310	13039
17549231757417885038	1
14688678710290508490	1
2154005050225311164	1748188
9738603133318622672	11
14789311591150876356	1
4028185500752620608	2
6207323726170070303	1
11903723224110919035	554
9884485223311859529	1
7793509781284184174	16
2158553918539375672	22
2952116652818740898	15
14309405489133149390	108967
2461576856991376719	2
5833195501368829991	4
17878037974215492735	1
14870126902972694109	1
4169764678656384402	342381
17891128144587879595	2
14673064350847509422	1
16119791021757396718	3
10477054510537744325	6
5857601542454709885	9
9595119381654099616	4
13812120143432403170	2
11629580083264278349	3864
12932338212016609393	3313
15449791219205319728	14
16846599256468950607	6
12032869765089321176	1
13678115806086692340	11391
11380561251064983566	1057
15087353841502458909	1
11233087527398253696	10
16291701854480361416	35
16667551174651600013	128
3757763246126264464	1
8442842521118911902	2
11540101376467694588	1971
15905064397243940365	1
6816644223828035315	1
13978102941720889614	6
10942190919705945994	6436
12908138525954280184	6
9283746054857903043	437
12525970256553688978	1
2421662185624279924	1
96757436055554086	1
1975622682541674797	1253
12875855503658683700	31
14887527375830673288	1
9714913344172763259	2
13017641795715800974	1
7779759009630681270	1
383655268816384510	68185
963619434488678765	13
57670125625606920	1
16278173970761361103	1
6510308811378906769	1
14302717264985972047	1
14934525949251674885	1
4197852810632154674	4
4286208001183762293	3525
15116167564519690770	2
9344716920259060876	1
449276618614136087	1
6661666355304506883	2527
9881953022240787625	1
14958142234416799040	11
3424898237827218218	1
226079318574815838	3
17375444842283394929	1
6152815950454215956	1
11898508273205989248	13
14743418386683807320	1077
8528632767864918955	42
6661968787687502845	1
9690209930778476655	291
10114478886511111351	3
12888964825700878212	2100
7062679987532209349	23
8328804926894605854	1
18248131189612739587	1067
6627035682563857743	2607
15797325631568833884	38062
9162405225272341374	2
8194269347000697523	2
5178590001315304127	1
6408820770312970595	1478
14394685854619239670	1
11326009991822219485	6
6261378791643445227	318
18110426863994447469	213
12556009594147742419	570
871965435440047447	6
16516340277116963033	1
2265094162611808471	1
4929070495093558138	1
15176497872617331005	23622
16984702586169228462	2
4186820244066445468	1
3636637292744922344	1
14854070032342722674	408543
5318795509698477710	1831
17454796413217868553	132439
14969093842853011376	27
11668818831840607767	3214
15858551201002957543	483
17754150270239676844	4
13624302767645574158	2
11104923568880251023	716210
7676494978392139851	1
5582251023698766075	1460257
12949950492555422123	3
5028122834134217700	1
8503787284869430778	176
13940803164980303701	230
10378354619358952089	2
2539582558284006924	7
11435961169056357524	13
10059156616119618484	55
1395772878115084711	14136
17901224542453126339	441
15759812481384354619	871687
17747492790890523668	12
4712850364478048552	12
17869151456266070303	6079
17510298080354410220	37091
17008860637564846162	9965
13061634429865462144	34892
15162288206551018767	0
15595528691172329978	1
1989975496322293532	1
14032592992886496088	276166
12099496652725317663	13
1786810362009569565	1
17344691842832350764	33
12506540767170662259	1
2812887159977083327	10
9861173511605234108	1642
4672110184725748777	1
4007695391308833466	1
14793328088452694477	283
12695263633789788014	2
10690241140771667101	3
2384766554527327997	79039
12831291229924623897	149
1436630994839895800	33
12433854448564609468	1
6073286669448840303	3
1142747925890250856	557
3439201731601674223	1
7788181462391181960	11860
3152978953390797981	1
2018204671938213970	1
11360886944660093468	164
1733851015619255445	21473
7094438409646649	7971
13448620702758088120	10
7568109454538067091	1
16147648280242467727	1965
16139559983444780255	2
17872959872359298096	10581
2204541298072255027	1
8744613712660512187	67445
14674656878803376223	3
14890485381662476511	52
3071875037330765034	1
8399600362829938383	5
14827900906136971712	3
1927629387904733231	27115
7883107123981734357	5
11568267401184402955	3
2249988157264745574	12385
1744699271499116201	738501
16558721796769281190	5
1465451742558367081	23638
16043173429301052115	1
18006096789005816431	363
16697683419302161889	160
14725749347755607729	278
8547335317013206921	1
13271043574243548807	1
9712263966899649127	2
5050419361540596626	38
13471922233086839624	1
9846000080143820156	74
12800580362324424477	217
12664841816568519974	1783
7234499842691446442	1
8473989799234692353	275441
5334951621402912624	329734
6057258681140836298	24
10888304856729676337	80
9991230802130951715	13038
1819390334160391150	9436
3227486425325629926	27586
18068738424773559664	3
870503421305675849	1
9325795080939286442	23022
191276057386643561	4
17491196397659554047	549
5586554005624774425	195741
818319277960523424	2
10460494222089204200	10
2084415400964340908	13
4660127483159988126	50
2778942358279906461	2
6021611636602622512	1212764
4124003416827542540	1
14005031136654187729	92
1425020457456763485	1
3460648496525118850	2047
13983396419867606324	87
6703561112088064222	1012657
1622305233314974294	53
11973389184144883368	1
16421804524695674566	852
1832434700405474923	1123
1469132757224579184	801
13742825609362454125	0
15447559381790255324	282
1544423843530203808	635
1508115737309113969	1
5352481647639757083	49
16136732324374129822	2
5068108799709537354	53719
12654889520388938098	2
10617914270069119627	3
7149480039189780334	176
5933725277194886120	18230325
5645123810734109889	1
2377126388553015045	68492
5598580756176192737	15556
2620839424472194396	2103
320650943829097221	23
10195094623193221859	5
2063314241794422444	452
5614216255732363229	2
2274985543066405755	9
907667245422927851	24323
18108426957047113396	1
14923929364740888991	945
17490406638223415121	1
14662742398282897397	9
4793398757342050508	184
16589412468347648090	1
4013942045734087726	32
481259233291014614	1
3290216684621193470	1
7925325114674881845	334
8063157148958870020	2
16862244486448669196	499
11157329955492489374	11796
8395356707709008653	1
2374454941469484042	3
16139183217315089043	4
14959381978846281560	4439
6803277903585606979	2
7705935817228296251	148
12914400660408699164	32
5150431348063787621	82
10101672660251659992	3
16521459642362232022	179
1046054614886979753	1
4635518062956224989	3
3818397132521042893	2686
282752055507008029	16
3189201026117956244	14
10929911737814395193	13
3759156835682729812	9436
10271793482459324637	6152
5277524149112169641	17614
1140289405445336172	1
17589692938550979999	211
15956629173224764414	8092
8691223518842382730	43
3347300578712239395	1722
18123319302174925260	478
14264990904458446389	1642
4316549108570728176	116
13175349840864545651	1
3204177639795900292	594
2478415769802903406	7
12844430528692352236	17
1231673517208038180	714
10713861532789914653	1
17082648980431728586	1
14983400667668746610	1
2158136191962636970	3
2775995662350682578	38679
5424383161775227476	10
10777008743135388222	5949
14679513750249384000	284
1566062093413574486	220
6964787724053712865	4
1922234497290346932	112
3653892079820901675	1
16990941011926217808	1
17722561527208964745	1
11960703176493635214	2
14919210410775611834	533
16126786591394454495	11
10164128360392794749	15215
12036621588797578869	1
11579918678452313654	1
10425969040800067688	1
8528341246569708367	1
9462995031450579446	3
9192566299684058158	73
5782455398561265490	14
16982692341561336477	1
10447200310328820182	36
6551343510685992237	144591
2441418305957370669	0
9777281779428300381	486
2339919251366847733	111
8518149959616692323	1
16250496280582258602	6
1272124458737796138	11310
15967614076197273187	1
8055181292275020113	1
4916227068636457871	10
13127362883797918472	272
7800544365816688094	6532
15135243145055998075	2
2664061050485064306	233786
15393073045551169844	1
3234066451312768292	19140
6755105776640994718	0
4555185395906817642	3
4562680647897053689	1
2706429478053052378	1260
3648544650773898079	10
2448723157548941868	1
7349322161827849382	1724
2326659539892843830	2228
18036041039405967088	1
10393213462013636438	15848
2123622117750322006	1
5657733787832458726	1
12652486433737513735	2607
17160870048539544689	7564
17765257550616727922	4247
12012514675277256763	1271253
8421285723631986715	10
4152768417787072093	1
13158017541250587969	10801
18204041595037360489	1533
11709410360967872068	6
12228103640508809689	11
7426300282905957804	7
1468288098773310718	3359
4099215541838722040	1
7647007101098981890	559
18181601391678124481	41
8044148557478447986	544
1821731412135222519	923
2547324707190943501	131
3913606754060529547	2929
18263375451542399012	1
9564609876395291404	1375
1385824968548066420	1
8626732731631488867	10434
608063113683157425	15
4378313318048155816	2414
10630528194937226122	1
6369587668002236491	1
94640681959044466	2
6885237759606802103	24323
10806377360054040984	1014
17404387837859186388	3
3970573956498896351	2818
9282568995803436317	623
14067280797494778114	2
15664559044956829421	7854
14055834279946838117	1
7928840083628873848	1
246411785414983176	1
12677365828851426541	1
7205248195166849336	1
2766639514158721733	14
17185392271570576684	59816
14977089520993892069	53979
11579918836911740349	26
12620163042275462116	1
7404585369031103445	4876
15439031951152977854	285237
6068786341124514403	1
8897330242547102963	3
421587281638330195	4
2127762309139092376	1
2108337096174340264	40
10475941941554087098	3313
12776387962160598130	1
7070285490840050672	158218
9381250138181218589	13
8764318277801545009	5
8732868984938397020	3
12751499948607843167	554
13858944315322334829	22
7702107043026136954	2
15916669824400289151	1
7570441820253796949	32
17936488328529686932	2
3311587802357214173	1645
5569087062165749146	7
10994339120162491930	148
3952082287808045576	1
10581090877115865532	1
4970133533107952359	445
16236636648739236794	41120
12194291664237091477	682707
14807182258536860603	8
15733988042988941066	18
4754624073581599430	4
6216644351645594828	77
11609149553634088673	40
7751048819380263766	4548
1555524682800599024	1
6926963911039056356	3549
5308511569001496677	1
5846330070620673643	38
18077274123218481514	5
13835284665930558401	767
9692241021279862873	1
14837384867962998576	1679
16485861164588077107	1
13264552458292859916	11735
7867907964544831074	296
15682751778116422373	445782
4260196262857866745	1
17952808749578943752	2
10778296436224109374	10
12130246021970351085	1
4298677077238876815	203
13550164289228057030	556
13677699305866058850	3
6540693899920900706	3
17330163727619199146	1433
16619249241809186545	552328
1036144843123767090	8
13436842877548859749	262
1909835859930196835	1
6004421824194462112	453
17246115124067728761	28180
11967827459635047599	2
8666631333097736550	12
8659553796856044586	17614
13772885443206963436	4416
13276706484533085223	3
17802260731490501322	5
36670318858315300	8612
13158797448716242997	3
10124363945144880255	430
7592941233270138027	8216
765981814588824722	1
4863510451656579786	2
2055037992644267851	160
17676484907720439967	2
16326117511533985443	38
6101903033773621132	12114
4022168889664846246	25
5152129809731960070	12
8884305450030492796	47
7954947139097929203	25
1587082544953135834	15
5582464074682156977	3420
9439017442526740230	76
12095403831542447252	66563
8830968905717382008	19
1477495171935838817	1
8011843172552707830	14
7033225739622462989	699
9944821817215558081	54
12569950670633507679	1
5256625072623515790	21473
11425028515797198130	2630296
16594720214913000721	5
1810267317378235628	29534
15594011418598514294	132
5185172986354462997	21
13789820575367906135	341804
14118399866567313382	1
6938318957233673211	5
17288583996750712726	301
14244519125891956010	3852
8859074630020186816	1
14853511605032784735	1
13240018215708095021	182
918838477050521106	34
9290413720891196374	1
2165845948927755192	1414
5554225921457421780	86
6317766799195533121	1
15694571485824746284	358
7889825127649328746	1
14926044705486855868	1
13356968587698757648	1
7116491764296922932	1002
7380861461885737801	3
14308724315017010593	1
15217451505168046025	9775
1246428267477847770	445
2239992306219651399	9
14876353531260202657	1
10745904347774402816	5
5181693029746246541	1
12004376248944485672	8
16474904266025209739	318037
3357144971319716237	9436
5099297659296275443	3000
8821844400134791696	10613
12049835794893681578	727
1415668572499149615	1
9122624054311145327	169
7518661318835686991	655
7376751257796369558	5
5474310711348415362	12
10686387431517322107	3
18254888953427234463	1014
16426783152747285697	39
4275974512880747814	11
18187557531766429737	35
5657544582161953123	1
619873566745148039	1
2504061206833900439	43
12022904833285540757	13
3340692345726090631	3
8008006936138758844	2
13879975516701578964	131004
14078821942858043106	7
11027113919101815593	182
3118768651107109874	3
17793183287180455142	2
4415216241815419842	3
15026946781324831432	14834457
7579550311482859547	7038194
17918840657442492483	1
13193882487597923670	2
17831853661201700088	13281
1088299468385181191	1
4179877197876404506	2
1239384951867322218	373
4249794744554996012	2
6541491998791985381	2
988309993858511425	19
924584369772954297	382
8664651457393545139	1
5615948250873127393	3
17641485227770719626	226
16115837775009832155	4
13559580407779096720	1
3650830026868028815	3322
14956539703478099844	2
4076010760244303029	50
9484541511318957360	4388
12425061775776656664	1970380
16910040176430920751	14
9895965477715694175	31056
9683567210868570019	156
16701734759877189368	6921
16610359383517408107	1
4315430681179943711	19
8508138783248664915	626971
7438872926310391006	377489
5436670951839445166	106
5164542701932862914	1
3888413335751086549	1
6201670546728729470	1
7985825949187899419	26650
17219728357068124623	3
7976416281818904358	57
17492964573102560568	4524
11459042186300748599	1
16390605428809321277	3078
3841972076268232209	3860
4841187335249360264	5
17697745603474663531	4
6740658932732258881	2
5111665745497317255	986
17168655995105766689	1
5801730458824895218	1
8456128440944114781	31
7420366689861588887	41
2915707218359007467	218
573335601350846392	6
18371512675195067480	1
349667232050536549	1
13934877737394687823	74
9161760501047763975	71294
8677748002813823637	1
12462912153570841830	11
4418302820495579713	0
15774429365306236197	426
3325340097070412183	26
14776245239605430220	2102
12344385521663006571	116
12941123372800899232	772581
15026094562235564547	1042377
2482792510918779428	1
593878078509715483	1
17352097022784835225	22
10790948231213924607	1
18331101182473175964	176
10244506431816209208	1
6027201485202090028	2
18341112168080591380	10
3191344012299926069	5
11365701018542557852	573
5266935854507971797	19
17230080673059627904	3
11786319485428393355	2
12851364515776276051	1
8697553950341089186	1499999
14403647706293083119	3
17394972781242389732	152
13653395317012081188	36228643
1428260210486890732	2
12274338220155075032	1
781654251271247624	1
8762118678402039019	1
2112026475378959230	40
13335831431959015667	1
11886302883513603258	3
2825213906733634649	2
297358615302723653	261
16703331659912653424	892855
7930601067105806135	1
9037441536339600037	15644
15087536873529915109	1722
5237932085797796280	2372
13484812505860028364	125
4987307075343402867	16367
7217914527088504823	10021
14196061612804633231	742506
7689007146263606494	130064
6886554187292979254	1
7468157786912352946	1
15319186141201092700	3
9705117945153405767	15
6070861745657447159	29
371070062796048892	11860
13704448692488935956	448969
4532537788484892915	1
5785436517421882424	1
12166924363642598392	1
8967180326526128072	0
3116637738625357163	6
14893406651755365290	1
384541925856502403	3
6412628698490384109	1
401869418455870325	1
8755166724590550139	17
12065316197202690701	61
3034560060096527072	2
3285295344369714942	14009
8880978833737258414	1
64285897283070861	517682
4586705959441046066	1
2581863871719750937	184
17627577806859517685	149
12188281313839248741	1569
9865728370123576183	8
13371953406879230846	1
405292544824102462	1
16804868337958384321	6
11983807539017745303	14
12708870709454157141	1
786526378580935550	1
15293216954762239754	12
16139352258060345633	1
15851207031340162186	4435
14280735828369901427	2
10523235831814013557	2
11890884550537577435	1
4665737669574452861	38
13474478928041637843	11
12439646415871400010	34
18070720121845257265	3
11217548573003165995	58262
9924208750977017014	3
3418474204051975906	6732
16533629039679904498	3931
16344780866834949856	1
6307366374972632440	4
1906044752549646122	12
3708609556172203419	1
6341540938812019692	7919
4713208716546345596	24307
8336271074015846130	1
16178974635050458594	13
7039783018543216173	1790
2441554830882640642	1
1411398225133605374	35319
7654195744467910779	1
3931523132990800417	1
15811393189389365413	4068
11936257906440261270	1
7537083791712438247	860720
2595604318817628022	0
15632700327560456387	281
1217724566871946153	2
15544219449953013979	81234
5855682065529761282	698
2783239625436616621	2
9288158797479000592	3
6158156450545412818	1
23572696029215329	8
16960908746355151675	1
13769899512428398371	9718
838864046051866409	3
10025259134265710609	2
2947513037382537939	397
864970560797817343	2
14239144741907715635	1
1784265112339260282	4
6533088117128030017	2477139
14845414342478185144	487
12596542509630414145	9718
9156775170439510213	41
464709225344417667	3397
1872311143834831447	1
16923041112792516120	1
5619979994040486488	5
153211596405366187	483
12788161388337296804	2524
3622964983901235070	1
6098597900491170841	12
15237154418653516226	435
14103061966006050655	169
11245365216299826180	1
7360681343353144699	1
1513965807740823994	207
10930533686159720385	2527
4911201771029938833	39917
1147405119576447016	4
2828682089712502892	3
7352361462316096978	2
4121320544957015780	1586
6092932681808262723	3
10519582482082892900	148
15612617017875062968	14
15403749663117994845	9853
12963083309460596040	396
6098582970327318161	2
14442202593310715951	18
1412830181342382990	2766
970659761809197713	6036
1886317478031278592	1
14931316403212990493	9
4837535414798294251	5
17176513778668147487	349
13562505352245393296	2
6192108477486353926	15
12081340916634972521	2
13873331411535950984	6201
3198342016333684871	1528
10509177414200119777	50
2520956509004408745	68341
8623611427178004122	0
4992332333217068528	1
13574800608827307352	156
16929366550255992610	1
17567462290909818933	1
7819244760209400131	706674
18319895519501860359	1
7785227608309926449	291451
11003630892119967340	350
3062908505676156506	2
8406422354988938186	1
3640749560174286119	4173
16835236248108032549	1
18316318461787325116	1
2411129369991175580	35
9109444323853369023	1
13216719799533554489	6641
8640477644261737191	2
6023578096046685431	1
14648164289682226507	1
16225907480955807383	212
12088415305021336235	1122
2049313175958780030	875
